2026-03-09 19:17:07 [INFO] Application initializing...
2026-03-09 19:17:07 [INFO] Installing frontend requirements
2026-03-09 19:17:10 [INFO] Frontend requirements installation completed
2026-03-09 19:17:10 [INFO] Starting local server and installing requirements for backend
2026-03-09 19:17:13 [INFO] Waiting for local server to start...
2026-03-09 19:17:15 [INFO] Server health check successful: Uptime 0,9 seconds, Memory 64,17 MB, PID 161524, Processes 2
2026-03-09 19:17:15 [INFO] Local server started and backend requirements installation complete
2026-03-09 19:17:15 [INFO] Loading downloaded medias from C:\Users\brand\RiderProjects\PyScrapper\PyScrapperDesktopApp\data\downloadedMedias.json
2026-03-09 19:17:15 [INFO] Loaded 2 downloaded medias from C:\Users\brand\RiderProjects\PyScrapper\PyScrapperDesktopApp\data\downloadedMedias.json
2026-03-09 19:17:15 [INFO] Application started with 2 listed medias and 2 playable medias | deleted 0 medias
2026-03-09 19:17:33 [INFO] Download successful for URL: "asdasdasd", saved to: Request received for download, you can view progress under /download/progress/cf7a70ef-3b14-4802-83b7-15ad34e49db8
2026-03-09 19:17:54 [INFO] Saving 3 downloaded medias to C:\Users\brand\RiderProjects\PyScrapper\PyScrapperDesktopApp\data\downloadedMedias.json
2026-03-09 19:17:54 [INFO] Downloaded medias saved successfully
2026-03-09 19:17:54 [INFO] Shutting down local server...
2026-03-09 19:17:54 [INFO] Local server is shutdown
2026-03-09 19:25:34 [INFO] Application initializing...
2026-03-09 19:25:34 [INFO] Installing frontend requirements
2026-03-09 19:25:38 [INFO] Frontend requirements installation completed
2026-03-09 19:25:38 [INFO] Starting local server and installing requirements for backend
2026-03-09 19:25:41 [INFO] Server health check successful: Uptime 0,3 seconds, Memory 63,75 MB, PID 142768, Processes 2
2026-03-09 19:25:41 [INFO] Local server started and backend requirements installation complete
2026-03-09 19:25:41 [INFO] Loading downloaded medias from C:\Users\brand\RiderProjects\PyScrapper\PyScrapperDesktopApp\data\downloadedMedias.json
2026-03-09 19:25:41 [INFO] Loaded 3 downloaded medias from C:\Users\brand\RiderProjects\PyScrapper\PyScrapperDesktopApp\data\downloadedMedias.json
2026-03-09 19:25:41 [INFO] Application started with 3 listed medias and 2 playable medias | deleted 0 medias
2026-03-09 19:25:44 [ERROR] An error occurred while trying to play the media: Media not found
2026-03-09 19:26:06 [INFO] Search successful for query: "hand of blood", found 10 results
2026-03-09 19:26:13 [INFO] Download successful for URL: "https://www.youtube.com/watch?v=9e6tTfw_4jY", saved to: Request received for download, you can view progress under /download/progress/cdb455cb-07be-49dd-9e46-35ec0fe81fae
2026-03-09 19:28:45 [INFO] Saving 3 downloaded medias to C:\Users\brand\RiderProjects\PyScrapper\PyScrapperDesktopApp\data\downloadedMedias.json
2026-03-09 19:28:45 [INFO] Downloaded medias saved successfully
2026-03-09 19:28:45 [INFO] Shutting down local server...
2026-03-09 19:28:45 [INFO] Local server is shutdown
2026-03-09 19:28:51 [INFO] Application initializing...
2026-03-09 19:28:51 [INFO] Installing frontend requirements
2026-03-09 19:28:54 [INFO] Frontend requirements installation completed
2026-03-09 19:28:54 [INFO] Starting local server and installing requirements for backend
2026-03-09 19:28:57 [INFO] Server health check successful: Uptime 0,35 seconds, Memory 63,67 MB, PID 161616, Processes 2
2026-03-09 19:28:57 [INFO] Local server started and backend requirements installation complete
2026-03-09 19:28:57 [INFO] Loading downloaded medias from C:\Users\brand\RiderProjects\PyScrapper\PyScrapperDesktopApp\data\downloadedMedias.json
2026-03-09 19:28:58 [INFO] Loaded 3 downloaded medias from C:\Users\brand\RiderProjects\PyScrapper\PyScrapperDesktopApp\data\downloadedMedias.json
2026-03-09 19:28:58 [WARNING] Media with id 3 removed from the list because it does not exist
2026-03-09 19:28:58 [INFO] Application started with 2 listed medias and 2 playable medias | deleted 1 medias
2026-03-09 19:29:06 [INFO] Search successful for query: "kjsdahgbfujh", found 1 results
2026-03-09 19:29:09 [INFO] Download successful for URL: "https://www.youtube.com/watch?v=ndLX3dEbUlg", saved to: Request received for download, you can view progress under /download/progress/a442231c-0827-4c96-afc0-51d2b751e04b
2026-03-09 19:29:13 [INFO] Saving 2 downloaded medias to C:\Users\brand\RiderProjects\PyScrapper\PyScrapperDesktopApp\data\downloadedMedias.json
2026-03-09 19:29:13 [INFO] Downloaded medias saved successfully
2026-03-09 19:29:13 [INFO] Shutting down local server...
2026-03-09 19:29:13 [INFO] Local server is shutdown
2026-03-09 19:35:39 [INFO] Application initializing...
2026-03-09 19:35:39 [INFO] Installing frontend requirements
2026-03-09 19:35:42 [INFO] Frontend requirements installation completed
2026-03-09 19:35:42 [INFO] Starting local server and installing requirements for backend
2026-03-09 19:35:45 [INFO] Waiting for local server to start...
2026-03-09 19:35:48 [INFO] Waiting for local server to start...
2026-03-09 19:35:51 [INFO] Waiting for local server to start...
2026-03-09 19:35:54 [INFO] Waiting for local server to start...
2026-03-09 19:35:57 [INFO] Waiting for local server to start...
2026-03-09 19:36:00 [INFO] Server health check successful: Uptime 0,14 seconds, Memory 64,21 MB, PID 162428, Processes 2
2026-03-09 19:36:00 [INFO] Local server started and backend requirements installation complete
2026-03-09 19:36:00 [INFO] Loading downloaded medias from C:\Users\brand\RiderProjects\PyScrapper\PyScrapperDesktopApp\data\downloadedMedias.json
2026-03-09 19:36:00 [INFO] Loaded 2 downloaded medias from C:\Users\brand\RiderProjects\PyScrapper\PyScrapperDesktopApp\data\downloadedMedias.json
2026-03-09 19:36:00 [INFO] Application started with 2 listed medias and 2 playable medias | deleted 0 medias
2026-03-09 19:36:07 [INFO] Search successful for query: "asdasd", found 1 results
2026-03-09 19:36:09 [INFO] Download successful for URL: "https://www.youtube.com/watch?v=Ib9ijFp6uqc", saved to: Request received for download, you can view progress under /download/progress/afb98946-d35e-4f01-a408-8c56a5993f60
2026-03-09 19:36:17 [INFO] Saving 2 downloaded medias to C:\Users\brand\RiderProjects\PyScrapper\PyScrapperDesktopApp\data\downloadedMedias.json
2026-03-09 19:36:17 [INFO] Downloaded medias saved successfully
2026-03-09 19:36:17 [INFO] Shutting down local server...
2026-03-09 19:36:17 [INFO] Local server is shutdown
2026-03-09 20:33:20 [INFO] Application initializing...
2026-03-09 20:33:20 [INFO] Installing frontend requirements
2026-03-09 20:33:24 [INFO] Frontend requirements installation completed
2026-03-09 20:33:24 [INFO] Starting local server and installing requirements for backend
2026-03-09 20:33:28 [INFO] Waiting for local server to start...
2026-03-09 20:33:31 [INFO] Waiting for local server to start...
2026-03-09 20:33:34 [INFO] Waiting for local server to start...
2026-03-09 20:33:37 [INFO] Waiting for local server to start...
2026-03-09 20:33:40 [INFO] Waiting for local server to start...
2026-03-09 20:33:43 [INFO] Server health check successful: Uptime 0,45 seconds, Memory 64 MB, PID 142288, Processes 2
2026-03-09 20:33:43 [INFO] Local server started and backend requirements installation complete
2026-03-09 20:33:43 [INFO] Loading downloaded medias from C:\Users\brand\RiderProjects\PyScrapper\PyScrapperDesktopApp\data\downloadedMedias.json
2026-03-09 20:33:43 [INFO] Loaded 2 downloaded medias from C:\Users\brand\RiderProjects\PyScrapper\PyScrapperDesktopApp\data\downloadedMedias.json
2026-03-09 20:33:43 [INFO] Application started with 2 listed medias and 2 playable medias | deleted 0 medias
2026-03-09 20:33:46 [INFO] Saving 2 downloaded medias to C:\Users\brand\RiderProjects\PyScrapper\PyScrapperDesktopApp\data\downloadedMedias.json
2026-03-09 20:33:46 [INFO] Downloaded medias saved successfully
2026-03-09 20:33:46 [INFO] Shutting down local server...
2026-03-09 20:33:46 [INFO] Local server is shutdown
2026-03-09 20:35:05 [INFO] Application initializing...
2026-03-09 20:35:05 [INFO] Installing frontend requirements
2026-03-09 20:35:08 [INFO] Frontend requirements installation completed
2026-03-09 20:35:08 [INFO] Starting local server and installing requirements for backend
2026-03-09 20:35:11 [INFO] Waiting for local server to start...
2026-03-09 20:35:14 [INFO] Waiting for local server to start...
2026-03-09 20:35:17 [INFO] Waiting for local server to start...
2026-03-09 20:35:20 [INFO] Waiting for local server to start...
2026-03-09 20:35:23 [INFO] Waiting for local server to start...
2026-03-09 20:35:26 [INFO] Server health check successful: Uptime 0,08 seconds, Memory 63,88 MB, PID 158480, Processes 2
2026-03-09 20:35:26 [INFO] Local server started and backend requirements installation complete
2026-03-09 20:35:26 [INFO] Loading downloaded medias from C:\Users\brand\RiderProjects\PyScrapper\PyScrapperDesktopApp\data\downloadedMedias.json
2026-03-09 20:35:26 [INFO] Loaded 2 downloaded medias from C:\Users\brand\RiderProjects\PyScrapper\PyScrapperDesktopApp\data\downloadedMedias.json
2026-03-09 20:35:26 [INFO] Application started with 2 listed medias and 2 playable medias | deleted 0 medias
2026-03-09 20:35:28 [INFO] Saving 2 downloaded medias to C:\Users\brand\RiderProjects\PyScrapper\PyScrapperDesktopApp\data\downloadedMedias.json
2026-03-09 20:35:28 [INFO] Downloaded medias saved successfully
2026-03-09 20:35:28 [INFO] Shutting down local server...
2026-03-09 20:35:28 [INFO] Local server is shutdown
2026-03-09 20:57:58 [INFO] Saving 0 downloaded medias to C:\Users\brand\AppData\Local\Temp\test_empty_010c8db0-2fd0-4fce-b94f-24e3e9b6d64c.json
2026-03-09 20:57:58 [WARNING] Data file C:\Users\brand\AppData\Local\Temp\test_empty_010c8db0-2fd0-4fce-b94f-24e3e9b6d64c.json does not exist, creating new file and directories
2026-03-09 20:57:58 [INFO] Downloaded medias saved successfully
2026-03-09 20:57:58 [INFO] Loading downloaded medias from C:\Users\brand\AppData\Local\Temp\test_empty_010c8db0-2fd0-4fce-b94f-24e3e9b6d64c.json
2026-03-09 20:57:58 [INFO] Loaded 0 downloaded medias from C:\Users\brand\AppData\Local\Temp\test_empty_010c8db0-2fd0-4fce-b94f-24e3e9b6d64c.json
2026-03-09 20:57:58 [INFO] Saving 1 downloaded medias to C:\Users\brand\AppData\Local\Temp\test_dir_c8bea755-2149-40af-a1a5-d178eee11321\medias.json
2026-03-09 20:57:58 [WARNING] Data file C:\Users\brand\AppData\Local\Temp\test_dir_c8bea755-2149-40af-a1a5-d178eee11321\medias.json does not exist, creating new file and directories
2026-03-09 20:57:58 [INFO] Downloaded medias saved successfully
2026-03-09 20:57:58 [INFO] Loading downloaded medias from C:\Users\brand\AppData\Local\Temp\non_existent_file_12345.json
2026-03-09 20:57:58 [WARNING] No downloaded medias found at C:\Users\brand\AppData\Local\Temp\non_existent_file_12345.json, starting with empty collection
2026-03-09 20:57:58 [INFO] Saving 2 downloaded medias to C:\Users\brand\AppData\Local\Temp\test_medias_0edc7ed1-6689-4042-9f3b-852655bd748e.json
2026-03-09 20:57:58 [WARNING] Data file C:\Users\brand\AppData\Local\Temp\test_medias_0edc7ed1-6689-4042-9f3b-852655bd748e.json does not exist, creating new file and directories
2026-03-09 20:57:58 [INFO] Downloaded medias saved successfully
2026-03-09 20:57:58 [INFO] Loading downloaded medias from C:\Users\brand\AppData\Local\Temp\test_medias_0edc7ed1-6689-4042-9f3b-852655bd748e.json
2026-03-09 20:57:58 [INFO] Loaded 2 downloaded medias from C:\Users\brand\AppData\Local\Temp\test_medias_0edc7ed1-6689-4042-9f3b-852655bd748e.json
2026-03-10 17:02:24 [INFO] Application initializing...
2026-03-10 17:02:24 [INFO] Installing frontend requirements
2026-03-10 17:02:26 [INFO] Frontend requirements installation completed
2026-03-10 17:02:27 [INFO] Starting local server and installing requirements for backend
2026-03-10 17:02:30 [INFO] Server health check successful: Uptime 0,29 seconds, Memory 64,51 MB, PID 138704, Processes 2
2026-03-10 17:02:30 [INFO] Local server started and backend requirements installation complete
2026-03-10 17:02:31 [INFO] Loading downloaded medias from C:\Users\brand\RiderProjects\PyScrapper\PyScrapperDesktopApp\data\downloadedMedias.json
2026-03-10 17:02:31 [INFO] Loaded 2 downloaded medias from C:\Users\brand\RiderProjects\PyScrapper\PyScrapperDesktopApp\data\downloadedMedias.json
2026-03-10 17:02:31 [INFO] Application started with 2 listed medias and 2 playable medias | deleted 0 medias
2026-03-10 17:03:13 [INFO] Search successful for query: "Linkin Park", found 10 results
2026-03-10 17:03:27 [INFO] Server received request and sent message: Request received for download, you can view progress under /download/progress/d1e790d7-0e8c-486e-a542-e959b4fb93c9
2026-03-10 17:03:30 [INFO] Download progress for ID: "d1e790d7-0e8c-486e-a542-e959b4fb93c9": downloading..., 0%, 0 MB/s
2026-03-10 17:03:31 [INFO] Download progress for ID: "d1e790d7-0e8c-486e-a542-e959b4fb93c9": downloading..., 0%, 0 MB/s
2026-03-10 17:03:31 [INFO] Server received request and sent message: Request received for download, you can view progress under /download/progress/fb2ca05a-368f-4a53-8c88-ac1f11ad6c2e
2026-03-10 17:03:32 [INFO] Download progress for ID: "d1e790d7-0e8c-486e-a542-e959b4fb93c9": processing, 100%, 8,74 MB/s
2026-03-10 17:03:33 [INFO] Download progress for ID: "d1e790d7-0e8c-486e-a542-e959b4fb93c9": processing, 100%, 8,74 MB/s
2026-03-10 17:03:33 [INFO] Download progress for ID: "fb2ca05a-368f-4a53-8c88-ac1f11ad6c2e": downloading..., 0%, 0 MB/s
2026-03-10 17:03:34 [INFO] Download progress for ID: "d1e790d7-0e8c-486e-a542-e959b4fb93c9": complete, 100%, 8,74 MB/s
2026-03-10 17:03:34 [INFO] Download progress for ID: "fb2ca05a-368f-4a53-8c88-ac1f11ad6c2e": downloading, 7%, 3,29 MB/s
2026-03-10 17:03:34 [INFO] Server received request and sent message: Request received for download, you can view progress under /download/progress/240cc1c5-8330-47e0-af8c-d12fca716858
2026-03-10 17:03:35 [INFO] Download progress for ID: "fb2ca05a-368f-4a53-8c88-ac1f11ad6c2e": processing, 100%, 15,23 MB/s
2026-03-10 17:03:36 [INFO] Download progress for ID: "fb2ca05a-368f-4a53-8c88-ac1f11ad6c2e": complete, 100%, 15,23 MB/s
2026-03-10 17:03:36 [INFO] Download progress for ID: "240cc1c5-8330-47e0-af8c-d12fca716858": downloading..., 0%, 0 MB/s
2026-03-10 17:03:37 [INFO] Download progress for ID: "fb2ca05a-368f-4a53-8c88-ac1f11ad6c2e": complete, 100%, 15,23 MB/s
2026-03-10 17:03:37 [INFO] Download progress for ID: "240cc1c5-8330-47e0-af8c-d12fca716858": downloading..., 0%, 0 MB/s
2026-03-10 17:03:38 [INFO] Download progress for ID: "240cc1c5-8330-47e0-af8c-d12fca716858": downloading..., 0%, 0 MB/s
2026-03-10 17:03:39 [INFO] Download progress for ID: "240cc1c5-8330-47e0-af8c-d12fca716858": processing, 100%, 11,92 MB/s
2026-03-10 17:03:57 [INFO] audio player opened eVTXPUF4Oz4.mp3
2026-03-10 17:03:57 [INFO] audio player started playing
2026-03-10 17:04:27 [INFO] audio player disposed
2026-03-10 17:05:10 [INFO] Saving 5 downloaded medias to C:\Users\brand\RiderProjects\PyScrapper\PyScrapperDesktopApp\data\downloadedMedias.json
2026-03-10 17:05:10 [INFO] Downloaded medias saved successfully
2026-03-10 17:05:10 [INFO] Shutting down local server...
2026-03-10 17:05:10 [INFO] Local server is shutdown
2026-03-10 17:15:22 [INFO] Application initializing...
2026-03-10 17:15:22 [INFO] Installing frontend requirements
2026-03-10 17:15:24 [INFO] Frontend requirements installation completed
2026-03-10 17:15:24 [INFO] Starting local server and installing requirements for backend
2026-03-10 17:15:27 [INFO] Waiting for local server to start...
2026-03-10 17:15:29 [INFO] Server health check successful: Uptime 0,65 seconds, Memory 64,23 MB, PID 147088, Processes 2
2026-03-10 17:15:29 [INFO] Local server started and backend requirements installation complete
2026-03-10 17:15:29 [INFO] Loading downloaded medias from C:\Users\brand\RiderProjects\PyScrapper\PyScrapperDesktopApp\data\downloadedMedias.json
2026-03-10 17:15:29 [INFO] Loaded 5 downloaded medias from C:\Users\brand\RiderProjects\PyScrapper\PyScrapperDesktopApp\data\downloadedMedias.json
2026-03-10 17:15:29 [INFO] Application started with 5 listed medias and 5 playable medias | deleted 0 medias
2026-03-10 17:15:44 [INFO] Saving 5 downloaded medias to C:\Users\brand\RiderProjects\PyScrapper\PyScrapperDesktopApp\data\downloadedMedias.json
2026-03-10 17:15:44 [INFO] Downloaded medias saved successfully
2026-03-10 17:15:44 [INFO] Shutting down local server...
2026-03-10 17:15:44 [INFO] Local server is shutdown
2026-03-10 17:26:28 [INFO] Application initializing...
2026-03-10 17:26:28 [INFO] Installing frontend requirements
2026-03-10 17:26:30 [INFO] Frontend requirements installation completed
2026-03-10 17:26:30 [INFO] Starting local server and installing requirements for backend
2026-03-10 17:26:33 [INFO] Server health check successful: Uptime 0,19 seconds, Memory 64,09 MB, PID 163256, Processes 2
2026-03-10 17:26:33 [INFO] Local server started and backend requirements installation complete
2026-03-10 17:26:33 [INFO] Loading downloaded medias from C:\Users\brand\RiderProjects\PyScrapper\PyScrapperDesktopApp\data\downloadedMedias.json
2026-03-10 17:26:33 [INFO] Loaded 5 downloaded medias from C:\Users\brand\RiderProjects\PyScrapper\PyScrapperDesktopApp\data\downloadedMedias.json
2026-03-10 17:26:33 [INFO] Application started with 5 listed medias and 5 playable medias | deleted 0 medias
2026-03-10 17:27:00 [INFO] Server health check successful: Uptime 27,31 seconds, Memory 67,86 MB, PID 163256, Processes 2
2026-03-10 17:27:13 [INFO] audio player opened 8sgycukafqQ.mp3
2026-03-10 17:27:13 [INFO] audio player started playing
2026-03-10 17:27:26 [INFO] audio player disposed
2026-03-10 17:27:28 [INFO] audio player opened LYU-8IFcDPw.mp3
2026-03-10 17:27:28 [INFO] audio player started playing
2026-03-10 17:27:43 [INFO] audio player disposed
2026-03-10 17:27:57 [INFO] audio player opened LYU-8IFcDPw.mp3
2026-03-10 17:27:57 [INFO] audio player started playing
2026-03-10 17:28:02 [INFO] audio player disposed
2026-03-10 17:28:26 [INFO] Saving 5 downloaded medias to C:\Users\brand\RiderProjects\PyScrapper\PyScrapperDesktopApp\data\downloadedMedias.json
2026-03-10 17:28:26 [INFO] Downloaded medias saved successfully
2026-03-10 17:28:26 [INFO] Shutting down local server...
2026-03-10 17:28:26 [INFO] Local server is shutdown
2026-03-10 19:09:32 [INFO] Application initializing...
2026-03-10 19:09:32 [INFO] Installing frontend requirements
2026-03-10 19:09:34 [INFO] Frontend requirements installation completed
2026-03-10 19:09:34 [INFO] Starting local server and installing requirements for backend
2026-03-10 19:09:37 [INFO] Server health check successful: Uptime 0,3 seconds, Memory 64,07 MB, PID 152260, Processes 2
2026-03-10 19:09:37 [INFO] Local server started and backend requirements installation complete
2026-03-10 19:09:37 [INFO] Loading downloaded medias from C:\Users\brand\RiderProjects\PyScrapper\PyScrapperDesktopApp\data\downloadedMedias.json
2026-03-10 19:09:37 [INFO] Loaded 5 downloaded medias from C:\Users\brand\RiderProjects\PyScrapper\PyScrapperDesktopApp\data\downloadedMedias.json
2026-03-10 19:09:37 [INFO] Application started with 5 listed medias and 5 playable medias | deleted 0 medias
2026-03-10 19:09:40 [INFO] Server health check successful: Uptime 3,14 seconds, Memory 67,8 MB, PID 152260, Processes 2
2026-03-10 19:09:40 [INFO] Server health check successful: Uptime 3,52 seconds, Memory 67,84 MB, PID 152260, Processes 2
2026-03-10 19:09:41 [INFO] Server health check successful: Uptime 3,87 seconds, Memory 67,89 MB, PID 152260, Processes 2
2026-03-10 19:09:41 [INFO] Server health check successful: Uptime 4,22 seconds, Memory 67,96 MB, PID 152260, Processes 2
2026-03-10 19:09:41 [INFO] Server health check successful: Uptime 4,61 seconds, Memory 68,02 MB, PID 152260, Processes 2
2026-03-10 19:09:42 [INFO] Server health check successful: Uptime 4,95 seconds, Memory 68,09 MB, PID 152260, Processes 2
2026-03-10 19:09:42 [INFO] Server health check successful: Uptime 5,33 seconds, Memory 68,16 MB, PID 152260, Processes 2
2026-03-10 19:09:42 [INFO] Server health check successful: Uptime 5,68 seconds, Memory 68,23 MB, PID 152260, Processes 2
2026-03-10 19:09:43 [INFO] Server health check successful: Uptime 6,03 seconds, Memory 68,3 MB, PID 152260, Processes 2
2026-03-10 19:09:43 [INFO] Server health check successful: Uptime 6,48 seconds, Memory 68,37 MB, PID 152260, Processes 2
2026-03-10 19:09:44 [INFO] Server health check successful: Uptime 6,88 seconds, Memory 68,44 MB, PID 152260, Processes 2
2026-03-10 19:09:44 [INFO] Server health check successful: Uptime 7,23 seconds, Memory 68,51 MB, PID 152260, Processes 2
2026-03-10 19:09:44 [INFO] Server health check successful: Uptime 7,58 seconds, Memory 68,59 MB, PID 152260, Processes 2
2026-03-10 19:09:45 [INFO] Server health check successful: Uptime 7,93 seconds, Memory 68,66 MB, PID 152260, Processes 2
2026-03-10 19:09:45 [INFO] Server health check successful: Uptime 8,28 seconds, Memory 68,73 MB, PID 152260, Processes 2
2026-03-10 19:09:45 [INFO] Server health check successful: Uptime 8,65 seconds, Memory 68,8 MB, PID 152260, Processes 2
2026-03-10 19:09:46 [INFO] Server health check successful: Uptime 9 seconds, Memory 68,87 MB, PID 152260, Processes 2
2026-03-10 19:09:46 [INFO] Server health check successful: Uptime 9,34 seconds, Memory 68,93 MB, PID 152260, Processes 2
2026-03-10 19:09:46 [INFO] Server health check successful: Uptime 9,7 seconds, Memory 69 MB, PID 152260, Processes 2
2026-03-10 19:09:47 [INFO] Server health check successful: Uptime 10,06 seconds, Memory 69,07 MB, PID 152260, Processes 2
2026-03-10 19:09:47 [INFO] Server health check successful: Uptime 10,41 seconds, Memory 69,14 MB, PID 152260, Processes 2
2026-03-10 19:09:48 [INFO] Server health check successful: Uptime 10,77 seconds, Memory 69,21 MB, PID 152260, Processes 2
2026-03-10 19:09:48 [INFO] Server health check successful: Uptime 11,13 seconds, Memory 69,28 MB, PID 152260, Processes 2
2026-03-10 19:09:48 [INFO] Server health check successful: Uptime 11,48 seconds, Memory 69,34 MB, PID 152260, Processes 2
2026-03-10 19:09:49 [INFO] Server health check successful: Uptime 11,83 seconds, Memory 69,66 MB, PID 152260, Processes 2
2026-03-10 19:09:49 [INFO] Server health check successful: Uptime 12,17 seconds, Memory 69,73 MB, PID 152260, Processes 2
2026-03-10 19:09:49 [INFO] Server health check successful: Uptime 12,53 seconds, Memory 69,8 MB, PID 152260, Processes 2
2026-03-10 19:09:50 [INFO] Server health check successful: Uptime 12,88 seconds, Memory 69,94 MB, PID 152260, Processes 2
2026-03-10 19:09:50 [INFO] Server health check successful: Uptime 13,24 seconds, Memory 70,01 MB, PID 152260, Processes 2
2026-03-10 19:09:50 [INFO] Server health check successful: Uptime 13,59 seconds, Memory 70,12 MB, PID 152260, Processes 2
2026-03-10 19:09:51 [INFO] Server health check successful: Uptime 13,95 seconds, Memory 70,18 MB, PID 152260, Processes 2
2026-03-10 19:09:51 [INFO] Server health check successful: Uptime 14,3 seconds, Memory 70,25 MB, PID 152260, Processes 2
2026-03-10 19:09:51 [INFO] Server health check successful: Uptime 14,65 seconds, Memory 70,31 MB, PID 152260, Processes 2
2026-03-10 19:09:52 [INFO] Server health check successful: Uptime 15 seconds, Memory 70,39 MB, PID 152260, Processes 2
2026-03-10 19:09:52 [INFO] Server health check successful: Uptime 15,36 seconds, Memory 70,46 MB, PID 152260, Processes 2
2026-03-10 19:09:52 [INFO] Server health check successful: Uptime 15,7 seconds, Memory 70,53 MB, PID 152260, Processes 2
2026-03-10 19:09:53 [INFO] Server health check successful: Uptime 16,06 seconds, Memory 70,59 MB, PID 152260, Processes 2
2026-03-10 19:09:53 [INFO] Server health check successful: Uptime 16,45 seconds, Memory 70,66 MB, PID 152260, Processes 2
2026-03-10 19:09:54 [INFO] Server health check successful: Uptime 16,84 seconds, Memory 70,73 MB, PID 152260, Processes 2
2026-03-10 19:09:54 [INFO] Server health check successful: Uptime 17,2 seconds, Memory 70,8 MB, PID 152260, Processes 2
2026-03-10 19:09:54 [INFO] Server health check successful: Uptime 17,54 seconds, Memory 70,88 MB, PID 152260, Processes 2
2026-03-10 19:09:55 [INFO] Server health check successful: Uptime 17,89 seconds, Memory 70,94 MB, PID 152260, Processes 2
2026-03-10 19:09:55 [INFO] Server health check successful: Uptime 18,25 seconds, Memory 71,03 MB, PID 152260, Processes 2
2026-03-10 19:09:55 [INFO] Server health check successful: Uptime 18,61 seconds, Memory 71,09 MB, PID 152260, Processes 2
2026-03-10 19:09:59 [INFO] Saving 5 downloaded medias to C:\Users\brand\RiderProjects\PyScrapper\PyScrapperDesktopApp\data\downloadedMedias.json
2026-03-10 19:09:59 [INFO] Downloaded medias saved successfully
2026-03-10 19:09:59 [INFO] Shutting down local server...
2026-03-10 19:09:59 [INFO] Local server is shutdown
2026-03-10 19:11:45 [INFO] Application initializing...
2026-03-10 19:11:45 [INFO] Installing frontend requirements
2026-03-10 19:11:47 [INFO] Frontend requirements installation completed
2026-03-10 19:11:47 [INFO] Starting local server and installing requirements for backend
2026-03-10 19:11:50 [INFO] Server health check successful: Uptime 0,36 seconds, Memory 64,21 MB, PID 152392, Processes 2
2026-03-10 19:11:50 [INFO] Local server started and backend requirements installation complete
2026-03-10 19:11:50 [INFO] Loading downloaded medias from C:\Users\brand\RiderProjects\PyScrapper\PyScrapperDesktopApp\data\downloadedMedias.json
2026-03-10 19:11:50 [INFO] Loaded 5 downloaded medias from C:\Users\brand\RiderProjects\PyScrapper\PyScrapperDesktopApp\data\downloadedMedias.json
2026-03-10 19:11:50 [INFO] Application started with 5 listed medias and 5 playable medias | deleted 0 medias
2026-03-10 19:11:59 [INFO] Saving 5 downloaded medias to C:\Users\brand\RiderProjects\PyScrapper\PyScrapperDesktopApp\data\downloadedMedias.json
2026-03-10 19:11:59 [INFO] Downloaded medias saved successfully
2026-03-10 19:11:59 [INFO] Shutting down local server...
2026-03-10 19:11:59 [INFO] Local server is shutdown
2026-03-10 19:12:20 [INFO] Application initializing...
2026-03-10 19:12:20 [INFO] Installing frontend requirements
2026-03-10 19:12:22 [INFO] Frontend requirements installation completed
2026-03-10 19:12:22 [INFO] Starting local server and installing requirements for backend
2026-03-10 19:12:25 [INFO] Server health check successful: Uptime 0,33 seconds, Memory 64,28 MB, PID 158680, Processes 2
2026-03-10 19:12:25 [INFO] Local server started and backend requirements installation complete
2026-03-10 19:12:25 [INFO] Loading downloaded medias from C:\Users\brand\RiderProjects\PyScrapper\PyScrapperDesktopApp\data\downloadedMedias.json
2026-03-10 19:12:25 [INFO] Loaded 5 downloaded medias from C:\Users\brand\RiderProjects\PyScrapper\PyScrapperDesktopApp\data\downloadedMedias.json
2026-03-10 19:12:25 [INFO] Application started with 5 listed medias and 5 playable medias | deleted 0 medias
2026-03-10 19:12:27 [INFO] Server health check successful: Uptime 3,11 seconds, Memory 67,96 MB, PID 158680, Processes 2
2026-03-10 19:12:28 [INFO] Server health check successful: Uptime 3,5 seconds, Memory 67,97 MB, PID 158680, Processes 2
2026-03-10 19:12:28 [INFO] Server health check successful: Uptime 3,87 seconds, Memory 67,98 MB, PID 158680, Processes 2
2026-03-10 19:12:28 [INFO] Server health check successful: Uptime 4,24 seconds, Memory 68,05 MB, PID 158680, Processes 2
2026-03-10 19:12:29 [INFO] Server health check successful: Uptime 4,62 seconds, Memory 68,13 MB, PID 158680, Processes 2
2026-03-10 19:12:29 [INFO] Server health check successful: Uptime 4,98 seconds, Memory 68,2 MB, PID 158680, Processes 2
2026-03-10 19:12:29 [INFO] Server health check successful: Uptime 5,33 seconds, Memory 68,27 MB, PID 158680, Processes 2
2026-03-10 19:12:30 [INFO] Server health check successful: Uptime 5,71 seconds, Memory 68,35 MB, PID 158680, Processes 2
2026-03-10 19:12:30 [INFO] Server health check successful: Uptime 6,07 seconds, Memory 68,43 MB, PID 158680, Processes 2
2026-03-10 19:12:31 [INFO] Server health check successful: Uptime 6,42 seconds, Memory 68,49 MB, PID 158680, Processes 2
2026-03-10 19:12:31 [INFO] Server health check successful: Uptime 6,78 seconds, Memory 68,57 MB, PID 158680, Processes 2
2026-03-10 19:12:31 [INFO] Server health check successful: Uptime 7,14 seconds, Memory 68,63 MB, PID 158680, Processes 2
2026-03-10 19:12:32 [INFO] Server health check successful: Uptime 7,5 seconds, Memory 68,73 MB, PID 158680, Processes 2
2026-03-10 19:12:32 [INFO] Server health check successful: Uptime 7,86 seconds, Memory 68,8 MB, PID 158680, Processes 2
2026-03-10 19:12:32 [INFO] Server health check successful: Uptime 8,22 seconds, Memory 68,87 MB, PID 158680, Processes 2
2026-03-10 19:12:33 [INFO] Server health check successful: Uptime 8,58 seconds, Memory 68,92 MB, PID 158680, Processes 2
2026-03-10 19:12:33 [INFO] Server health check successful: Uptime 8,93 seconds, Memory 68,99 MB, PID 158680, Processes 2
2026-03-10 19:12:33 [INFO] Server health check successful: Uptime 9,28 seconds, Memory 69,09 MB, PID 158680, Processes 2
2026-03-10 19:12:34 [INFO] Server health check successful: Uptime 9,63 seconds, Memory 69,16 MB, PID 158680, Processes 2
2026-03-10 19:12:34 [INFO] Server health check successful: Uptime 9,98 seconds, Memory 69,23 MB, PID 158680, Processes 2
2026-03-10 19:12:34 [INFO] Server health check successful: Uptime 10,33 seconds, Memory 69,31 MB, PID 158680, Processes 2
2026-03-10 19:12:35 [INFO] Server health check successful: Uptime 10,69 seconds, Memory 69,38 MB, PID 158680, Processes 2
2026-03-10 19:12:35 [INFO] Server health check successful: Uptime 11,05 seconds, Memory 69,45 MB, PID 158680, Processes 2
2026-03-10 19:12:36 [INFO] Server health check successful: Uptime 11,4 seconds, Memory 69,52 MB, PID 158680, Processes 2
2026-03-10 19:12:36 [INFO] Server health check successful: Uptime 11,75 seconds, Memory 69,59 MB, PID 158680, Processes 2
2026-03-10 19:12:36 [INFO] Server health check successful: Uptime 12,11 seconds, Memory 69,68 MB, PID 158680, Processes 2
2026-03-10 19:12:37 [INFO] Server health check successful: Uptime 12,46 seconds, Memory 69,77 MB, PID 158680, Processes 2
2026-03-10 19:12:37 [INFO] Server health check successful: Uptime 12,82 seconds, Memory 69,89 MB, PID 158680, Processes 2
2026-03-10 19:12:37 [INFO] Server health check successful: Uptime 13,18 seconds, Memory 69,95 MB, PID 158680, Processes 2
2026-03-10 19:12:38 [INFO] Server health check successful: Uptime 13,53 seconds, Memory 70,02 MB, PID 158680, Processes 2
2026-03-10 19:12:38 [INFO] Server health check successful: Uptime 13,9 seconds, Memory 70,08 MB, PID 158680, Processes 2
2026-03-10 19:12:38 [INFO] Server health check successful: Uptime 14,26 seconds, Memory 70,15 MB, PID 158680, Processes 2
2026-03-10 19:12:39 [INFO] Server health check successful: Uptime 14,62 seconds, Memory 70,23 MB, PID 158680, Processes 2
2026-03-10 19:12:39 [INFO] Server health check successful: Uptime 14,97 seconds, Memory 70,29 MB, PID 158680, Processes 2
2026-03-10 19:12:39 [INFO] Server health check successful: Uptime 15,32 seconds, Memory 70,36 MB, PID 158680, Processes 2
2026-03-10 19:12:40 [INFO] Server health check successful: Uptime 15,67 seconds, Memory 70,43 MB, PID 158680, Processes 2
2026-03-10 19:12:40 [INFO] Server health check successful: Uptime 16,01 seconds, Memory 70,5 MB, PID 158680, Processes 2
2026-03-10 19:12:41 [INFO] Server health check successful: Uptime 16,38 seconds, Memory 70,56 MB, PID 158680, Processes 2
2026-03-10 19:12:41 [INFO] Server health check successful: Uptime 16,75 seconds, Memory 70,64 MB, PID 158680, Processes 2
2026-03-10 19:12:41 [INFO] Server health check successful: Uptime 17,1 seconds, Memory 70,71 MB, PID 158680, Processes 2
2026-03-10 19:12:42 [INFO] Server health check successful: Uptime 17,45 seconds, Memory 70,78 MB, PID 158680, Processes 2
2026-03-10 19:12:42 [INFO] Server health check successful: Uptime 17,8 seconds, Memory 70,85 MB, PID 158680, Processes 2
2026-03-10 19:12:42 [INFO] Server health check successful: Uptime 18,19 seconds, Memory 70,92 MB, PID 158680, Processes 2
2026-03-10 19:12:43 [INFO] Server health check successful: Uptime 18,54 seconds, Memory 70,98 MB, PID 158680, Processes 2
2026-03-10 19:12:43 [INFO] Server health check successful: Uptime 18,89 seconds, Memory 71,05 MB, PID 158680, Processes 2
2026-03-10 19:12:43 [INFO] Server health check successful: Uptime 19,24 seconds, Memory 71,12 MB, PID 158680, Processes 2
2026-03-10 19:12:44 [INFO] Server health check successful: Uptime 19,61 seconds, Memory 71,2 MB, PID 158680, Processes 2
2026-03-10 19:12:44 [INFO] Server health check successful: Uptime 19,96 seconds, Memory 71,32 MB, PID 158680, Processes 2
2026-03-10 19:12:44 [INFO] Server health check successful: Uptime 20,31 seconds, Memory 71,39 MB, PID 158680, Processes 2
2026-03-10 19:12:45 [INFO] Server health check successful: Uptime 20,66 seconds, Memory 71,45 MB, PID 158680, Processes 2
2026-03-10 19:12:45 [INFO] Server health check successful: Uptime 21,01 seconds, Memory 71,53 MB, PID 158680, Processes 2
2026-03-10 19:12:46 [INFO] Server health check successful: Uptime 21,36 seconds, Memory 70,2 MB, PID 158680, Processes 2
2026-03-10 19:12:46 [INFO] Server health check successful: Uptime 21,73 seconds, Memory 70,29 MB, PID 158680, Processes 2
2026-03-10 19:12:46 [INFO] Server health check successful: Uptime 22,08 seconds, Memory 70,35 MB, PID 158680, Processes 2
2026-03-10 19:12:47 [INFO] Server health check successful: Uptime 22,44 seconds, Memory 70,41 MB, PID 158680, Processes 2
2026-03-10 19:12:47 [INFO] Server health check successful: Uptime 22,81 seconds, Memory 70,47 MB, PID 158680, Processes 2
2026-03-10 19:12:47 [INFO] Server health check successful: Uptime 23,16 seconds, Memory 70,52 MB, PID 158680, Processes 2
2026-03-10 19:12:48 [INFO] Server health check successful: Uptime 23,64 seconds, Memory 70,52 MB, PID 158680, Processes 2
2026-03-10 19:12:48 [INFO] Server health check successful: Uptime 24,04 seconds, Memory 70,52 MB, PID 158680, Processes 2
2026-03-10 19:12:49 [INFO] Server health check successful: Uptime 24,38 seconds, Memory 70,52 MB, PID 158680, Processes 2
2026-03-10 19:12:49 [INFO] Server health check successful: Uptime 24,8 seconds, Memory 70,52 MB, PID 158680, Processes 2
2026-03-10 19:12:49 [INFO] Server health check successful: Uptime 25,16 seconds, Memory 70,52 MB, PID 158680, Processes 2
2026-03-10 19:12:50 [INFO] Server health check successful: Uptime 25,52 seconds, Memory 70,52 MB, PID 158680, Processes 2
2026-03-10 19:12:50 [INFO] Server health check successful: Uptime 25,87 seconds, Memory 70,52 MB, PID 158680, Processes 2
2026-03-10 19:12:50 [INFO] Server health check successful: Uptime 26,23 seconds, Memory 70,52 MB, PID 158680, Processes 2
2026-03-10 19:12:51 [INFO] Server health check successful: Uptime 26,57 seconds, Memory 70,59 MB, PID 158680, Processes 2
2026-03-10 19:12:51 [INFO] Server health check successful: Uptime 26,93 seconds, Memory 70,65 MB, PID 158680, Processes 2
2026-03-10 19:12:51 [INFO] Server health check successful: Uptime 27,28 seconds, Memory 70,71 MB, PID 158680, Processes 2
2026-03-10 19:12:52 [INFO] Server health check successful: Uptime 27,63 seconds, Memory 70,77 MB, PID 158680, Processes 2
2026-03-10 19:12:52 [INFO] Server health check successful: Uptime 27,99 seconds, Memory 70,77 MB, PID 158680, Processes 2
2026-03-10 19:12:53 [INFO] Server health check successful: Uptime 28,33 seconds, Memory 70,77 MB, PID 158680, Processes 2
2026-03-10 19:12:53 [INFO] Server health check successful: Uptime 28,81 seconds, Memory 70,77 MB, PID 158680, Processes 2
2026-03-10 19:12:53 [INFO] Server health check successful: Uptime 29,18 seconds, Memory 70,77 MB, PID 158680, Processes 2
2026-03-10 19:12:54 [INFO] Server health check successful: Uptime 29,54 seconds, Memory 70,77 MB, PID 158680, Processes 2
2026-03-10 19:12:54 [INFO] Server health check successful: Uptime 29,9 seconds, Memory 70,77 MB, PID 158680, Processes 2
2026-03-10 19:12:54 [INFO] Server health check successful: Uptime 30,26 seconds, Memory 70,84 MB, PID 158680, Processes 2
2026-03-10 19:12:55 [INFO] Server health check successful: Uptime 30,61 seconds, Memory 70,9 MB, PID 158680, Processes 2
2026-03-10 19:12:55 [INFO] Server health check successful: Uptime 30,97 seconds, Memory 70,96 MB, PID 158680, Processes 2
2026-03-10 19:12:56 [INFO] Server health check successful: Uptime 31,32 seconds, Memory 71,03 MB, PID 158680, Processes 2
2026-03-10 19:12:56 [INFO] Server health check successful: Uptime 31,77 seconds, Memory 71,09 MB, PID 158680, Processes 2
2026-03-10 19:12:56 [INFO] Server health check successful: Uptime 32,14 seconds, Memory 71,16 MB, PID 158680, Processes 2
2026-03-10 19:12:57 [INFO] Server health check successful: Uptime 32,48 seconds, Memory 71,22 MB, PID 158680, Processes 2
2026-03-10 19:12:57 [INFO] Server health check successful: Uptime 32,86 seconds, Memory 71,29 MB, PID 158680, Processes 2
2026-03-10 19:12:57 [INFO] Server health check successful: Uptime 33,21 seconds, Memory 71,35 MB, PID 158680, Processes 2
2026-03-10 19:12:58 [INFO] Server health check successful: Uptime 33,56 seconds, Memory 71,42 MB, PID 158680, Processes 2
2026-03-10 19:12:58 [INFO] Server health check successful: Uptime 33,91 seconds, Memory 71,48 MB, PID 158680, Processes 2
2026-03-10 19:12:58 [INFO] Server health check successful: Uptime 34,26 seconds, Memory 71,55 MB, PID 158680, Processes 2
2026-03-10 19:12:59 [INFO] Server health check successful: Uptime 34,61 seconds, Memory 71,62 MB, PID 158680, Processes 2
2026-03-10 19:12:59 [INFO] Server health check successful: Uptime 34,96 seconds, Memory 71,69 MB, PID 158680, Processes 2
2026-03-10 19:12:59 [INFO] Server health check successful: Uptime 35,31 seconds, Memory 71,75 MB, PID 158680, Processes 2
2026-03-10 19:13:00 [INFO] Server health check successful: Uptime 35,66 seconds, Memory 71,82 MB, PID 158680, Processes 2
2026-03-10 19:13:00 [INFO] Server health check successful: Uptime 36,02 seconds, Memory 71,89 MB, PID 158680, Processes 2
2026-03-10 19:13:00 [INFO] Server health check successful: Uptime 36,37 seconds, Memory 71,95 MB, PID 158680, Processes 2
2026-03-10 19:13:01 [INFO] Server health check successful: Uptime 36,71 seconds, Memory 72,02 MB, PID 158680, Processes 2
2026-03-10 19:13:01 [INFO] Server health check successful: Uptime 37,07 seconds, Memory 72,08 MB, PID 158680, Processes 2
2026-03-10 19:13:02 [INFO] Server health check successful: Uptime 37,41 seconds, Memory 72,15 MB, PID 158680, Processes 2
2026-03-10 19:13:02 [INFO] Server health check successful: Uptime 37,76 seconds, Memory 72,21 MB, PID 158680, Processes 2
2026-03-10 19:13:02 [INFO] Server health check successful: Uptime 38,11 seconds, Memory 72,29 MB, PID 158680, Processes 2
2026-03-10 19:13:03 [INFO] Server health check successful: Uptime 38,45 seconds, Memory 72,36 MB, PID 158680, Processes 2
2026-03-10 19:13:03 [INFO] Server health check successful: Uptime 38,81 seconds, Memory 72,43 MB, PID 158680, Processes 2
2026-03-10 19:13:03 [INFO] Server health check successful: Uptime 39,16 seconds, Memory 72,5 MB, PID 158680, Processes 2
2026-03-10 19:13:04 [INFO] Server health check successful: Uptime 39,5 seconds, Memory 72,57 MB, PID 158680, Processes 2
2026-03-10 19:13:04 [INFO] Server health check successful: Uptime 39,84 seconds, Memory 72,64 MB, PID 158680, Processes 2
2026-03-10 19:13:04 [INFO] Server health check successful: Uptime 40,19 seconds, Memory 72,71 MB, PID 158680, Processes 2
2026-03-10 19:13:05 [INFO] Server health check successful: Uptime 40,54 seconds, Memory 72,77 MB, PID 158680, Processes 2
2026-03-10 19:13:05 [INFO] Server health check successful: Uptime 40,9 seconds, Memory 72,84 MB, PID 158680, Processes 2
2026-03-10 19:13:05 [INFO] Server health check successful: Uptime 41,27 seconds, Memory 71,36 MB, PID 158680, Processes 2
2026-03-10 19:13:06 [INFO] Saving 5 downloaded medias to C:\Users\brand\RiderProjects\PyScrapper\PyScrapperDesktopApp\data\downloadedMedias.json
2026-03-10 19:13:06 [INFO] Downloaded medias saved successfully
2026-03-10 19:13:06 [INFO] Shutting down local server...
2026-03-10 19:13:06 [INFO] Local server is shutdown
2026-03-10 19:13:53 [INFO] Application initializing...
2026-03-10 19:13:53 [INFO] Installing frontend requirements
2026-03-10 19:13:55 [INFO] Frontend requirements installation completed
2026-03-10 19:13:55 [INFO] Starting local server and installing requirements for backend
2026-03-10 19:13:58 [INFO] Server health check successful: Uptime 0,38 seconds, Memory 63,63 MB, PID 156396, Processes 2
2026-03-10 19:13:58 [INFO] Local server started and backend requirements installation complete
2026-03-10 19:13:58 [INFO] Loading downloaded medias from C:\Users\brand\RiderProjects\PyScrapper\PyScrapperDesktopApp\data\downloadedMedias.json
2026-03-10 19:13:58 [INFO] Loaded 5 downloaded medias from C:\Users\brand\RiderProjects\PyScrapper\PyScrapperDesktopApp\data\downloadedMedias.json
2026-03-10 19:13:58 [INFO] Application started with 5 listed medias and 5 playable medias | deleted 0 medias
2026-03-10 19:14:01 [INFO] Server health check successful: Uptime 3,32 seconds, Memory 67,39 MB, PID 156396, Processes 2
2026-03-10 19:14:01 [INFO] Server health check successful: Uptime 3,71 seconds, Memory 67,46 MB, PID 156396, Processes 2
2026-03-10 19:14:01 [INFO] Server health check successful: Uptime 4,09 seconds, Memory 67,53 MB, PID 156396, Processes 2
2026-03-10 19:14:02 [INFO] Server health check successful: Uptime 4,47 seconds, Memory 67,59 MB, PID 156396, Processes 2
2026-03-10 19:14:02 [INFO] Server health check successful: Uptime 4,84 seconds, Memory 67,67 MB, PID 156396, Processes 2
2026-03-10 19:14:03 [INFO] Server health check successful: Uptime 5,18 seconds, Memory 67,73 MB, PID 156396, Processes 2
2026-03-10 19:14:03 [INFO] Server health check successful: Uptime 5,55 seconds, Memory 67,82 MB, PID 156396, Processes 2
2026-03-10 19:14:03 [INFO] Server health check successful: Uptime 5,92 seconds, Memory 67,89 MB, PID 156396, Processes 2
2026-03-10 19:14:04 [INFO] Server health check successful: Uptime 6,26 seconds, Memory 67,95 MB, PID 156396, Processes 2
2026-03-10 19:14:04 [INFO] Server health check successful: Uptime 6,7 seconds, Memory 68,05 MB, PID 156396, Processes 2
2026-03-10 19:14:04 [INFO] Server health check successful: Uptime 7,05 seconds, Memory 68,12 MB, PID 156396, Processes 2
2026-03-10 19:14:05 [INFO] Server health check successful: Uptime 7,41 seconds, Memory 68,19 MB, PID 156396, Processes 2
2026-03-10 19:14:05 [INFO] Server health check successful: Uptime 7,76 seconds, Memory 68,27 MB, PID 156396, Processes 2
2026-03-10 19:14:05 [INFO] Server health check successful: Uptime 8,1 seconds, Memory 68,35 MB, PID 156396, Processes 2
2026-03-10 19:14:06 [INFO] Server health check successful: Uptime 8,45 seconds, Memory 68,42 MB, PID 156396, Processes 2
2026-03-10 19:14:06 [INFO] Server health check successful: Uptime 8,83 seconds, Memory 68,48 MB, PID 156396, Processes 2
2026-03-10 19:14:07 [INFO] Server health check successful: Uptime 9,19 seconds, Memory 68,55 MB, PID 156396, Processes 2
2026-03-10 19:14:07 [INFO] Server health check successful: Uptime 9,61 seconds, Memory 68,61 MB, PID 156396, Processes 2
2026-03-10 19:14:07 [INFO] Server health check successful: Uptime 10,09 seconds, Memory 68,69 MB, PID 156396, Processes 2
2026-03-10 19:14:08 [INFO] Server health check successful: Uptime 10,44 seconds, Memory 68,79 MB, PID 156396, Processes 2
2026-03-10 19:14:08 [INFO] Server health check successful: Uptime 10,79 seconds, Memory 68,88 MB, PID 156396, Processes 2
2026-03-10 19:14:09 [INFO] Server health check successful: Uptime 11,16 seconds, Memory 68,94 MB, PID 156396, Processes 2
2026-03-10 19:14:09 [INFO] Server health check successful: Uptime 11,52 seconds, Memory 69,01 MB, PID 156396, Processes 2
2026-03-10 19:14:09 [INFO] Server health check successful: Uptime 11,92 seconds, Memory 69,08 MB, PID 156396, Processes 2
2026-03-10 19:14:10 [INFO] Server health check successful: Uptime 12,28 seconds, Memory 69,18 MB, PID 156396, Processes 2
2026-03-10 19:14:10 [INFO] Server health check successful: Uptime 12,66 seconds, Memory 69,23 MB, PID 156396, Processes 2
2026-03-10 19:14:10 [INFO] Server health check successful: Uptime 13,03 seconds, Memory 69,31 MB, PID 156396, Processes 2
2026-03-10 19:14:11 [INFO] Server health check successful: Uptime 13,39 seconds, Memory 69,38 MB, PID 156396, Processes 2
2026-03-10 19:14:11 [INFO] Server health check successful: Uptime 13,74 seconds, Memory 69,45 MB, PID 156396, Processes 2
2026-03-10 19:14:11 [INFO] Server health check successful: Uptime 14,09 seconds, Memory 69,57 MB, PID 156396, Processes 2
2026-03-10 19:14:12 [INFO] Server health check successful: Uptime 14,46 seconds, Memory 69,65 MB, PID 156396, Processes 2
2026-03-10 19:14:12 [INFO] Server health check successful: Uptime 14,82 seconds, Memory 69,72 MB, PID 156396, Processes 2
2026-03-10 19:14:13 [INFO] Server health check successful: Uptime 15,16 seconds, Memory 69,8 MB, PID 156396, Processes 2
2026-03-10 19:14:13 [INFO] Server health check successful: Uptime 15,57 seconds, Memory 69,86 MB, PID 156396, Processes 2
2026-03-10 19:14:13 [INFO] Server health check successful: Uptime 15,95 seconds, Memory 69,93 MB, PID 156396, Processes 2
2026-03-10 19:14:14 [INFO] Server health check successful: Uptime 16,31 seconds, Memory 70 MB, PID 156396, Processes 2
2026-03-10 19:14:14 [INFO] Server health check successful: Uptime 16,7 seconds, Memory 70,07 MB, PID 156396, Processes 2
2026-03-10 19:14:14 [INFO] Server health check successful: Uptime 17,1 seconds, Memory 70,14 MB, PID 156396, Processes 2
2026-03-10 19:14:15 [INFO] Server health check successful: Uptime 17,46 seconds, Memory 70,21 MB, PID 156396, Processes 2
2026-03-10 19:14:15 [INFO] Server health check successful: Uptime 17,86 seconds, Memory 70,28 MB, PID 156396, Processes 2
2026-03-10 19:14:16 [INFO] Server health check successful: Uptime 18,26 seconds, Memory 70,34 MB, PID 156396, Processes 2
2026-03-10 19:14:17 [INFO] Saving 5 downloaded medias to C:\Users\brand\RiderProjects\PyScrapper\PyScrapperDesktopApp\data\downloadedMedias.json
2026-03-10 19:14:17 [INFO] Downloaded medias saved successfully
2026-03-10 19:14:17 [INFO] Shutting down local server...
2026-03-10 19:14:17 [INFO] Local server is shutdown
2026-03-10 19:14:32 [INFO] Application initializing...
2026-03-10 19:14:32 [INFO] Installing frontend requirements
2026-03-10 19:14:34 [INFO] Frontend requirements installation completed
2026-03-10 19:14:34 [INFO] Starting local server and installing requirements for backend
2026-03-10 19:14:37 [INFO] Server health check successful: Uptime 0,38 seconds, Memory 64,12 MB, PID 153360, Processes 2
2026-03-10 19:14:37 [INFO] Local server started and backend requirements installation complete
2026-03-10 19:14:37 [INFO] Loading downloaded medias from C:\Users\brand\RiderProjects\PyScrapper\PyScrapperDesktopApp\data\downloadedMedias.json
2026-03-10 19:14:37 [INFO] Loaded 5 downloaded medias from C:\Users\brand\RiderProjects\PyScrapper\PyScrapperDesktopApp\data\downloadedMedias.json
2026-03-10 19:14:37 [INFO] Application started with 5 listed medias and 5 playable medias | deleted 0 medias
2026-03-10 19:14:39 [INFO] Server health check successful: Uptime 2,72 seconds, Memory 67,69 MB, PID 153360, Processes 2
2026-03-10 19:14:40 [INFO] Server health check successful: Uptime 3,13 seconds, Memory 67,7 MB, PID 153360, Processes 2
2026-03-10 19:14:40 [INFO] Server health check successful: Uptime 3,53 seconds, Memory 67,71 MB, PID 153360, Processes 2
2026-03-10 19:14:41 [INFO] Server health check successful: Uptime 4,06 seconds, Memory 67,79 MB, PID 153360, Processes 2
2026-03-10 19:14:41 [INFO] Server health check successful: Uptime 4,46 seconds, Memory 67,86 MB, PID 153360, Processes 2
2026-03-10 19:14:41 [INFO] Server health check successful: Uptime 4,83 seconds, Memory 67,92 MB, PID 153360, Processes 2
2026-03-10 19:14:42 [INFO] Server health check successful: Uptime 5,21 seconds, Memory 68 MB, PID 153360, Processes 2
2026-03-10 19:14:42 [INFO] Server health check successful: Uptime 5,57 seconds, Memory 68,1 MB, PID 153360, Processes 2
2026-03-10 19:14:43 [INFO] Server health check successful: Uptime 5,94 seconds, Memory 68,17 MB, PID 153360, Processes 2
2026-03-10 19:14:43 [INFO] Server health check successful: Uptime 6,3 seconds, Memory 68,24 MB, PID 153360, Processes 2
2026-03-10 19:14:43 [INFO] Server health check successful: Uptime 6,68 seconds, Memory 68,31 MB, PID 153360, Processes 2
2026-03-10 19:14:44 [INFO] Server health check successful: Uptime 7,03 seconds, Memory 68,38 MB, PID 153360, Processes 2
2026-03-10 19:14:44 [INFO] Server health check successful: Uptime 7,41 seconds, Memory 68,46 MB, PID 153360, Processes 2
2026-03-10 19:14:44 [INFO] Server health check successful: Uptime 7,84 seconds, Memory 68,54 MB, PID 153360, Processes 2
2026-03-10 19:14:45 [INFO] Server health check successful: Uptime 8,2 seconds, Memory 68,6 MB, PID 153360, Processes 2
2026-03-10 19:14:45 [INFO] Server health check successful: Uptime 8,58 seconds, Memory 68,66 MB, PID 153360, Processes 2
2026-03-10 19:14:46 [INFO] Server health check successful: Uptime 8,98 seconds, Memory 68,76 MB, PID 153360, Processes 2
2026-03-10 19:14:46 [INFO] Server health check successful: Uptime 9,35 seconds, Memory 68,86 MB, PID 153360, Processes 2
2026-03-10 19:14:46 [INFO] Server health check successful: Uptime 9,74 seconds, Memory 68,93 MB, PID 153360, Processes 2
2026-03-10 19:14:47 [INFO] Server health check successful: Uptime 10,13 seconds, Memory 69 MB, PID 153360, Processes 2
2026-03-10 19:14:47 [INFO] Server health check successful: Uptime 10,51 seconds, Memory 69,07 MB, PID 153360, Processes 2
2026-03-10 19:14:48 [INFO] Server health check successful: Uptime 10,9 seconds, Memory 69,14 MB, PID 153360, Processes 2
2026-03-10 19:14:48 [INFO] Server health check successful: Uptime 11,26 seconds, Memory 69,21 MB, PID 153360, Processes 2
2026-03-10 19:14:48 [INFO] Server health check successful: Uptime 11,62 seconds, Memory 69,28 MB, PID 153360, Processes 2
2026-03-10 19:14:49 [INFO] Server health check successful: Uptime 11,98 seconds, Memory 69,35 MB, PID 153360, Processes 2
2026-03-10 19:14:49 [INFO] Server health check successful: Uptime 12,34 seconds, Memory 69,43 MB, PID 153360, Processes 2
2026-03-10 19:14:49 [ERROR] Error sending download request. Server gave error: Invalid URL. Given url has to start with https://
2026-03-10 19:14:49 [INFO] Server health check successful: Uptime 12,71 seconds, Memory 69,5 MB, PID 153360, Processes 2
2026-03-10 19:14:50 [INFO] Server health check successful: Uptime 13,08 seconds, Memory 69,66 MB, PID 153360, Processes 2
2026-03-10 19:14:50 [INFO] Server health check successful: Uptime 13,44 seconds, Memory 69,73 MB, PID 153360, Processes 2
2026-03-10 19:14:50 [INFO] Server health check successful: Uptime 13,81 seconds, Memory 69,8 MB, PID 153360, Processes 2
2026-03-10 19:14:51 [INFO] Server health check successful: Uptime 14,17 seconds, Memory 69,88 MB, PID 153360, Processes 2
2026-03-10 19:14:51 [INFO] Server health check successful: Uptime 14,52 seconds, Memory 69,94 MB, PID 153360, Processes 2
2026-03-10 19:14:51 [INFO] Server health check successful: Uptime 14,87 seconds, Memory 70,02 MB, PID 153360, Processes 2
2026-03-10 19:14:52 [INFO] Server health check successful: Uptime 15,23 seconds, Memory 70,08 MB, PID 153360, Processes 2
2026-03-10 19:14:52 [INFO] Server health check successful: Uptime 15,6 seconds, Memory 70,16 MB, PID 153360, Processes 2
2026-03-10 19:14:53 [INFO] Server health check successful: Uptime 15,97 seconds, Memory 70,22 MB, PID 153360, Processes 2
2026-03-10 19:14:53 [INFO] Server health check successful: Uptime 16,32 seconds, Memory 70,3 MB, PID 153360, Processes 2
2026-03-10 19:14:53 [INFO] Server health check successful: Uptime 16,74 seconds, Memory 70,36 MB, PID 153360, Processes 2
2026-03-10 19:14:54 [INFO] Server health check successful: Uptime 17,11 seconds, Memory 70,43 MB, PID 153360, Processes 2
2026-03-10 19:14:54 [INFO] Server health check successful: Uptime 17,49 seconds, Memory 70,48 MB, PID 153360, Processes 2
2026-03-10 19:14:54 [INFO] Server health check successful: Uptime 17,84 seconds, Memory 70,56 MB, PID 153360, Processes 2
2026-03-10 19:14:55 [INFO] Server health check successful: Uptime 18,18 seconds, Memory 70,62 MB, PID 153360, Processes 2
2026-03-10 19:14:55 [INFO] Server health check successful: Uptime 18,54 seconds, Memory 70,69 MB, PID 153360, Processes 2
2026-03-10 19:14:55 [INFO] Server health check successful: Uptime 18,89 seconds, Memory 70,76 MB, PID 153360, Processes 2
2026-03-10 19:14:56 [INFO] Server health check successful: Uptime 19,24 seconds, Memory 70,82 MB, PID 153360, Processes 2
2026-03-10 19:14:56 [INFO] Server health check successful: Uptime 19,6 seconds, Memory 70,89 MB, PID 153360, Processes 2
2026-03-10 19:14:57 [INFO] Server health check successful: Uptime 19,94 seconds, Memory 71,02 MB, PID 153360, Processes 2
2026-03-10 19:14:57 [INFO] Server health check successful: Uptime 20,29 seconds, Memory 71,09 MB, PID 153360, Processes 2
2026-03-10 19:14:57 [INFO] Server health check successful: Uptime 20,64 seconds, Memory 71,16 MB, PID 153360, Processes 2
2026-03-10 19:14:58 [INFO] Server health check successful: Uptime 21 seconds, Memory 71,23 MB, PID 153360, Processes 2
2026-03-10 19:14:58 [INFO] Server health check successful: Uptime 21,36 seconds, Memory 71,3 MB, PID 153360, Processes 2
2026-03-10 19:14:58 [INFO] Server health check successful: Uptime 21,72 seconds, Memory 69,27 MB, PID 153360, Processes 2
2026-03-10 19:14:59 [INFO] Server health check successful: Uptime 22,13 seconds, Memory 69,34 MB, PID 153360, Processes 2
2026-03-10 19:14:59 [INFO] Server health check successful: Uptime 22,48 seconds, Memory 69,4 MB, PID 153360, Processes 2
2026-03-10 19:14:59 [INFO] Server health check successful: Uptime 22,84 seconds, Memory 69,46 MB, PID 153360, Processes 2
2026-03-10 19:15:00 [INFO] Server health check successful: Uptime 23,21 seconds, Memory 69,52 MB, PID 153360, Processes 2
2026-03-10 19:15:00 [INFO] Server health check successful: Uptime 23,6 seconds, Memory 69,58 MB, PID 153360, Processes 2
2026-03-10 19:15:01 [INFO] Server health check successful: Uptime 23,96 seconds, Memory 69,58 MB, PID 153360, Processes 2
2026-03-10 19:15:01 [INFO] Server health check successful: Uptime 24,31 seconds, Memory 69,58 MB, PID 153360, Processes 2
2026-03-10 19:15:01 [INFO] Server health check successful: Uptime 24,67 seconds, Memory 69,59 MB, PID 153360, Processes 2
2026-03-10 19:15:02 [INFO] Server health check successful: Uptime 25,06 seconds, Memory 69,59 MB, PID 153360, Processes 2
2026-03-10 19:15:02 [INFO] Server health check successful: Uptime 25,42 seconds, Memory 69,65 MB, PID 153360, Processes 2
2026-03-10 19:15:02 [INFO] Server health check successful: Uptime 25,78 seconds, Memory 69,71 MB, PID 153360, Processes 2
2026-03-10 19:15:03 [INFO] Server health check successful: Uptime 26,15 seconds, Memory 69,77 MB, PID 153360, Processes 2
2026-03-10 19:15:03 [INFO] Server health check successful: Uptime 26,5 seconds, Memory 69,84 MB, PID 153360, Processes 2
2026-03-10 19:15:03 [INFO] Server health check successful: Uptime 26,87 seconds, Memory 69,89 MB, PID 153360, Processes 2
2026-03-10 19:15:04 [INFO] Server health check successful: Uptime 27,24 seconds, Memory 69,96 MB, PID 153360, Processes 2
2026-03-10 19:15:04 [INFO] Server health check successful: Uptime 27,58 seconds, Memory 70,02 MB, PID 153360, Processes 2
2026-03-10 19:15:05 [INFO] Server health check successful: Uptime 27,93 seconds, Memory 70,09 MB, PID 153360, Processes 2
2026-03-10 19:15:05 [INFO] Server health check successful: Uptime 28,28 seconds, Memory 70,15 MB, PID 153360, Processes 2
2026-03-10 19:15:05 [INFO] Server health check successful: Uptime 28,66 seconds, Memory 70,21 MB, PID 153360, Processes 2
2026-03-10 19:15:06 [INFO] Server health check successful: Uptime 29,02 seconds, Memory 70,28 MB, PID 153360, Processes 2
2026-03-10 19:15:06 [INFO] Server health check successful: Uptime 29,37 seconds, Memory 70,34 MB, PID 153360, Processes 2
2026-03-10 19:15:06 [INFO] Server health check successful: Uptime 29,72 seconds, Memory 70,4 MB, PID 153360, Processes 2
2026-03-10 19:15:07 [INFO] Server health check successful: Uptime 30,07 seconds, Memory 70,46 MB, PID 153360, Processes 2
2026-03-10 19:15:07 [INFO] Server health check successful: Uptime 30,43 seconds, Memory 70,52 MB, PID 153360, Processes 2
2026-03-10 19:15:07 [INFO] Server health check successful: Uptime 30,8 seconds, Memory 70,59 MB, PID 153360, Processes 2
2026-03-10 19:15:08 [INFO] Server health check successful: Uptime 31,16 seconds, Memory 70,66 MB, PID 153360, Processes 2
2026-03-10 19:15:09 [INFO] Saving 5 downloaded medias to C:\Users\brand\RiderProjects\PyScrapper\PyScrapperDesktopApp\data\downloadedMedias.json
2026-03-10 19:15:09 [INFO] Downloaded medias saved successfully
2026-03-10 19:15:09 [INFO] Shutting down local server...
2026-03-10 19:15:09 [INFO] Local server is shutdown
2026-03-10 19:15:51 [INFO] Application initializing...
2026-03-10 19:15:51 [INFO] Installing frontend requirements
2026-03-10 19:15:53 [INFO] Frontend requirements installation completed
2026-03-10 19:15:53 [INFO] Starting local server and installing requirements for backend
2026-03-10 19:15:56 [INFO] Server health check successful: Uptime 0,36 seconds, Memory 64,1 MB, PID 150756, Processes 2
2026-03-10 19:15:56 [INFO] Local server started and backend requirements installation complete
2026-03-10 19:15:56 [INFO] Loading downloaded medias from C:\Users\brand\RiderProjects\PyScrapper\PyScrapperDesktopApp\data\downloadedMedias.json
2026-03-10 19:15:56 [INFO] Loaded 5 downloaded medias from C:\Users\brand\RiderProjects\PyScrapper\PyScrapperDesktopApp\data\downloadedMedias.json
2026-03-10 19:15:56 [INFO] Application started with 5 listed medias and 5 playable medias | deleted 0 medias
2026-03-10 19:15:58 [INFO] Server health check successful: Uptime 2,97 seconds, Memory 67,72 MB, PID 150756, Processes 2
2026-03-10 19:15:59 [INFO] Server health check successful: Uptime 3,34 seconds, Memory 67,8 MB, PID 150756, Processes 2
2026-03-10 19:15:59 [INFO] Server health check successful: Uptime 3,71 seconds, Memory 67,87 MB, PID 150756, Processes 2
2026-03-10 19:15:59 [INFO] Server health check successful: Uptime 4,08 seconds, Memory 67,94 MB, PID 150756, Processes 2
2026-03-10 19:16:00 [INFO] Server health check successful: Uptime 4,47 seconds, Memory 68,01 MB, PID 150756, Processes 2
2026-03-10 19:16:00 [INFO] Server health check successful: Uptime 4,83 seconds, Memory 68,08 MB, PID 150756, Processes 2
2026-03-10 19:16:00 [INFO] Server health check successful: Uptime 5,19 seconds, Memory 68,14 MB, PID 150756, Processes 2
2026-03-10 19:16:01 [INFO] Server health check successful: Uptime 5,56 seconds, Memory 68,21 MB, PID 150756, Processes 2
2026-03-10 19:16:01 [INFO] Server health check successful: Uptime 5,92 seconds, Memory 68,29 MB, PID 150756, Processes 2
2026-03-10 19:16:02 [INFO] Server health check successful: Uptime 6,3 seconds, Memory 68,36 MB, PID 150756, Processes 2
2026-03-10 19:16:02 [INFO] Server health check successful: Uptime 6,74 seconds, Memory 68,42 MB, PID 150756, Processes 2
2026-03-10 19:16:02 [INFO] Server health check successful: Uptime 7,1 seconds, Memory 68,49 MB, PID 150756, Processes 2
2026-03-10 19:16:03 [INFO] Server health check successful: Uptime 7,47 seconds, Memory 68,57 MB, PID 150756, Processes 2
2026-03-10 19:16:03 [INFO] Server health check successful: Uptime 7,82 seconds, Memory 68,64 MB, PID 150756, Processes 2
2026-03-10 19:16:03 [INFO] Server health check successful: Uptime 8,16 seconds, Memory 68,71 MB, PID 150756, Processes 2
2026-03-10 19:16:04 [INFO] Server health check successful: Uptime 8,51 seconds, Memory 68,78 MB, PID 150756, Processes 2
2026-03-10 19:16:04 [INFO] Server health check successful: Uptime 8,87 seconds, Memory 68,85 MB, PID 150756, Processes 2
2026-03-10 19:16:04 [INFO] Server health check successful: Uptime 9,22 seconds, Memory 68,91 MB, PID 150756, Processes 2
2026-03-10 19:16:05 [INFO] Server health check successful: Uptime 9,59 seconds, Memory 68,98 MB, PID 150756, Processes 2
2026-03-10 19:16:05 [INFO] Server health check successful: Uptime 9,94 seconds, Memory 69,05 MB, PID 150756, Processes 2
2026-03-10 19:16:06 [INFO] Server health check successful: Uptime 10,29 seconds, Memory 69,13 MB, PID 150756, Processes 2
2026-03-10 19:16:06 [INFO] Server health check successful: Uptime 10,66 seconds, Memory 69,19 MB, PID 150756, Processes 2
2026-03-10 19:16:06 [INFO] Server health check successful: Uptime 11,01 seconds, Memory 69,54 MB, PID 150756, Processes 2
2026-03-10 19:16:07 [INFO] Server health check successful: Uptime 11,35 seconds, Memory 69,61 MB, PID 150756, Processes 2
2026-03-10 19:16:07 [INFO] Server health check successful: Uptime 11,71 seconds, Memory 69,68 MB, PID 150756, Processes 2
2026-03-10 19:16:07 [INFO] Server health check successful: Uptime 12,05 seconds, Memory 69,78 MB, PID 150756, Processes 2
2026-03-10 19:16:08 [INFO] Server health check successful: Uptime 12,41 seconds, Memory 69,85 MB, PID 150756, Processes 2
2026-03-10 19:16:08 [INFO] Server health check successful: Uptime 12,76 seconds, Memory 69,92 MB, PID 150756, Processes 2
2026-03-10 19:16:08 [INFO] Server health check successful: Uptime 13,11 seconds, Memory 69,99 MB, PID 150756, Processes 2
2026-03-10 19:16:09 [INFO] Server health check successful: Uptime 13,46 seconds, Memory 70,06 MB, PID 150756, Processes 2
2026-03-10 19:16:09 [INFO] Server health check successful: Uptime 13,82 seconds, Memory 70,13 MB, PID 150756, Processes 2
2026-03-10 19:16:09 [INFO] Server health check successful: Uptime 14,17 seconds, Memory 70,2 MB, PID 150756, Processes 2
2026-03-10 19:16:10 [INFO] Server health check successful: Uptime 14,51 seconds, Memory 70,33 MB, PID 150756, Processes 2
2026-03-10 19:16:10 [INFO] Server health check successful: Uptime 14,87 seconds, Memory 70,4 MB, PID 150756, Processes 2
2026-03-10 19:16:10 [INFO] Server health check successful: Uptime 15,22 seconds, Memory 70,47 MB, PID 150756, Processes 2
2026-03-10 19:16:11 [INFO] Server health check successful: Uptime 15,57 seconds, Memory 70,54 MB, PID 150756, Processes 2
2026-03-10 19:16:11 [INFO] Server health check successful: Uptime 15,93 seconds, Memory 70,61 MB, PID 150756, Processes 2
2026-03-10 19:16:12 [INFO] Server health check successful: Uptime 16,28 seconds, Memory 70,68 MB, PID 150756, Processes 2
2026-03-10 19:16:12 [INFO] Server health check successful: Uptime 16,7 seconds, Memory 70,75 MB, PID 150756, Processes 2
2026-03-10 19:16:12 [INFO] Server health check successful: Uptime 17,07 seconds, Memory 70,82 MB, PID 150756, Processes 2
2026-03-10 19:16:13 [INFO] Server health check successful: Uptime 17,45 seconds, Memory 70,88 MB, PID 150756, Processes 2
2026-03-10 19:16:13 [INFO] Server health check successful: Uptime 17,8 seconds, Memory 70,95 MB, PID 150756, Processes 2
2026-03-10 19:16:13 [INFO] Server health check successful: Uptime 18,16 seconds, Memory 71,03 MB, PID 150756, Processes 2
2026-03-10 19:16:15 [INFO] Saving 5 downloaded medias to C:\Users\brand\RiderProjects\PyScrapper\PyScrapperDesktopApp\data\downloadedMedias.json
2026-03-10 19:16:15 [INFO] Downloaded medias saved successfully
2026-03-10 19:16:15 [INFO] Shutting down local server...
2026-03-10 19:16:15 [INFO] Local server is shutdown
2026-03-10 19:16:57 [INFO] Application initializing...
2026-03-10 19:16:57 [INFO] Installing frontend requirements
2026-03-10 19:16:58 [INFO] Frontend requirements installation completed
2026-03-10 19:16:58 [INFO] Starting local server and installing requirements for backend
2026-03-10 19:17:02 [INFO] Server health check successful: Uptime 0,38 seconds, Memory 63,99 MB, PID 145852, Processes 2
2026-03-10 19:17:02 [INFO] Local server started and backend requirements installation complete
2026-03-10 19:17:02 [INFO] Loading downloaded medias from C:\Users\brand\RiderProjects\PyScrapper\PyScrapperDesktopApp\data\downloadedMedias.json
2026-03-10 19:17:02 [INFO] Loaded 5 downloaded medias from C:\Users\brand\RiderProjects\PyScrapper\PyScrapperDesktopApp\data\downloadedMedias.json
2026-03-10 19:17:02 [INFO] Application started with 5 listed medias and 5 playable medias | deleted 0 medias
2026-03-10 19:17:05 [INFO] Server health check successful: Uptime 3,78 seconds, Memory 67,75 MB, PID 145852, Processes 2
2026-03-10 19:17:06 [INFO] Server health check successful: Uptime 4,17 seconds, Memory 67,82 MB, PID 145852, Processes 2
2026-03-10 19:17:06 [INFO] Server health check successful: Uptime 4,54 seconds, Memory 67,9 MB, PID 145852, Processes 2
2026-03-10 19:17:06 [INFO] Server health check successful: Uptime 4,94 seconds, Memory 67,96 MB, PID 145852, Processes 2
2026-03-10 19:17:07 [INFO] Server health check successful: Uptime 5,31 seconds, Memory 68,03 MB, PID 145852, Processes 2
2026-03-10 19:17:07 [INFO] Server health check successful: Uptime 5,67 seconds, Memory 68,1 MB, PID 145852, Processes 2
2026-03-10 19:17:08 [INFO] Server health check successful: Uptime 6,04 seconds, Memory 68,17 MB, PID 145852, Processes 2
2026-03-10 19:17:08 [INFO] Server health check successful: Uptime 6,53 seconds, Memory 68,24 MB, PID 145852, Processes 2
2026-03-10 19:17:08 [INFO] Saving 5 downloaded medias to C:\Users\brand\RiderProjects\PyScrapper\PyScrapperDesktopApp\data\downloadedMedias.json
2026-03-10 19:17:08 [INFO] Downloaded medias saved successfully
2026-03-10 19:17:08 [INFO] Shutting down local server...
2026-03-10 19:17:08 [INFO] Local server is shutdown
2026-03-10 19:18:33 [INFO] Application initializing...
2026-03-10 19:18:33 [INFO] Installing frontend requirements
2026-03-10 19:18:34 [INFO] Frontend requirements installation completed
2026-03-10 19:18:34 [INFO] Starting local server and installing requirements for backend
2026-03-10 19:18:37 [INFO] Server health check successful: Uptime 0,4 seconds, Memory 64,28 MB, PID 155408, Processes 2
2026-03-10 19:18:37 [INFO] Local server started and backend requirements installation complete
2026-03-10 19:18:37 [INFO] Loading downloaded medias from C:\Users\brand\RiderProjects\PyScrapper\PyScrapperDesktopApp\data\downloadedMedias.json
2026-03-10 19:18:37 [INFO] Loaded 5 downloaded medias from C:\Users\brand\RiderProjects\PyScrapper\PyScrapperDesktopApp\data\downloadedMedias.json
2026-03-10 19:18:37 [INFO] Application started with 5 listed medias and 5 playable medias | deleted 0 medias
2026-03-10 19:18:40 [INFO] Server health check successful: Uptime 2,94 seconds, Memory 67,84 MB, PID 155408, Processes 2
2026-03-10 19:18:40 [INFO] Server health check successful: Uptime 3,34 seconds, Memory 67,85 MB, PID 155408, Processes 2
2026-03-10 19:18:41 [INFO] Server health check successful: Uptime 3,72 seconds, Memory 67,88 MB, PID 155408, Processes 2
2026-03-10 19:18:41 [INFO] Server health check successful: Uptime 4,09 seconds, Memory 67,96 MB, PID 155408, Processes 2
2026-03-10 19:18:41 [INFO] Server health check successful: Uptime 4,45 seconds, Memory 68,03 MB, PID 155408, Processes 2
2026-03-10 19:18:42 [INFO] Server health check successful: Uptime 4,8 seconds, Memory 68,1 MB, PID 155408, Processes 2
2026-03-10 19:18:42 [INFO] Server health check successful: Uptime 5,17 seconds, Memory 68,17 MB, PID 155408, Processes 2
2026-03-10 19:18:42 [INFO] Server health check successful: Uptime 5,54 seconds, Memory 68,24 MB, PID 155408, Processes 2
2026-03-10 19:18:43 [INFO] Server health check successful: Uptime 5,9 seconds, Memory 68,32 MB, PID 155408, Processes 2
2026-03-10 19:18:43 [INFO] Server health check successful: Uptime 6,26 seconds, Memory 68,38 MB, PID 155408, Processes 2
2026-03-10 19:18:44 [INFO] Server health check successful: Uptime 6,71 seconds, Memory 68,45 MB, PID 155408, Processes 2
2026-03-10 19:18:44 [INFO] Server health check successful: Uptime 7,05 seconds, Memory 68,51 MB, PID 155408, Processes 2
2026-03-10 19:18:44 [INFO] Server health check successful: Uptime 7,41 seconds, Memory 68,59 MB, PID 155408, Processes 2
2026-03-10 19:18:45 [INFO] Server health check successful: Uptime 7,76 seconds, Memory 68,66 MB, PID 155408, Processes 2
2026-03-10 19:18:45 [INFO] Server health check successful: Uptime 8,11 seconds, Memory 68,73 MB, PID 155408, Processes 2
2026-03-10 19:18:45 [INFO] Server health check successful: Uptime 8,5 seconds, Memory 68,79 MB, PID 155408, Processes 2
2026-03-10 19:18:46 [INFO] Server health check successful: Uptime 8,88 seconds, Memory 68,87 MB, PID 155408, Processes 2
2026-03-10 19:18:46 [INFO] Saving 5 downloaded medias to C:\Users\brand\RiderProjects\PyScrapper\PyScrapperDesktopApp\data\downloadedMedias.json
2026-03-10 19:18:46 [INFO] Downloaded medias saved successfully
2026-03-10 19:18:46 [INFO] Shutting down local server...
2026-03-10 19:18:46 [INFO] Local server is shutdown
2026-03-10 19:19:09 [INFO] Application initializing...
2026-03-10 19:19:09 [INFO] Installing frontend requirements
2026-03-10 19:19:11 [INFO] Frontend requirements installation completed
2026-03-10 19:19:11 [INFO] Starting local server and installing requirements for backend
2026-03-10 19:19:14 [INFO] Server health check successful: Uptime 0,39 seconds, Memory 64,51 MB, PID 137516, Processes 2
2026-03-10 19:19:14 [INFO] Local server started and backend requirements installation complete
2026-03-10 19:19:14 [INFO] Loading downloaded medias from C:\Users\brand\RiderProjects\PyScrapper\PyScrapperDesktopApp\data\downloadedMedias.json
2026-03-10 19:19:14 [INFO] Loaded 5 downloaded medias from C:\Users\brand\RiderProjects\PyScrapper\PyScrapperDesktopApp\data\downloadedMedias.json
2026-03-10 19:19:14 [INFO] Application started with 5 listed medias and 5 playable medias | deleted 0 medias
2026-03-10 19:19:20 [INFO] Server health check successful: Uptime 6,27 seconds, Memory 68,07 MB, PID 137516, Processes 2
2026-03-10 19:19:20 [INFO] Server health check successful: Uptime 6,66 seconds, Memory 68,07 MB, PID 137516, Processes 2
2026-03-10 19:19:20 [INFO] Server health check successful: Uptime 7,05 seconds, Memory 68,15 MB, PID 137516, Processes 2
2026-03-10 19:19:21 [INFO] Server health check successful: Uptime 7,41 seconds, Memory 68,25 MB, PID 137516, Processes 2
2026-03-10 19:19:21 [INFO] Server health check successful: Uptime 7,78 seconds, Memory 68,33 MB, PID 137516, Processes 2
2026-03-10 19:19:21 [INFO] Server health check successful: Uptime 8,14 seconds, Memory 68,39 MB, PID 137516, Processes 2
2026-03-10 19:19:22 [INFO] Server health check successful: Uptime 8,5 seconds, Memory 68,46 MB, PID 137516, Processes 2
2026-03-10 19:19:22 [INFO] Server health check successful: Uptime 8,85 seconds, Memory 68,57 MB, PID 137516, Processes 2
2026-03-10 19:19:23 [INFO] Server health check successful: Uptime 9,2 seconds, Memory 68,64 MB, PID 137516, Processes 2
2026-03-10 19:19:23 [INFO] Server health check successful: Uptime 9,57 seconds, Memory 68,71 MB, PID 137516, Processes 2
2026-03-10 19:19:23 [INFO] Server health check successful: Uptime 9,94 seconds, Memory 68,78 MB, PID 137516, Processes 2
2026-03-10 19:19:28 [INFO] Server health check successful: Uptime 14,42 seconds, Memory 68,84 MB, PID 137516, Processes 2
2026-03-10 19:19:28 [INFO] Server health check successful: Uptime 14,82 seconds, Memory 68,92 MB, PID 137516, Processes 2
2026-03-10 19:19:28 [INFO] Server health check successful: Uptime 15,17 seconds, Memory 68,99 MB, PID 137516, Processes 2
2026-03-10 19:19:29 [INFO] Server health check successful: Uptime 15,52 seconds, Memory 69,06 MB, PID 137516, Processes 2
2026-03-10 19:19:29 [INFO] Server health check successful: Uptime 15,87 seconds, Memory 69,14 MB, PID 137516, Processes 2
2026-03-10 19:19:30 [INFO] Server health check successful: Uptime 16,23 seconds, Memory 69,21 MB, PID 137516, Processes 2
2026-03-10 19:19:30 [INFO] Server health check successful: Uptime 16,6 seconds, Memory 69,31 MB, PID 137516, Processes 2
2026-03-10 19:19:30 [INFO] Server health check successful: Uptime 16,99 seconds, Memory 69,37 MB, PID 137516, Processes 2
2026-03-10 19:19:31 [INFO] Server health check successful: Uptime 17,34 seconds, Memory 69,45 MB, PID 137516, Processes 2
2026-03-10 19:19:31 [INFO] Server health check successful: Uptime 17,69 seconds, Memory 69,52 MB, PID 137516, Processes 2
2026-03-10 19:19:31 [INFO] Server health check successful: Uptime 18,07 seconds, Memory 69,59 MB, PID 137516, Processes 2
2026-03-10 19:19:32 [INFO] Server health check successful: Uptime 18,43 seconds, Memory 69,67 MB, PID 137516, Processes 2
2026-03-10 19:19:32 [INFO] Server health check successful: Uptime 18,78 seconds, Memory 69,73 MB, PID 137516, Processes 2
2026-03-10 19:19:32 [INFO] Server health check successful: Uptime 19,14 seconds, Memory 69,8 MB, PID 137516, Processes 2
2026-03-10 19:19:33 [INFO] Server health check successful: Uptime 19,48 seconds, Memory 69,87 MB, PID 137516, Processes 2
2026-03-10 19:19:33 [INFO] Saving 5 downloaded medias to C:\Users\brand\RiderProjects\PyScrapper\PyScrapperDesktopApp\data\downloadedMedias.json
2026-03-10 19:19:33 [INFO] Downloaded medias saved successfully
2026-03-10 19:19:33 [INFO] Shutting down local server...
2026-03-10 19:19:33 [INFO] Local server is shutdown
2026-03-10 19:19:50 [INFO] Application initializing...
2026-03-10 19:19:50 [INFO] Installing frontend requirements
2026-03-10 19:19:52 [INFO] Frontend requirements installation completed
2026-03-10 19:19:52 [INFO] Starting local server and installing requirements for backend
2026-03-10 19:19:55 [INFO] Server health check successful: Uptime 0,42 seconds, Memory 64,14 MB, PID 145580, Processes 2
2026-03-10 19:19:55 [INFO] Local server started and backend requirements installation complete
2026-03-10 19:19:55 [INFO] Loading downloaded medias from C:\Users\brand\RiderProjects\PyScrapper\PyScrapperDesktopApp\data\downloadedMedias.json
2026-03-10 19:19:55 [INFO] Loaded 5 downloaded medias from C:\Users\brand\RiderProjects\PyScrapper\PyScrapperDesktopApp\data\downloadedMedias.json
2026-03-10 19:19:55 [INFO] Application started with 5 listed medias and 5 playable medias | deleted 0 medias
2026-03-10 19:19:56 [INFO] Saving 5 downloaded medias to C:\Users\brand\RiderProjects\PyScrapper\PyScrapperDesktopApp\data\downloadedMedias.json
2026-03-10 19:19:56 [INFO] Downloaded medias saved successfully
2026-03-10 19:19:56 [INFO] Shutting down local server...
2026-03-10 19:19:56 [INFO] Local server is shutdown
2026-03-10 19:21:20 [INFO] Application initializing...
2026-03-10 19:21:20 [INFO] Installing frontend requirements
2026-03-10 19:21:22 [INFO] Frontend requirements installation completed
2026-03-10 19:21:22 [INFO] Starting local server and installing requirements for backend
2026-03-10 19:21:30 [INFO] Application initializing...
2026-03-10 19:21:30 [INFO] Installing frontend requirements
2026-03-10 19:21:32 [INFO] Frontend requirements installation completed
2026-03-10 19:21:32 [INFO] Starting local server and installing requirements for backend
2026-03-10 19:21:35 [INFO] Server health check successful: Uptime 0,29 seconds, Memory 64,08 MB, PID 143820, Processes 2
2026-03-10 19:21:35 [INFO] Local server started and backend requirements installation complete
2026-03-10 19:21:35 [INFO] Loading downloaded medias from C:\Users\brand\RiderProjects\PyScrapper\PyScrapperDesktopApp\data\downloadedMedias.json
2026-03-10 19:21:35 [INFO] Loaded 5 downloaded medias from C:\Users\brand\RiderProjects\PyScrapper\PyScrapperDesktopApp\data\downloadedMedias.json
2026-03-10 19:21:35 [INFO] Application started with 5 listed medias and 5 playable medias | deleted 0 medias
2026-03-10 19:21:37 [INFO] Server health check successful: Uptime 2,76 seconds, Memory 67,82 MB, PID 143820, Processes 2
2026-03-10 19:21:38 [INFO] Server health check successful: Uptime 3,15 seconds, Memory 67,84 MB, PID 143820, Processes 2
2026-03-10 19:21:38 [INFO] Server health check successful: Uptime 3,54 seconds, Memory 67,92 MB, PID 143820, Processes 2
2026-03-10 19:21:38 [INFO] Server health check successful: Uptime 3,91 seconds, Memory 67,99 MB, PID 143820, Processes 2
2026-03-10 19:21:39 [INFO] Server health check successful: Uptime 4,28 seconds, Memory 68,06 MB, PID 143820, Processes 2
2026-03-10 19:21:39 [INFO] Server health check successful: Uptime 4,64 seconds, Memory 68,13 MB, PID 143820, Processes 2
2026-03-10 19:21:40 [INFO] Server health check successful: Uptime 5 seconds, Memory 68,2 MB, PID 143820, Processes 2
2026-03-10 19:21:40 [INFO] Server health check successful: Uptime 5,36 seconds, Memory 68,27 MB, PID 143820, Processes 2
2026-03-10 19:21:40 [INFO] Server health check successful: Uptime 5,71 seconds, Memory 68,34 MB, PID 143820, Processes 2
2026-03-10 19:21:41 [INFO] Server health check successful: Uptime 6,07 seconds, Memory 68,41 MB, PID 143820, Processes 2
2026-03-10 19:21:41 [INFO] Server health check successful: Uptime 6,5 seconds, Memory 68,48 MB, PID 143820, Processes 2
2026-03-10 19:21:41 [INFO] Server health check successful: Uptime 6,85 seconds, Memory 68,55 MB, PID 143820, Processes 2
2026-03-10 19:21:42 [INFO] Server health check successful: Uptime 7,2 seconds, Memory 68,62 MB, PID 143820, Processes 2
2026-03-10 19:21:42 [INFO] Server health check successful: Uptime 7,58 seconds, Memory 68,7 MB, PID 143820, Processes 2
2026-03-10 19:21:42 [INFO] Server health check successful: Uptime 7,94 seconds, Memory 68,78 MB, PID 143820, Processes 2
2026-03-10 19:21:43 [INFO] Server health check successful: Uptime 8,29 seconds, Memory 68,84 MB, PID 143820, Processes 2
2026-03-10 19:21:43 [INFO] Server health check successful: Uptime 8,64 seconds, Memory 68,91 MB, PID 143820, Processes 2
2026-03-10 19:21:44 [INFO] Server health check successful: Uptime 9,01 seconds, Memory 68,98 MB, PID 143820, Processes 2
2026-03-10 19:21:44 [INFO] Server health check successful: Uptime 9,36 seconds, Memory 69,05 MB, PID 143820, Processes 2
2026-03-10 19:21:44 [INFO] Server health check successful: Uptime 9,7 seconds, Memory 69,12 MB, PID 143820, Processes 2
2026-03-10 19:21:45 [INFO] Server health check successful: Uptime 10,04 seconds, Memory 69,19 MB, PID 143820, Processes 2
2026-03-10 19:21:45 [INFO] Server health check successful: Uptime 10,4 seconds, Memory 69,25 MB, PID 143820, Processes 2
2026-03-10 19:21:45 [INFO] Server health check successful: Uptime 10,75 seconds, Memory 69,32 MB, PID 143820, Processes 2
2026-03-10 19:21:46 [INFO] Server health check successful: Uptime 11,11 seconds, Memory 69,39 MB, PID 143820, Processes 2
2026-03-10 19:21:46 [INFO] Server health check successful: Uptime 11,48 seconds, Memory 69,54 MB, PID 143820, Processes 2
2026-03-10 19:21:46 [INFO] Server health check successful: Uptime 11,85 seconds, Memory 69,61 MB, PID 143820, Processes 2
2026-03-10 19:21:46 [INFO] Saving 5 downloaded medias to C:\Users\brand\RiderProjects\PyScrapper\PyScrapperDesktopApp\data\downloadedMedias.json
2026-03-10 19:21:46 [INFO] Downloaded medias saved successfully
2026-03-10 19:21:46 [INFO] Shutting down local server...
2026-03-10 19:21:46 [INFO] Local server is shutdown
2026-03-10 19:22:30 [INFO] Application initializing...
2026-03-10 19:22:30 [INFO] Installing frontend requirements
2026-03-10 19:22:31 [INFO] Frontend requirements installation completed
2026-03-10 19:22:31 [INFO] Starting local server and installing requirements for backend
2026-03-10 19:22:34 [INFO] Server health check successful: Uptime 0,36 seconds, Memory 64,16 MB, PID 139364, Processes 2
2026-03-10 19:22:34 [INFO] Local server started and backend requirements installation complete
2026-03-10 19:22:34 [INFO] Loading downloaded medias from C:\Users\brand\RiderProjects\PyScrapper\PyScrapperDesktopApp\data\downloadedMedias.json
2026-03-10 19:22:34 [INFO] Loaded 5 downloaded medias from C:\Users\brand\RiderProjects\PyScrapper\PyScrapperDesktopApp\data\downloadedMedias.json
2026-03-10 19:22:34 [INFO] Application started with 5 listed medias and 5 playable medias | deleted 0 medias
2026-03-10 19:22:37 [INFO] Server health check successful: Uptime 2,78 seconds, Memory 67,8 MB, PID 139364, Processes 2
2026-03-10 19:22:37 [INFO] Server health check successful: Uptime 3,16 seconds, Memory 67,82 MB, PID 139364, Processes 2
2026-03-10 19:22:37 [INFO] Server health check successful: Uptime 3,52 seconds, Memory 67,92 MB, PID 139364, Processes 2
2026-03-10 19:22:38 [INFO] Server health check successful: Uptime 3,89 seconds, Memory 68 MB, PID 139364, Processes 2
2026-03-10 19:22:38 [INFO] Server health check successful: Uptime 4,26 seconds, Memory 68,07 MB, PID 139364, Processes 2
2026-03-10 19:22:38 [INFO] Server health check successful: Uptime 4,62 seconds, Memory 68,13 MB, PID 139364, Processes 2
2026-03-10 19:22:39 [INFO] Server health check successful: Uptime 4,98 seconds, Memory 68,2 MB, PID 139364, Processes 2
2026-03-10 19:22:39 [INFO] Server health check successful: Uptime 5,33 seconds, Memory 68,27 MB, PID 139364, Processes 2
2026-03-10 19:22:40 [INFO] Server health check successful: Uptime 5,68 seconds, Memory 68,34 MB, PID 139364, Processes 2
2026-03-10 19:22:40 [INFO] Server health check successful: Uptime 6,03 seconds, Memory 68,41 MB, PID 139364, Processes 2
2026-03-10 19:22:40 [INFO] Server health check successful: Uptime 6,38 seconds, Memory 68,47 MB, PID 139364, Processes 2
2026-03-10 19:22:41 [INFO] Server health check successful: Uptime 6,73 seconds, Memory 68,55 MB, PID 139364, Processes 2
2026-03-10 19:22:41 [INFO] Server health check successful: Uptime 7,1 seconds, Memory 68,64 MB, PID 139364, Processes 2
2026-03-10 19:22:41 [INFO] Saving 5 downloaded medias to C:\Users\brand\RiderProjects\PyScrapper\PyScrapperDesktopApp\data\downloadedMedias.json
2026-03-10 19:22:41 [INFO] Downloaded medias saved successfully
2026-03-10 19:22:41 [INFO] Shutting down local server...
2026-03-10 19:22:41 [INFO] Local server is shutdown
2026-03-10 19:23:07 [INFO] Application initializing...
2026-03-10 19:23:07 [INFO] Installing frontend requirements
2026-03-10 19:23:09 [INFO] Frontend requirements installation completed
2026-03-10 19:23:09 [INFO] Starting local server and installing requirements for backend
2026-03-10 19:23:12 [INFO] Server health check successful: Uptime 0,41 seconds, Memory 64,16 MB, PID 157848, Processes 2
2026-03-10 19:23:12 [INFO] Local server started and backend requirements installation complete
2026-03-10 19:23:12 [INFO] Loading downloaded medias from C:\Users\brand\RiderProjects\PyScrapper\PyScrapperDesktopApp\data\downloadedMedias.json
2026-03-10 19:23:12 [INFO] Loaded 5 downloaded medias from C:\Users\brand\RiderProjects\PyScrapper\PyScrapperDesktopApp\data\downloadedMedias.json
2026-03-10 19:23:12 [INFO] Application started with 5 listed medias and 5 playable medias | deleted 0 medias
2026-03-10 19:23:14 [INFO] Server health check successful: Uptime 2,67 seconds, Memory 67,89 MB, PID 157848, Processes 2
2026-03-10 19:23:15 [INFO] Server health check successful: Uptime 3,07 seconds, Memory 67,96 MB, PID 157848, Processes 2
2026-03-10 19:23:15 [INFO] Server health check successful: Uptime 3,45 seconds, Memory 68,04 MB, PID 157848, Processes 2
2026-03-10 19:23:15 [INFO] Server health check successful: Uptime 3,84 seconds, Memory 68,1 MB, PID 157848, Processes 2
2026-03-10 19:23:16 [INFO] Server health check successful: Uptime 4,2 seconds, Memory 68,19 MB, PID 157848, Processes 2
2026-03-10 19:23:16 [INFO] Server health check successful: Uptime 4,56 seconds, Memory 68,25 MB, PID 157848, Processes 2
2026-03-10 19:23:16 [INFO] Server health check successful: Uptime 4,91 seconds, Memory 68,33 MB, PID 157848, Processes 2
2026-03-10 19:23:17 [INFO] Server health check successful: Uptime 5,27 seconds, Memory 68,4 MB, PID 157848, Processes 2
2026-03-10 19:23:17 [INFO] Server health check successful: Uptime 5,63 seconds, Memory 68,46 MB, PID 157848, Processes 2
2026-03-10 19:23:18 [INFO] Server health check successful: Uptime 5,99 seconds, Memory 68,53 MB, PID 157848, Processes 2
2026-03-10 19:23:18 [INFO] Server health check successful: Uptime 6,35 seconds, Memory 68,59 MB, PID 157848, Processes 2
2026-03-10 19:23:18 [INFO] Server health check successful: Uptime 6,78 seconds, Memory 68,67 MB, PID 157848, Processes 2
2026-03-10 19:23:19 [INFO] Server health check successful: Uptime 7,14 seconds, Memory 68,75 MB, PID 157848, Processes 2
2026-03-10 19:23:19 [INFO] Saving 5 downloaded medias to C:\Users\brand\RiderProjects\PyScrapper\PyScrapperDesktopApp\data\downloadedMedias.json
2026-03-10 19:23:19 [INFO] Downloaded medias saved successfully
2026-03-10 19:23:19 [INFO] Shutting down local server...
2026-03-10 19:23:19 [INFO] Local server is shutdown
2026-03-10 19:23:43 [INFO] Application initializing...
2026-03-10 19:23:43 [INFO] Installing frontend requirements
2026-03-10 19:23:45 [INFO] Frontend requirements installation completed
2026-03-10 19:23:45 [INFO] Starting local server and installing requirements for backend
2026-03-10 19:23:48 [INFO] Server health check successful: Uptime 0,34 seconds, Memory 64,21 MB, PID 147764, Processes 2
2026-03-10 19:23:48 [INFO] Local server started and backend requirements installation complete
2026-03-10 19:23:48 [INFO] Loading downloaded medias from C:\Users\brand\RiderProjects\PyScrapper\PyScrapperDesktopApp\data\downloadedMedias.json
2026-03-10 19:23:48 [INFO] Loaded 5 downloaded medias from C:\Users\brand\RiderProjects\PyScrapper\PyScrapperDesktopApp\data\downloadedMedias.json
2026-03-10 19:23:48 [INFO] Application started with 5 listed medias and 5 playable medias | deleted 0 medias
2026-03-10 19:23:50 [INFO] Server health check successful: Uptime 2,82 seconds, Memory 67,89 MB, PID 147764, Processes 2
2026-03-10 19:23:51 [INFO] Server health check successful: Uptime 3,21 seconds, Memory 67,89 MB, PID 147764, Processes 2
2026-03-10 19:23:51 [INFO] Server health check successful: Uptime 3,58 seconds, Memory 67,97 MB, PID 147764, Processes 2
2026-03-10 19:23:51 [INFO] Server health check successful: Uptime 3,94 seconds, Memory 68,04 MB, PID 147764, Processes 2
2026-03-10 19:23:52 [INFO] Server health check successful: Uptime 4,32 seconds, Memory 68,11 MB, PID 147764, Processes 2
2026-03-10 19:23:52 [INFO] Server health check successful: Uptime 4,69 seconds, Memory 68,18 MB, PID 147764, Processes 2
2026-03-10 19:23:52 [INFO] Server health check successful: Uptime 5,03 seconds, Memory 68,25 MB, PID 147764, Processes 2
2026-03-10 19:23:53 [INFO] Server health check successful: Uptime 5,39 seconds, Memory 68,32 MB, PID 147764, Processes 2
2026-03-10 19:23:53 [INFO] Server health check successful: Uptime 5,75 seconds, Memory 68,39 MB, PID 147764, Processes 2
2026-03-10 19:23:54 [INFO] Server health check successful: Uptime 6,11 seconds, Memory 68,46 MB, PID 147764, Processes 2
2026-03-10 19:23:54 [INFO] Saving 5 downloaded medias to C:\Users\brand\RiderProjects\PyScrapper\PyScrapperDesktopApp\data\downloadedMedias.json
2026-03-10 19:23:54 [INFO] Downloaded medias saved successfully
2026-03-10 19:23:54 [INFO] Shutting down local server...
2026-03-10 19:23:54 [INFO] Local server is shutdown
2026-03-10 19:24:20 [INFO] Application initializing...
2026-03-10 19:24:20 [INFO] Installing frontend requirements
2026-03-10 19:24:22 [INFO] Frontend requirements installation completed
2026-03-10 19:24:22 [INFO] Starting local server and installing requirements for backend
2026-03-10 19:24:25 [INFO] Server health check successful: Uptime 0,35 seconds, Memory 64,25 MB, PID 159768, Processes 2
2026-03-10 19:24:25 [INFO] Local server started and backend requirements installation complete
2026-03-10 19:24:25 [INFO] Loading downloaded medias from C:\Users\brand\RiderProjects\PyScrapper\PyScrapperDesktopApp\data\downloadedMedias.json
2026-03-10 19:24:25 [INFO] Loaded 5 downloaded medias from C:\Users\brand\RiderProjects\PyScrapper\PyScrapperDesktopApp\data\downloadedMedias.json
2026-03-10 19:24:25 [INFO] Application started with 5 listed medias and 5 playable medias | deleted 0 medias
2026-03-10 19:24:28 [INFO] Server health check successful: Uptime 2,84 seconds, Memory 67,9 MB, PID 159768, Processes 2
2026-03-10 19:24:28 [INFO] Server health check successful: Uptime 3,24 seconds, Memory 67,9 MB, PID 159768, Processes 2
2026-03-10 19:24:28 [INFO] Server health check successful: Uptime 3,6 seconds, Memory 67,98 MB, PID 159768, Processes 2
2026-03-10 19:24:29 [INFO] Server health check successful: Uptime 3,96 seconds, Memory 68,05 MB, PID 159768, Processes 2
2026-03-10 19:24:29 [INFO] Server health check successful: Uptime 4,33 seconds, Memory 68,13 MB, PID 159768, Processes 2
2026-03-10 19:24:29 [INFO] Server health check successful: Uptime 4,69 seconds, Memory 68,21 MB, PID 159768, Processes 2
2026-03-10 19:24:30 [INFO] Server health check successful: Uptime 5,05 seconds, Memory 68,27 MB, PID 159768, Processes 2
2026-03-10 19:24:30 [INFO] Server health check successful: Uptime 5,4 seconds, Memory 68,35 MB, PID 159768, Processes 2
2026-03-10 19:24:30 [INFO] Server health check successful: Uptime 5,75 seconds, Memory 68,41 MB, PID 159768, Processes 2
2026-03-10 19:24:31 [INFO] Server health check successful: Uptime 6,09 seconds, Memory 68,49 MB, PID 159768, Processes 2
2026-03-10 19:24:31 [INFO] Server health check successful: Uptime 6,52 seconds, Memory 68,55 MB, PID 159768, Processes 2
2026-03-10 19:24:32 [INFO] Server health check successful: Uptime 6,87 seconds, Memory 68,62 MB, PID 159768, Processes 2
2026-03-10 19:24:32 [INFO] Server health check successful: Uptime 7,22 seconds, Memory 68,69 MB, PID 159768, Processes 2
2026-03-10 19:24:32 [INFO] Server health check successful: Uptime 7,57 seconds, Memory 68,77 MB, PID 159768, Processes 2
2026-03-10 19:24:33 [INFO] Server health check successful: Uptime 7,92 seconds, Memory 68,84 MB, PID 159768, Processes 2
2026-03-10 19:24:33 [INFO] Server health check successful: Uptime 8,28 seconds, Memory 68,91 MB, PID 159768, Processes 2
2026-03-10 19:24:33 [INFO] Server health check successful: Uptime 8,63 seconds, Memory 68,97 MB, PID 159768, Processes 2
2026-03-10 19:24:34 [INFO] Server health check successful: Uptime 8,99 seconds, Memory 69,04 MB, PID 159768, Processes 2
2026-03-10 19:24:34 [INFO] Server health check successful: Uptime 9,34 seconds, Memory 69,11 MB, PID 159768, Processes 2
2026-03-10 19:24:34 [INFO] Server health check successful: Uptime 9,69 seconds, Memory 69,18 MB, PID 159768, Processes 2
2026-03-10 19:24:35 [INFO] Server health check successful: Uptime 10,04 seconds, Memory 69,5 MB, PID 159768, Processes 2
2026-03-10 19:24:35 [INFO] Server health check successful: Uptime 10,39 seconds, Memory 69,57 MB, PID 159768, Processes 2
2026-03-10 19:24:35 [INFO] Server health check successful: Uptime 10,73 seconds, Memory 69,64 MB, PID 159768, Processes 2
2026-03-10 19:24:36 [INFO] Server health check successful: Uptime 11,08 seconds, Memory 69,74 MB, PID 159768, Processes 2
2026-03-10 19:24:36 [INFO] Server health check successful: Uptime 11,43 seconds, Memory 69,8 MB, PID 159768, Processes 2
2026-03-10 19:24:36 [INFO] Server health check successful: Uptime 11,79 seconds, Memory 69,88 MB, PID 159768, Processes 2
2026-03-10 19:24:37 [INFO] Server health check successful: Uptime 12,14 seconds, Memory 69,95 MB, PID 159768, Processes 2
2026-03-10 19:24:37 [INFO] Server health check successful: Uptime 12,5 seconds, Memory 70,07 MB, PID 159768, Processes 2
2026-03-10 19:24:38 [INFO] Server health check successful: Uptime 12,87 seconds, Memory 70,14 MB, PID 159768, Processes 2
2026-03-10 19:24:38 [INFO] Server health check successful: Uptime 13,22 seconds, Memory 70,2 MB, PID 159768, Processes 2
2026-03-10 19:24:38 [INFO] Server health check successful: Uptime 13,58 seconds, Memory 70,28 MB, PID 159768, Processes 2
2026-03-10 19:24:39 [INFO] Server health check successful: Uptime 13,92 seconds, Memory 70,36 MB, PID 159768, Processes 2
2026-03-10 19:24:39 [INFO] Server health check successful: Uptime 14,27 seconds, Memory 70,44 MB, PID 159768, Processes 2
2026-03-10 19:24:39 [INFO] Server health check successful: Uptime 14,63 seconds, Memory 70,51 MB, PID 159768, Processes 2
2026-03-10 19:24:40 [INFO] Server health check successful: Uptime 14,96 seconds, Memory 70,58 MB, PID 159768, Processes 2
2026-03-10 19:24:40 [INFO] Saving 5 downloaded medias to C:\Users\brand\RiderProjects\PyScrapper\PyScrapperDesktopApp\data\downloadedMedias.json
2026-03-10 19:24:40 [INFO] Downloaded medias saved successfully
2026-03-10 19:24:40 [INFO] Shutting down local server...
2026-03-10 19:24:40 [INFO] Local server is shutdown
2026-03-10 19:25:07 [INFO] Application initializing...
2026-03-10 19:25:07 [INFO] Installing frontend requirements
2026-03-10 19:25:09 [INFO] Frontend requirements installation completed
2026-03-10 19:25:09 [INFO] Starting local server and installing requirements for backend
2026-03-10 19:25:12 [INFO] Server health check successful: Uptime 0,39 seconds, Memory 64,19 MB, PID 153812, Processes 2
2026-03-10 19:25:12 [INFO] Local server started and backend requirements installation complete
2026-03-10 19:25:12 [INFO] Loading downloaded medias from C:\Users\brand\RiderProjects\PyScrapper\PyScrapperDesktopApp\data\downloadedMedias.json
2026-03-10 19:25:12 [INFO] Loaded 5 downloaded medias from C:\Users\brand\RiderProjects\PyScrapper\PyScrapperDesktopApp\data\downloadedMedias.json
2026-03-10 19:25:12 [INFO] Application started with 5 listed medias and 5 playable medias | deleted 0 medias
2026-03-10 19:25:15 [INFO] Server health check successful: Uptime 3,53 seconds, Memory 67,88 MB, PID 153812, Processes 2
2026-03-10 19:25:15 [INFO] Server health check successful: Uptime 3,92 seconds, Memory 67,9 MB, PID 153812, Processes 2
2026-03-10 19:25:16 [INFO] Server health check successful: Uptime 4,29 seconds, Memory 68 MB, PID 153812, Processes 2
2026-03-10 19:25:16 [INFO] Server health check successful: Uptime 4,74 seconds, Memory 68,07 MB, PID 153812, Processes 2
2026-03-10 19:25:16 [INFO] Server health check successful: Uptime 5,11 seconds, Memory 68,14 MB, PID 153812, Processes 2
2026-03-10 19:25:17 [INFO] Server health check successful: Uptime 5,5 seconds, Memory 68,21 MB, PID 153812, Processes 2
2026-03-10 19:25:17 [INFO] Server health check successful: Uptime 5,95 seconds, Memory 68,28 MB, PID 153812, Processes 2
2026-03-10 19:25:18 [INFO] Server health check successful: Uptime 6,31 seconds, Memory 68,35 MB, PID 153812, Processes 2
2026-03-10 19:25:18 [INFO] Server health check successful: Uptime 6,7 seconds, Memory 68,41 MB, PID 153812, Processes 2
2026-03-10 19:25:18 [INFO] Server health check successful: Uptime 7,09 seconds, Memory 68,48 MB, PID 153812, Processes 2
2026-03-10 19:25:19 [INFO] Server health check successful: Uptime 7,44 seconds, Memory 68,54 MB, PID 153812, Processes 2
2026-03-10 19:25:19 [INFO] Server health check successful: Uptime 7,79 seconds, Memory 68,62 MB, PID 153812, Processes 2
2026-03-10 19:25:19 [INFO] Server health check successful: Uptime 8,14 seconds, Memory 68,69 MB, PID 153812, Processes 2
2026-03-10 19:25:20 [INFO] Server health check successful: Uptime 8,48 seconds, Memory 68,77 MB, PID 153812, Processes 2
2026-03-10 19:25:20 [INFO] Server health check successful: Uptime 8,83 seconds, Memory 68,84 MB, PID 153812, Processes 2
2026-03-10 19:25:20 [INFO] Server health check successful: Uptime 9,18 seconds, Memory 69,14 MB, PID 153812, Processes 2
2026-03-10 19:25:21 [INFO] Server health check successful: Uptime 9,54 seconds, Memory 69,22 MB, PID 153812, Processes 2
2026-03-10 19:25:21 [INFO] Server health check successful: Uptime 9,9 seconds, Memory 69,32 MB, PID 153812, Processes 2
2026-03-10 19:25:22 [INFO] Server health check successful: Uptime 10,29 seconds, Memory 69,39 MB, PID 153812, Processes 2
2026-03-10 19:25:22 [INFO] Server health check successful: Uptime 10,66 seconds, Memory 69,45 MB, PID 153812, Processes 2
2026-03-10 19:25:22 [INFO] Server health check successful: Uptime 11,02 seconds, Memory 69,53 MB, PID 153812, Processes 2
2026-03-10 19:25:23 [INFO] Server health check successful: Uptime 11,39 seconds, Memory 69,59 MB, PID 153812, Processes 2
2026-03-10 19:25:23 [INFO] Server health check successful: Uptime 11,75 seconds, Memory 69,68 MB, PID 153812, Processes 2
2026-03-10 19:25:23 [INFO] Server health check successful: Uptime 12,1 seconds, Memory 69,76 MB, PID 153812, Processes 2
2026-03-10 19:25:24 [INFO] Server health check successful: Uptime 12,5 seconds, Memory 69,83 MB, PID 153812, Processes 2
2026-03-10 19:25:24 [INFO] Server health check successful: Uptime 12,87 seconds, Memory 69,91 MB, PID 153812, Processes 2
2026-03-10 19:25:24 [INFO] Server health check successful: Uptime 13,23 seconds, Memory 69,97 MB, PID 153812, Processes 2
2026-03-10 19:25:25 [INFO] Server health check successful: Uptime 13,57 seconds, Memory 70,04 MB, PID 153812, Processes 2
2026-03-10 19:25:25 [INFO] Server health check successful: Uptime 13,93 seconds, Memory 70,11 MB, PID 153812, Processes 2
2026-03-10 19:25:26 [INFO] Server health check successful: Uptime 14,28 seconds, Memory 70,18 MB, PID 153812, Processes 2
2026-03-10 19:25:26 [INFO] Server health check successful: Uptime 14,63 seconds, Memory 70,27 MB, PID 153812, Processes 2
2026-03-10 19:25:26 [INFO] Server health check successful: Uptime 14,99 seconds, Memory 70,34 MB, PID 153812, Processes 2
2026-03-10 19:25:27 [INFO] Server health check successful: Uptime 15,33 seconds, Memory 70,46 MB, PID 153812, Processes 2
2026-03-10 19:25:27 [INFO] Server health check successful: Uptime 15,68 seconds, Memory 70,54 MB, PID 153812, Processes 2
2026-03-10 19:25:27 [INFO] Server health check successful: Uptime 16,03 seconds, Memory 70,61 MB, PID 153812, Processes 2
2026-03-10 19:25:28 [INFO] Server health check successful: Uptime 16,4 seconds, Memory 70,68 MB, PID 153812, Processes 2
2026-03-10 19:25:28 [INFO] Server health check successful: Uptime 16,85 seconds, Memory 70,74 MB, PID 153812, Processes 2
2026-03-10 19:25:28 [INFO] Server health check successful: Uptime 17,26 seconds, Memory 70,8 MB, PID 153812, Processes 2
2026-03-10 19:25:29 [INFO] Server health check successful: Uptime 17,62 seconds, Memory 70,88 MB, PID 153812, Processes 2
2026-03-10 19:25:29 [INFO] Server health check successful: Uptime 17,98 seconds, Memory 70,95 MB, PID 153812, Processes 2
2026-03-10 19:25:30 [INFO] Server health check successful: Uptime 18,35 seconds, Memory 71,01 MB, PID 153812, Processes 2
2026-03-10 19:25:30 [INFO] Server health check successful: Uptime 18,71 seconds, Memory 71,07 MB, PID 153812, Processes 2
2026-03-10 19:25:30 [INFO] Server health check successful: Uptime 19,06 seconds, Memory 71,14 MB, PID 153812, Processes 2
2026-03-10 19:25:31 [INFO] Server health check successful: Uptime 19,42 seconds, Memory 71,21 MB, PID 153812, Processes 2
2026-03-10 19:25:31 [INFO] Server health check successful: Uptime 19,81 seconds, Memory 72,13 MB, PID 153812, Processes 2
2026-03-10 19:25:31 [INFO] Search successful for query: "Hand of Blood", found 7 results
2026-03-10 19:25:31 [INFO] Server health check successful: Uptime 20,15 seconds, Memory 72,45 MB, PID 153812, Processes 2
2026-03-10 19:25:32 [INFO] Server health check successful: Uptime 20,51 seconds, Memory 73,44 MB, PID 153812, Processes 2
2026-03-10 19:25:32 [INFO] Server health check successful: Uptime 20,87 seconds, Memory 73,52 MB, PID 153812, Processes 2
2026-03-10 19:25:32 [INFO] Server health check successful: Uptime 21,21 seconds, Memory 73,58 MB, PID 153812, Processes 2
2026-03-10 19:25:33 [INFO] Server health check successful: Uptime 21,57 seconds, Memory 73,64 MB, PID 153812, Processes 2
2026-03-10 19:25:33 [INFO] Server health check successful: Uptime 21,92 seconds, Memory 73,7 MB, PID 153812, Processes 2
2026-03-10 19:25:34 [INFO] Server health check successful: Uptime 22,3 seconds, Memory 73,77 MB, PID 153812, Processes 2
2026-03-10 19:25:34 [INFO] Server health check successful: Uptime 22,67 seconds, Memory 73,83 MB, PID 153812, Processes 2
2026-03-10 19:25:34 [INFO] Server health check successful: Uptime 23,03 seconds, Memory 73,89 MB, PID 153812, Processes 2
2026-03-10 19:25:35 [INFO] Server health check successful: Uptime 23,39 seconds, Memory 73,95 MB, PID 153812, Processes 2
2026-03-10 19:25:35 [INFO] Server health check successful: Uptime 23,81 seconds, Memory 74,02 MB, PID 153812, Processes 2
2026-03-10 19:25:35 [INFO] Server health check successful: Uptime 24,2 seconds, Memory 74,08 MB, PID 153812, Processes 2
2026-03-10 19:25:36 [INFO] Server health check successful: Uptime 24,58 seconds, Memory 74,14 MB, PID 153812, Processes 2
2026-03-10 19:25:36 [INFO] Server received request and sent message: Request received for download, you can view progress under /download/progress/c591c925-3f3e-47b2-bd22-98a39f97f98d
2026-03-10 19:25:36 [INFO] Server health check successful: Uptime 24,94 seconds, Memory 74,2 MB, PID 153812, Processes 2
2026-03-10 19:25:37 [INFO] Server health check successful: Uptime 25,32 seconds, Memory 82,65 MB, PID 153812, Processes 2
2026-03-10 19:25:37 [INFO] Server health check successful: Uptime 25,69 seconds, Memory 83 MB, PID 153812, Processes 2
2026-03-10 19:25:37 [INFO] Server health check successful: Uptime 26,05 seconds, Memory 83,16 MB, PID 153812, Processes 2
2026-03-10 19:25:38 [INFO] Server health check successful: Uptime 26,39 seconds, Memory 83,23 MB, PID 153812, Processes 2
2026-03-10 19:25:38 [INFO] Server health check successful: Uptime 26,74 seconds, Memory 83,39 MB, PID 153812, Processes 2
2026-03-10 19:25:38 [INFO] Download progress for ID: "c591c925-3f3e-47b2-bd22-98a39f97f98d": downloading..., 0%, 0 MB/s
2026-03-10 19:25:38 [INFO] Server health check successful: Uptime 27,11 seconds, Memory 92,32 MB, PID 153812, Processes 2
2026-03-10 19:25:39 [INFO] Server health check successful: Uptime 27,46 seconds, Memory 94,49 MB, PID 153812, Processes 2
2026-03-10 19:25:39 [INFO] Server health check successful: Uptime 27,82 seconds, Memory 95,05 MB, PID 153812, Processes 2
2026-03-10 19:25:39 [INFO] Download progress for ID: "c591c925-3f3e-47b2-bd22-98a39f97f98d": downloading..., 0%, 0 MB/s
2026-03-10 19:25:39 [INFO] Server health check successful: Uptime 28,24 seconds, Memory 95,54 MB, PID 153812, Processes 2
2026-03-10 19:25:40 [INFO] Server health check successful: Uptime 28,6 seconds, Memory 98,68 MB, PID 153812, Processes 2
2026-03-10 19:25:40 [INFO] Server health check successful: Uptime 28,98 seconds, Memory 94,66 MB, PID 153812, Processes 2
2026-03-10 19:25:40 [INFO] Download progress for ID: "c591c925-3f3e-47b2-bd22-98a39f97f98d": downloading, 3%, 18,84 MB/s
2026-03-10 19:25:41 [INFO] Server health check successful: Uptime 29,34 seconds, Memory 93 MB, PID 153812, Processes 2
2026-03-10 19:25:41 [INFO] Server health check successful: Uptime 29,72 seconds, Memory 96,96 MB, PID 153812, Processes 2
2026-03-10 19:25:41 [INFO] Download progress for ID: "c591c925-3f3e-47b2-bd22-98a39f97f98d": downloading, 9%, 15,65 MB/s
2026-03-10 19:25:41 [INFO] Server health check successful: Uptime 30,09 seconds, Memory 93,1 MB, PID 153812, Processes 2
2026-03-10 19:25:42 [INFO] Server health check successful: Uptime 30,48 seconds, Memory 97,27 MB, PID 153812, Processes 2
2026-03-10 19:25:42 [INFO] Server health check successful: Uptime 30,9 seconds, Memory 93,46 MB, PID 153812, Processes 2
2026-03-10 19:25:42 [INFO] Download progress for ID: "c591c925-3f3e-47b2-bd22-98a39f97f98d": downloading, 13%, 10,35 MB/s
2026-03-10 19:25:43 [INFO] Server health check successful: Uptime 31,31 seconds, Memory 98,32 MB, PID 153812, Processes 2
2026-03-10 19:25:43 [INFO] Server health check successful: Uptime 31,76 seconds, Memory 93,87 MB, PID 153812, Processes 2
2026-03-10 19:25:43 [INFO] Download progress for ID: "c591c925-3f3e-47b2-bd22-98a39f97f98d": downloading, 19%, 2,81 MB/s
2026-03-10 19:25:43 [INFO] Server health check successful: Uptime 32,14 seconds, Memory 99,31 MB, PID 153812, Processes 2
2026-03-10 19:25:44 [INFO] Server health check successful: Uptime 32,52 seconds, Memory 96,28 MB, PID 153812, Processes 2
2026-03-10 19:25:44 [INFO] Server health check successful: Uptime 32,87 seconds, Memory 99,55 MB, PID 153812, Processes 2
2026-03-10 19:25:44 [INFO] Download progress for ID: "c591c925-3f3e-47b2-bd22-98a39f97f98d": downloading, 25%, 17,23 MB/s
2026-03-10 19:25:44 [INFO] Server health check successful: Uptime 33,23 seconds, Memory 94,71 MB, PID 153812, Processes 2
2026-03-10 19:25:45 [INFO] Server health check successful: Uptime 33,59 seconds, Memory 99,9 MB, PID 153812, Processes 2
2026-03-10 19:25:45 [INFO] Server health check successful: Uptime 33,96 seconds, Memory 95,05 MB, PID 153812, Processes 2
2026-03-10 19:25:45 [INFO] Download progress for ID: "c591c925-3f3e-47b2-bd22-98a39f97f98d": downloading, 28%, 9,71 MB/s
2026-03-10 19:25:46 [INFO] Server health check successful: Uptime 34,31 seconds, Memory 96,83 MB, PID 153812, Processes 2
2026-03-10 19:25:46 [INFO] Server health check successful: Uptime 34,66 seconds, Memory 98,62 MB, PID 153812, Processes 2
2026-03-10 19:25:46 [INFO] Server health check successful: Uptime 35,02 seconds, Memory 95,28 MB, PID 153812, Processes 2
2026-03-10 19:25:46 [INFO] Download progress for ID: "c591c925-3f3e-47b2-bd22-98a39f97f98d": downloading, 33%, 12,74 MB/s
2026-03-10 19:25:47 [INFO] Server health check successful: Uptime 35,39 seconds, Memory 98,56 MB, PID 153812, Processes 2
2026-03-10 19:25:47 [INFO] Server health check successful: Uptime 35,76 seconds, Memory 94,56 MB, PID 153812, Processes 2
2026-03-10 19:25:47 [INFO] Download progress for ID: "c591c925-3f3e-47b2-bd22-98a39f97f98d": downloading, 36%, 8,06 MB/s
2026-03-10 19:25:47 [INFO] Server health check successful: Uptime 36,12 seconds, Memory 97,88 MB, PID 153812, Processes 2
2026-03-10 19:25:48 [INFO] Server health check successful: Uptime 36,48 seconds, Memory 97,88 MB, PID 153812, Processes 2
2026-03-10 19:25:48 [INFO] Server health check successful: Uptime 36,84 seconds, Memory 97,88 MB, PID 153812, Processes 2
2026-03-10 19:25:48 [INFO] Download progress for ID: "c591c925-3f3e-47b2-bd22-98a39f97f98d": downloading, 38%, 3,85 MB/s
2026-03-10 19:25:48 [INFO] Server health check successful: Uptime 37,21 seconds, Memory 97,52 MB, PID 153812, Processes 2
2026-03-10 19:25:49 [INFO] Server health check successful: Uptime 37,57 seconds, Memory 98,83 MB, PID 153812, Processes 2
2026-03-10 19:25:49 [INFO] Server health check successful: Uptime 37,91 seconds, Memory 98,83 MB, PID 153812, Processes 2
2026-03-10 19:25:49 [INFO] Download progress for ID: "c591c925-3f3e-47b2-bd22-98a39f97f98d": downloading, 38%, 3,85 MB/s
2026-03-10 19:25:49 [INFO] Server health check successful: Uptime 38,25 seconds, Memory 98,83 MB, PID 153812, Processes 2
2026-03-10 19:25:50 [INFO] Server health check successful: Uptime 38,6 seconds, Memory 99,21 MB, PID 153812, Processes 2
2026-03-10 19:25:50 [INFO] Server health check successful: Uptime 38,99 seconds, Memory 95,15 MB, PID 153812, Processes 2
2026-03-10 19:25:50 [INFO] Download progress for ID: "c591c925-3f3e-47b2-bd22-98a39f97f98d": downloading, 42%, 15,9 MB/s
2026-03-10 19:25:51 [INFO] Server health check successful: Uptime 39,35 seconds, Memory 100,14 MB, PID 153812, Processes 2
2026-03-10 19:25:51 [INFO] Server health check successful: Uptime 39,71 seconds, Memory 95,57 MB, PID 153812, Processes 2
2026-03-10 19:25:51 [INFO] Server health check successful: Uptime 40,06 seconds, Memory 101,82 MB, PID 153812, Processes 2
2026-03-10 19:25:51 [INFO] Download progress for ID: "c591c925-3f3e-47b2-bd22-98a39f97f98d": downloading, 47%, 6,73 MB/s
2026-03-10 19:25:52 [INFO] Server health check successful: Uptime 40,41 seconds, Memory 96,04 MB, PID 153812, Processes 2
2026-03-10 19:25:52 [INFO] Server health check successful: Uptime 40,76 seconds, Memory 100,57 MB, PID 153812, Processes 2
2026-03-10 19:25:52 [INFO] Server health check successful: Uptime 41,12 seconds, Memory 96,22 MB, PID 153812, Processes 2
2026-03-10 19:25:52 [INFO] Download progress for ID: "c591c925-3f3e-47b2-bd22-98a39f97f98d": downloading, 52%, 10,78 MB/s
2026-03-10 19:25:53 [INFO] Server health check successful: Uptime 41,47 seconds, Memory 97,59 MB, PID 153812, Processes 2
2026-03-10 19:25:53 [INFO] Server health check successful: Uptime 41,82 seconds, Memory 97,59 MB, PID 153812, Processes 2
2026-03-10 19:25:53 [INFO] Download progress for ID: "c591c925-3f3e-47b2-bd22-98a39f97f98d": downloading, 52%, 10,78 MB/s
2026-03-10 19:25:53 [INFO] Server health check successful: Uptime 42,18 seconds, Memory 97,59 MB, PID 153812, Processes 2
2026-03-10 19:25:54 [INFO] Server health check successful: Uptime 42,52 seconds, Memory 97,59 MB, PID 153812, Processes 2
2026-03-10 19:25:54 [INFO] Server health check successful: Uptime 42,88 seconds, Memory 95,66 MB, PID 153812, Processes 2
2026-03-10 19:25:54 [INFO] Download progress for ID: "c591c925-3f3e-47b2-bd22-98a39f97f98d": downloading, 58%, 19,23 MB/s
2026-03-10 19:25:54 [INFO] Server health check successful: Uptime 43,22 seconds, Memory 100,57 MB, PID 153812, Processes 2
2026-03-10 19:25:55 [INFO] Server health check successful: Uptime 43,58 seconds, Memory 96,66 MB, PID 153812, Processes 2
2026-03-10 19:25:55 [INFO] Server health check successful: Uptime 43,92 seconds, Memory 102,1 MB, PID 153812, Processes 2
2026-03-10 19:25:55 [INFO] Download progress for ID: "c591c925-3f3e-47b2-bd22-98a39f97f98d": downloading, 63%, 2,82 MB/s
2026-03-10 19:25:56 [INFO] Server health check successful: Uptime 44,28 seconds, Memory 101,98 MB, PID 153812, Processes 2
2026-03-10 19:25:56 [INFO] Server health check successful: Uptime 44,63 seconds, Memory 99,09 MB, PID 153812, Processes 2
2026-03-10 19:25:56 [INFO] Server health check successful: Uptime 44,98 seconds, Memory 101,23 MB, PID 153812, Processes 2
2026-03-10 19:25:56 [INFO] Download progress for ID: "c591c925-3f3e-47b2-bd22-98a39f97f98d": downloading, 69%, 15,57 MB/s
2026-03-10 19:25:57 [INFO] Server health check successful: Uptime 45,34 seconds, Memory 99,07 MB, PID 153812, Processes 2
2026-03-10 19:25:57 [INFO] Server health check successful: Uptime 45,68 seconds, Memory 103,02 MB, PID 153812, Processes 2
2026-03-10 19:25:57 [INFO] Server health check successful: Uptime 46,04 seconds, Memory 103,02 MB, PID 153812, Processes 2
2026-03-10 19:25:57 [INFO] Download progress for ID: "c591c925-3f3e-47b2-bd22-98a39f97f98d": downloading, 72%, 18,85 MB/s
2026-03-10 19:25:58 [INFO] Server health check successful: Uptime 46,39 seconds, Memory 99,94 MB, PID 153812, Processes 2
2026-03-10 19:25:58 [INFO] Server health check successful: Uptime 46,78 seconds, Memory 97,04 MB, PID 153812, Processes 2
2026-03-10 19:25:58 [INFO] Server health check successful: Uptime 47,14 seconds, Memory 102,05 MB, PID 153812, Processes 2
2026-03-10 19:25:58 [INFO] Download progress for ID: "c591c925-3f3e-47b2-bd22-98a39f97f98d": downloading, 79%, 2,03 MB/s
2026-03-10 19:25:59 [INFO] Server health check successful: Uptime 47,5 seconds, Memory 98,12 MB, PID 153812, Processes 2
2026-03-10 19:25:59 [INFO] Server health check successful: Uptime 47,85 seconds, Memory 100,9 MB, PID 153812, Processes 2
2026-03-10 19:25:59 [INFO] Download progress for ID: "c591c925-3f3e-47b2-bd22-98a39f97f98d": downloading, 84%, 15,33 MB/s
2026-03-10 19:25:59 [INFO] Server health check successful: Uptime 48,21 seconds, Memory 97,89 MB, PID 153812, Processes 2
2026-03-10 19:26:00 [INFO] Server health check successful: Uptime 48,59 seconds, Memory 102,75 MB, PID 153812, Processes 2
2026-03-10 19:26:00 [INFO] Server health check successful: Uptime 48,96 seconds, Memory 98,74 MB, PID 153812, Processes 2
2026-03-10 19:26:00 [INFO] Download progress for ID: "c591c925-3f3e-47b2-bd22-98a39f97f98d": downloading, 91%, 19,98 MB/s
2026-03-10 19:26:01 [INFO] Server health check successful: Uptime 49,34 seconds, Memory 103,81 MB, PID 153812, Processes 2
2026-03-10 19:26:01 [INFO] Server health check successful: Uptime 49,69 seconds, Memory 100,55 MB, PID 153812, Processes 2
2026-03-10 19:26:01 [INFO] Server health check successful: Uptime 50,09 seconds, Memory 104,3 MB, PID 153812, Processes 2
2026-03-10 19:26:01 [INFO] Download progress for ID: "c591c925-3f3e-47b2-bd22-98a39f97f98d": downloading, 96%, 16,61 MB/s
2026-03-10 19:26:02 [INFO] Server health check successful: Uptime 50,44 seconds, Memory 101,55 MB, PID 153812, Processes 2
2026-03-10 19:26:02 [INFO] Server health check successful: Uptime 50,8 seconds, Memory 105,14 MB, PID 153812, Processes 2
2026-03-10 19:26:02 [INFO] Server health check successful: Uptime 51,14 seconds, Memory 99,14 MB, PID 153812, Processes 2
2026-03-10 19:26:02 [INFO] Download progress for ID: "c591c925-3f3e-47b2-bd22-98a39f97f98d": processing, 100%, 10,72 MB/s
2026-03-10 19:26:03 [INFO] Server health check successful: Uptime 51,51 seconds, Memory 99,25 MB, PID 153812, Processes 2
2026-03-10 19:26:03 [INFO] Server health check successful: Uptime 51,88 seconds, Memory 99,25 MB, PID 153812, Processes 2
2026-03-10 19:26:03 [INFO] Server health check successful: Uptime 52,23 seconds, Memory 99,25 MB, PID 153812, Processes 2
2026-03-10 19:26:04 [INFO] Server health check successful: Uptime 52,59 seconds, Memory 99,26 MB, PID 153812, Processes 2
2026-03-10 19:26:04 [INFO] Server health check successful: Uptime 52,94 seconds, Memory 99,27 MB, PID 153812, Processes 2
2026-03-10 19:26:05 [INFO] Server health check successful: Uptime 53,29 seconds, Memory 99,32 MB, PID 153812, Processes 2
2026-03-10 19:26:05 [INFO] Server health check successful: Uptime 53,64 seconds, Memory 99,39 MB, PID 153812, Processes 2
2026-03-10 19:26:05 [INFO] Server health check successful: Uptime 54 seconds, Memory 99,45 MB, PID 153812, Processes 2
2026-03-10 19:26:06 [INFO] Server health check successful: Uptime 54,36 seconds, Memory 99,51 MB, PID 153812, Processes 2
2026-03-10 19:26:06 [INFO] Server health check successful: Uptime 54,72 seconds, Memory 99,57 MB, PID 153812, Processes 2
2026-03-10 19:26:06 [INFO] Server health check successful: Uptime 55,09 seconds, Memory 99,64 MB, PID 153812, Processes 2
2026-03-10 19:26:07 [INFO] Server health check successful: Uptime 55,44 seconds, Memory 99,7 MB, PID 153812, Processes 2
2026-03-10 19:26:07 [INFO] Server health check successful: Uptime 55,8 seconds, Memory 99,76 MB, PID 153812, Processes 2
2026-03-10 19:26:07 [INFO] Server health check successful: Uptime 56,16 seconds, Memory 99,82 MB, PID 153812, Processes 2
2026-03-10 19:26:08 [INFO] Server health check successful: Uptime 56,52 seconds, Memory 99,89 MB, PID 153812, Processes 2
2026-03-10 19:26:08 [INFO] Server health check successful: Uptime 56,87 seconds, Memory 99,95 MB, PID 153812, Processes 2
2026-03-10 19:26:08 [INFO] Server health check successful: Uptime 57,23 seconds, Memory 100,01 MB, PID 153812, Processes 2
2026-03-10 19:26:09 [INFO] Server health check successful: Uptime 57,58 seconds, Memory 100,07 MB, PID 153812, Processes 2
2026-03-10 19:26:09 [INFO] Server health check successful: Uptime 57,94 seconds, Memory 100,14 MB, PID 153812, Processes 2
2026-03-10 19:26:10 [INFO] Server health check successful: Uptime 58,29 seconds, Memory 100,2 MB, PID 153812, Processes 2
2026-03-10 19:26:10 [INFO] Server health check successful: Uptime 58,64 seconds, Memory 100,26 MB, PID 153812, Processes 2
2026-03-10 19:26:10 [INFO] Server health check successful: Uptime 59,01 seconds, Memory 100,32 MB, PID 153812, Processes 2
2026-03-10 19:26:11 [INFO] Server health check successful: Uptime 59,36 seconds, Memory 100,39 MB, PID 153812, Processes 2
2026-03-10 19:26:11 [INFO] Server health check successful: Uptime 59,72 seconds, Memory 100,39 MB, PID 153812, Processes 2
2026-03-10 19:26:11 [INFO] Server health check successful: Uptime 60,08 seconds, Memory 100,46 MB, PID 153812, Processes 2
2026-03-10 19:26:12 [INFO] Server health check successful: Uptime 60,44 seconds, Memory 100,52 MB, PID 153812, Processes 2
2026-03-10 19:26:12 [INFO] Server health check successful: Uptime 60,8 seconds, Memory 100,58 MB, PID 153812, Processes 2
2026-03-10 19:26:12 [INFO] Server health check successful: Uptime 61,15 seconds, Memory 100,64 MB, PID 153812, Processes 2
2026-03-10 19:26:13 [INFO] Server health check successful: Uptime 61,59 seconds, Memory 100,71 MB, PID 153812, Processes 2
2026-03-10 19:26:13 [INFO] Server health check successful: Uptime 61,97 seconds, Memory 100,77 MB, PID 153812, Processes 2
2026-03-10 19:26:14 [INFO] Server health check successful: Uptime 62,35 seconds, Memory 100,83 MB, PID 153812, Processes 2
2026-03-10 19:26:14 [INFO] Server health check successful: Uptime 62,72 seconds, Memory 100,89 MB, PID 153812, Processes 2
2026-03-10 19:26:14 [INFO] Server health check successful: Uptime 63,09 seconds, Memory 100,96 MB, PID 153812, Processes 2
2026-03-10 19:26:15 [INFO] Server health check successful: Uptime 63,45 seconds, Memory 101,14 MB, PID 153812, Processes 2
2026-03-10 19:26:15 [INFO] Server health check successful: Uptime 64,02 seconds, Memory 101,21 MB, PID 153812, Processes 2
2026-03-10 19:26:16 [INFO] Server health check successful: Uptime 64,47 seconds, Memory 101,27 MB, PID 153812, Processes 2
2026-03-10 19:26:16 [INFO] Server health check successful: Uptime 64,89 seconds, Memory 101,33 MB, PID 153812, Processes 2
2026-03-10 19:26:17 [INFO] Server health check successful: Uptime 65,36 seconds, Memory 101,39 MB, PID 153812, Processes 2
2026-03-10 19:26:17 [INFO] Server health check successful: Uptime 65,82 seconds, Memory 101,46 MB, PID 153812, Processes 2
2026-03-10 19:26:18 [INFO] Server health check successful: Uptime 66,26 seconds, Memory 101,52 MB, PID 153812, Processes 2
2026-03-10 19:26:18 [INFO] Server health check successful: Uptime 66,69 seconds, Memory 101,58 MB, PID 153812, Processes 2
2026-03-10 19:26:19 [INFO] Server health check successful: Uptime 67,21 seconds, Memory 101,64 MB, PID 153812, Processes 2
2026-03-10 19:26:19 [INFO] Server health check successful: Uptime 67,64 seconds, Memory 101,71 MB, PID 153812, Processes 2
2026-03-10 19:26:19 [INFO] Server health check successful: Uptime 68,05 seconds, Memory 101,77 MB, PID 153812, Processes 2
2026-03-10 19:26:20 [INFO] Server health check successful: Uptime 68,44 seconds, Memory 101,83 MB, PID 153812, Processes 2
2026-03-10 19:26:20 [INFO] Server health check successful: Uptime 68,87 seconds, Memory 101,89 MB, PID 153812, Processes 2
2026-03-10 19:26:21 [INFO] Server health check successful: Uptime 69,3 seconds, Memory 101,96 MB, PID 153812, Processes 2
2026-03-10 19:26:21 [INFO] Server health check successful: Uptime 69,69 seconds, Memory 102,02 MB, PID 153812, Processes 2
2026-03-10 19:26:21 [INFO] Server health check successful: Uptime 70,07 seconds, Memory 102,08 MB, PID 153812, Processes 2
2026-03-10 19:26:22 [INFO] Server health check successful: Uptime 70,45 seconds, Memory 102,14 MB, PID 153812, Processes 2
2026-03-10 19:26:22 [INFO] Server health check successful: Uptime 70,88 seconds, Memory 102,21 MB, PID 153812, Processes 2
2026-03-10 19:26:23 [INFO] Server health check successful: Uptime 71,33 seconds, Memory 102,27 MB, PID 153812, Processes 2
2026-03-10 19:26:23 [INFO] Server health check successful: Uptime 71,81 seconds, Memory 102,33 MB, PID 153812, Processes 2
2026-03-10 19:26:23 [INFO] Server health check successful: Uptime 72,21 seconds, Memory 102,39 MB, PID 153812, Processes 2
2026-03-10 19:26:24 [INFO] Server health check successful: Uptime 72,6 seconds, Memory 102,46 MB, PID 153812, Processes 2
2026-03-10 19:26:24 [INFO] Server health check successful: Uptime 72,97 seconds, Memory 102,52 MB, PID 153812, Processes 2
2026-03-10 19:26:25 [INFO] Server health check successful: Uptime 73,37 seconds, Memory 102,58 MB, PID 153812, Processes 2
2026-03-10 19:26:25 [INFO] Server health check successful: Uptime 73,77 seconds, Memory 102,64 MB, PID 153812, Processes 2
2026-03-10 19:26:25 [INFO] Server health check successful: Uptime 74,18 seconds, Memory 102,71 MB, PID 153812, Processes 2
2026-03-10 19:26:26 [INFO] Server health check successful: Uptime 74,58 seconds, Memory 102,77 MB, PID 153812, Processes 2
2026-03-10 19:26:26 [INFO] Server health check successful: Uptime 75,02 seconds, Memory 102,83 MB, PID 153812, Processes 2
2026-03-10 19:26:27 [INFO] Server health check successful: Uptime 75,43 seconds, Memory 102,89 MB, PID 153812, Processes 2
2026-03-10 19:26:27 [INFO] Server health check successful: Uptime 75,9 seconds, Memory 102,96 MB, PID 153812, Processes 2
2026-03-10 19:26:28 [INFO] Server health check successful: Uptime 76,42 seconds, Memory 103,02 MB, PID 153812, Processes 2
2026-03-10 19:26:28 [INFO] Server health check successful: Uptime 76,87 seconds, Memory 103,08 MB, PID 153812, Processes 2
2026-03-10 19:26:29 [INFO] Server health check successful: Uptime 77,29 seconds, Memory 103,14 MB, PID 153812, Processes 2
2026-03-10 19:26:29 [INFO] Server health check successful: Uptime 77,69 seconds, Memory 103,21 MB, PID 153812, Processes 2
2026-03-10 19:26:29 [INFO] Server health check successful: Uptime 78,11 seconds, Memory 103,27 MB, PID 153812, Processes 2
2026-03-10 19:26:30 [INFO] Server health check successful: Uptime 78,59 seconds, Memory 103,34 MB, PID 153812, Processes 2
2026-03-10 19:26:30 [INFO] Server health check successful: Uptime 79,01 seconds, Memory 103,4 MB, PID 153812, Processes 2
2026-03-10 19:26:31 [INFO] Server health check successful: Uptime 79,41 seconds, Memory 103,46 MB, PID 153812, Processes 2
2026-03-10 19:26:31 [INFO] Server health check successful: Uptime 79,79 seconds, Memory 103,53 MB, PID 153812, Processes 2
2026-03-10 19:26:31 [INFO] Server health check successful: Uptime 80,18 seconds, Memory 103,59 MB, PID 153812, Processes 2
2026-03-10 19:26:32 [INFO] Server health check successful: Uptime 80,57 seconds, Memory 103,77 MB, PID 153812, Processes 2
2026-03-10 19:26:32 [INFO] Server health check successful: Uptime 80,96 seconds, Memory 103,84 MB, PID 153812, Processes 2
2026-03-10 19:26:33 [INFO] Server health check successful: Uptime 81,35 seconds, Memory 103,9 MB, PID 153812, Processes 2
2026-03-10 19:26:33 [INFO] Server health check successful: Uptime 81,8 seconds, Memory 103,96 MB, PID 153812, Processes 2
2026-03-10 19:26:34 [INFO] Server health check successful: Uptime 82,24 seconds, Memory 104,03 MB, PID 153812, Processes 2
2026-03-10 19:26:34 [INFO] Server health check successful: Uptime 82,64 seconds, Memory 104,09 MB, PID 153812, Processes 2
2026-03-10 19:26:34 [INFO] Server health check successful: Uptime 83,05 seconds, Memory 104,15 MB, PID 153812, Processes 2
2026-03-10 19:26:35 [INFO] Server health check successful: Uptime 83,48 seconds, Memory 104,21 MB, PID 153812, Processes 2
2026-03-10 19:26:35 [INFO] Server health check successful: Uptime 83,89 seconds, Memory 104,28 MB, PID 153812, Processes 2
2026-03-10 19:26:36 [INFO] Server health check successful: Uptime 84,36 seconds, Memory 104,34 MB, PID 153812, Processes 2
2026-03-10 19:26:36 [INFO] Server health check successful: Uptime 84,75 seconds, Memory 104,4 MB, PID 153812, Processes 2
2026-03-10 19:26:36 [INFO] Server health check successful: Uptime 85,15 seconds, Memory 104,46 MB, PID 153812, Processes 2
2026-03-10 19:26:37 [INFO] Server health check successful: Uptime 85,54 seconds, Memory 104,53 MB, PID 153812, Processes 2
2026-03-10 19:26:37 [INFO] Server health check successful: Uptime 85,97 seconds, Memory 104,59 MB, PID 153812, Processes 2
2026-03-10 19:26:38 [INFO] Server health check successful: Uptime 86,39 seconds, Memory 104,65 MB, PID 153812, Processes 2
2026-03-10 19:26:38 [INFO] Server health check successful: Uptime 86,8 seconds, Memory 104,71 MB, PID 153812, Processes 2
2026-03-10 19:26:38 [INFO] Server health check successful: Uptime 87,21 seconds, Memory 104,78 MB, PID 153812, Processes 2
2026-03-10 19:26:39 [INFO] Server health check successful: Uptime 87,62 seconds, Memory 104,84 MB, PID 153812, Processes 2
2026-03-10 19:26:39 [INFO] Server health check successful: Uptime 88,01 seconds, Memory 104,9 MB, PID 153812, Processes 2
2026-03-10 19:26:40 [INFO] Server health check successful: Uptime 88,43 seconds, Memory 104,96 MB, PID 153812, Processes 2
2026-03-10 19:26:40 [INFO] Server health check successful: Uptime 88,83 seconds, Memory 105,03 MB, PID 153812, Processes 2
2026-03-10 19:26:40 [INFO] Server health check successful: Uptime 89,22 seconds, Memory 105,09 MB, PID 153812, Processes 2
2026-03-10 19:26:41 [INFO] Server health check successful: Uptime 89,62 seconds, Memory 105,14 MB, PID 153812, Processes 2
2026-03-10 19:26:41 [INFO] Server health check successful: Uptime 90,03 seconds, Memory 105,21 MB, PID 153812, Processes 2
2026-03-10 19:26:42 [INFO] Server health check successful: Uptime 90,41 seconds, Memory 105,27 MB, PID 153812, Processes 2
2026-03-10 19:26:42 [INFO] Server health check successful: Uptime 90,82 seconds, Memory 105,34 MB, PID 153812, Processes 2
2026-03-10 19:26:43 [INFO] Server health check successful: Uptime 91,26 seconds, Memory 105,41 MB, PID 153812, Processes 2
2026-03-10 19:26:43 [INFO] Server health check successful: Uptime 91,65 seconds, Memory 105,47 MB, PID 153812, Processes 2
2026-03-10 19:26:43 [INFO] Server health check successful: Uptime 92,07 seconds, Memory 105,53 MB, PID 153812, Processes 2
2026-03-10 19:26:44 [INFO] Server health check successful: Uptime 92,46 seconds, Memory 105,59 MB, PID 153812, Processes 2
2026-03-10 19:26:44 [INFO] Server health check successful: Uptime 92,91 seconds, Memory 105,65 MB, PID 153812, Processes 2
2026-03-10 19:26:45 [INFO] Server health check successful: Uptime 93,42 seconds, Memory 105,71 MB, PID 153812, Processes 2
2026-03-10 19:26:45 [INFO] Server health check successful: Uptime 93,83 seconds, Memory 105,78 MB, PID 153812, Processes 2
2026-03-10 19:26:46 [INFO] Server health check successful: Uptime 94,24 seconds, Memory 105,84 MB, PID 153812, Processes 2
2026-03-10 19:26:46 [INFO] Server health check successful: Uptime 94,63 seconds, Memory 105,9 MB, PID 153812, Processes 2
2026-03-10 19:26:46 [INFO] Server health check successful: Uptime 95,06 seconds, Memory 105,96 MB, PID 153812, Processes 2
2026-03-10 19:26:47 [INFO] Server health check successful: Uptime 95,56 seconds, Memory 106,03 MB, PID 153812, Processes 2
2026-03-10 19:26:47 [INFO] Server health check successful: Uptime 95,96 seconds, Memory 106,09 MB, PID 153812, Processes 2
2026-03-10 19:26:48 [INFO] Server health check successful: Uptime 96,35 seconds, Memory 106,15 MB, PID 153812, Processes 2
2026-03-10 19:26:48 [INFO] Server health check successful: Uptime 96,74 seconds, Memory 106,21 MB, PID 153812, Processes 2
2026-03-10 19:26:48 [INFO] Server health check successful: Uptime 97,14 seconds, Memory 106,4 MB, PID 153812, Processes 2
2026-03-10 19:26:49 [INFO] Server health check successful: Uptime 97,53 seconds, Memory 106,46 MB, PID 153812, Processes 2
2026-03-10 19:26:49 [INFO] Server health check successful: Uptime 98 seconds, Memory 106,53 MB, PID 153812, Processes 2
2026-03-10 19:26:50 [INFO] Server health check successful: Uptime 98,38 seconds, Memory 106,59 MB, PID 153812, Processes 2
2026-03-10 19:26:50 [INFO] Server health check successful: Uptime 98,76 seconds, Memory 106,62 MB, PID 153812, Processes 2
2026-03-10 19:26:50 [INFO] Server health check successful: Uptime 99,11 seconds, Memory 106,62 MB, PID 153812, Processes 2
2026-03-10 19:26:51 [INFO] Server health check successful: Uptime 99,48 seconds, Memory 106,62 MB, PID 153812, Processes 2
2026-03-10 19:26:51 [INFO] Server health check successful: Uptime 99,86 seconds, Memory 106,68 MB, PID 153812, Processes 2
2026-03-10 19:26:51 [INFO] Server health check successful: Uptime 100,22 seconds, Memory 106,74 MB, PID 153812, Processes 2
2026-03-10 19:26:52 [INFO] Server health check successful: Uptime 100,58 seconds, Memory 106,8 MB, PID 153812, Processes 2
2026-03-10 19:26:52 [INFO] Server health check successful: Uptime 100,98 seconds, Memory 106,87 MB, PID 153812, Processes 2
2026-03-10 19:26:53 [INFO] Server health check successful: Uptime 101,36 seconds, Memory 106,93 MB, PID 153812, Processes 2
2026-03-10 19:26:53 [INFO] Server health check successful: Uptime 101,75 seconds, Memory 106,99 MB, PID 153812, Processes 2
2026-03-10 19:26:53 [INFO] Server health check successful: Uptime 102,2 seconds, Memory 107,05 MB, PID 153812, Processes 2
2026-03-10 19:26:54 [INFO] Server health check successful: Uptime 102,57 seconds, Memory 107,12 MB, PID 153812, Processes 2
2026-03-10 19:26:54 [INFO] Server health check successful: Uptime 102,94 seconds, Memory 107,18 MB, PID 153812, Processes 2
2026-03-10 19:26:55 [INFO] Server health check successful: Uptime 103,36 seconds, Memory 107,23 MB, PID 153812, Processes 2
2026-03-10 19:26:55 [INFO] Server health check successful: Uptime 103,79 seconds, Memory 107,3 MB, PID 153812, Processes 2
2026-03-10 19:26:55 [INFO] Server health check successful: Uptime 104,19 seconds, Memory 107,36 MB, PID 153812, Processes 2
2026-03-10 19:26:56 [INFO] Server health check successful: Uptime 104,56 seconds, Memory 107,43 MB, PID 153812, Processes 2
2026-03-10 19:26:56 [INFO] Server health check successful: Uptime 104,92 seconds, Memory 107,5 MB, PID 153812, Processes 2
2026-03-10 19:26:57 [INFO] Server health check successful: Uptime 105,31 seconds, Memory 107,56 MB, PID 153812, Processes 2
2026-03-10 19:26:57 [INFO] Server health check successful: Uptime 105,71 seconds, Memory 107,62 MB, PID 153812, Processes 2
2026-03-10 19:26:57 [INFO] Server health check successful: Uptime 106,19 seconds, Memory 107,68 MB, PID 153812, Processes 2
2026-03-10 19:26:58 [INFO] Server health check successful: Uptime 106,55 seconds, Memory 107,74 MB, PID 153812, Processes 2
2026-03-10 19:26:58 [INFO] Server health check successful: Uptime 106,94 seconds, Memory 107,8 MB, PID 153812, Processes 2
2026-03-10 19:26:59 [INFO] Server health check successful: Uptime 107,33 seconds, Memory 107,87 MB, PID 153812, Processes 2
2026-03-10 19:26:59 [INFO] Server health check successful: Uptime 107,7 seconds, Memory 107,93 MB, PID 153812, Processes 2
2026-03-10 19:26:59 [INFO] Server health check successful: Uptime 108,12 seconds, Memory 108 MB, PID 153812, Processes 2
2026-03-10 19:27:00 [INFO] Server health check successful: Uptime 108,49 seconds, Memory 108,06 MB, PID 153812, Processes 2
2026-03-10 19:27:00 [INFO] Server health check successful: Uptime 108,86 seconds, Memory 108,12 MB, PID 153812, Processes 2
2026-03-10 19:27:00 [INFO] Server health check successful: Uptime 109,23 seconds, Memory 108,19 MB, PID 153812, Processes 2
2026-03-10 19:27:01 [INFO] Server health check successful: Uptime 109,6 seconds, Memory 108,25 MB, PID 153812, Processes 2
2026-03-10 19:27:01 [INFO] Server health check successful: Uptime 109,97 seconds, Memory 108,32 MB, PID 153812, Processes 2
2026-03-10 19:27:02 [INFO] Server health check successful: Uptime 110,34 seconds, Memory 108,38 MB, PID 153812, Processes 2
2026-03-10 19:27:02 [INFO] Server health check successful: Uptime 110,72 seconds, Memory 108,44 MB, PID 153812, Processes 2
2026-03-10 19:27:02 [INFO] Server health check successful: Uptime 111,07 seconds, Memory 108,5 MB, PID 153812, Processes 2
2026-03-10 19:27:03 [INFO] Server health check successful: Uptime 111,44 seconds, Memory 108,57 MB, PID 153812, Processes 2
2026-03-10 19:27:03 [INFO] Server health check successful: Uptime 111,8 seconds, Memory 108,63 MB, PID 153812, Processes 2
2026-03-10 19:27:03 [INFO] Server health check successful: Uptime 112,18 seconds, Memory 108,69 MB, PID 153812, Processes 2
2026-03-10 19:27:04 [INFO] Server health check successful: Uptime 112,54 seconds, Memory 108,75 MB, PID 153812, Processes 2
2026-03-10 19:27:04 [INFO] Server health check successful: Uptime 112,9 seconds, Memory 109,07 MB, PID 153812, Processes 2
2026-03-10 19:27:05 [INFO] Server health check successful: Uptime 113,27 seconds, Memory 109,13 MB, PID 153812, Processes 2
2026-03-10 19:27:05 [INFO] Server health check successful: Uptime 113,64 seconds, Memory 109,2 MB, PID 153812, Processes 2
2026-03-10 19:27:05 [INFO] Server health check successful: Uptime 114,02 seconds, Memory 109,26 MB, PID 153812, Processes 2
2026-03-10 19:27:06 [INFO] Server health check successful: Uptime 114,39 seconds, Memory 109,32 MB, PID 153812, Processes 2
2026-03-10 19:27:06 [INFO] Server health check successful: Uptime 114,75 seconds, Memory 109,38 MB, PID 153812, Processes 2
2026-03-10 19:27:06 [INFO] Server health check successful: Uptime 115,14 seconds, Memory 109,44 MB, PID 153812, Processes 2
2026-03-10 19:27:07 [INFO] Server health check successful: Uptime 115,52 seconds, Memory 109,5 MB, PID 153812, Processes 2
2026-03-10 19:27:07 [INFO] Server health check successful: Uptime 115,93 seconds, Memory 109,57 MB, PID 153812, Processes 2
2026-03-10 19:27:08 [INFO] Server health check successful: Uptime 116,35 seconds, Memory 109,63 MB, PID 153812, Processes 2
2026-03-10 19:27:08 [INFO] Server health check successful: Uptime 116,74 seconds, Memory 109,7 MB, PID 153812, Processes 2
2026-03-10 19:27:08 [INFO] Server health check successful: Uptime 117,12 seconds, Memory 109,76 MB, PID 153812, Processes 2
2026-03-10 19:27:09 [INFO] Server health check successful: Uptime 117,47 seconds, Memory 109,82 MB, PID 153812, Processes 2
2026-03-10 19:27:09 [INFO] Server health check successful: Uptime 117,89 seconds, Memory 109,88 MB, PID 153812, Processes 2
2026-03-10 19:27:10 [INFO] Server health check successful: Uptime 118,33 seconds, Memory 109,95 MB, PID 153812, Processes 2
2026-03-10 19:27:10 [INFO] Server health check successful: Uptime 118,9 seconds, Memory 110,01 MB, PID 153812, Processes 2
2026-03-10 19:27:11 [INFO] Server health check successful: Uptime 119,29 seconds, Memory 110,07 MB, PID 153812, Processes 2
2026-03-10 19:27:11 [INFO] Server health check successful: Uptime 119,66 seconds, Memory 110,13 MB, PID 153812, Processes 2
2026-03-10 19:27:11 [INFO] Server health check successful: Uptime 120,04 seconds, Memory 110,2 MB, PID 153812, Processes 2
2026-03-10 19:27:12 [INFO] Server health check successful: Uptime 120,44 seconds, Memory 110,26 MB, PID 153812, Processes 2
2026-03-10 19:27:12 [INFO] Server health check successful: Uptime 120,8 seconds, Memory 110,32 MB, PID 153812, Processes 2
2026-03-10 19:27:12 [INFO] Server health check successful: Uptime 121,19 seconds, Memory 110,38 MB, PID 153812, Processes 2
2026-03-10 19:27:13 [INFO] Server health check successful: Uptime 121,56 seconds, Memory 110,45 MB, PID 153812, Processes 2
2026-03-10 19:27:13 [INFO] Server health check successful: Uptime 121,92 seconds, Memory 110,51 MB, PID 153812, Processes 2
2026-03-10 19:27:14 [INFO] Server health check successful: Uptime 122,29 seconds, Memory 110,57 MB, PID 153812, Processes 2
2026-03-10 19:27:14 [INFO] Server health check successful: Uptime 122,71 seconds, Memory 110,63 MB, PID 153812, Processes 2
2026-03-10 19:27:14 [INFO] Server health check successful: Uptime 123,07 seconds, Memory 110,7 MB, PID 153812, Processes 2
2026-03-10 19:27:15 [INFO] Server health check successful: Uptime 123,43 seconds, Memory 110,75 MB, PID 153812, Processes 2
2026-03-10 19:27:15 [INFO] Server health check successful: Uptime 123,85 seconds, Memory 110,81 MB, PID 153812, Processes 2
2026-03-10 19:27:16 [INFO] Server health check successful: Uptime 124,25 seconds, Memory 110,88 MB, PID 153812, Processes 2
2026-03-10 19:27:16 [INFO] Server health check successful: Uptime 124,66 seconds, Memory 111,18 MB, PID 153812, Processes 2
2026-03-10 19:27:16 [INFO] Server health check successful: Uptime 125,14 seconds, Memory 111,25 MB, PID 153812, Processes 2
2026-03-10 19:27:17 [INFO] Server health check successful: Uptime 125,58 seconds, Memory 111,32 MB, PID 153812, Processes 2
2026-03-10 19:27:17 [INFO] Server health check successful: Uptime 126 seconds, Memory 111,38 MB, PID 153812, Processes 2
2026-03-10 19:27:18 [INFO] Server health check successful: Uptime 126,41 seconds, Memory 111,44 MB, PID 153812, Processes 2
2026-03-10 19:27:18 [INFO] Server health check successful: Uptime 126,82 seconds, Memory 111,5 MB, PID 153812, Processes 2
2026-03-10 19:27:18 [INFO] Server health check successful: Uptime 127,19 seconds, Memory 111,57 MB, PID 153812, Processes 2
2026-03-10 19:27:19 [INFO] Server health check successful: Uptime 127,55 seconds, Memory 111,62 MB, PID 153812, Processes 2
2026-03-10 19:27:19 [INFO] Server health check successful: Uptime 127,92 seconds, Memory 111,69 MB, PID 153812, Processes 2
2026-03-10 19:27:20 [INFO] Server health check successful: Uptime 128,32 seconds, Memory 111,75 MB, PID 153812, Processes 2
2026-03-10 19:27:20 [INFO] Server health check successful: Uptime 128,7 seconds, Memory 111,82 MB, PID 153812, Processes 2
2026-03-10 19:27:20 [INFO] Server health check successful: Uptime 129,09 seconds, Memory 111,88 MB, PID 153812, Processes 2
2026-03-10 19:27:21 [INFO] Server health check successful: Uptime 129,53 seconds, Memory 111,94 MB, PID 153812, Processes 2
2026-03-10 19:27:21 [INFO] Server health check successful: Uptime 129,94 seconds, Memory 112 MB, PID 153812, Processes 2
2026-03-10 19:27:22 [INFO] Server health check successful: Uptime 130,46 seconds, Memory 112,07 MB, PID 153812, Processes 2
2026-03-10 19:27:22 [INFO] Server health check successful: Uptime 131,02 seconds, Memory 112,13 MB, PID 153812, Processes 2
2026-03-10 19:27:23 [INFO] Server health check successful: Uptime 131,5 seconds, Memory 112,22 MB, PID 153812, Processes 2
2026-03-10 19:27:23 [INFO] Server health check successful: Uptime 132,08 seconds, Memory 112,28 MB, PID 153812, Processes 2
2026-03-10 19:27:24 [INFO] Server health check successful: Uptime 132,48 seconds, Memory 112,34 MB, PID 153812, Processes 2
2026-03-10 19:27:24 [INFO] Server health check successful: Uptime 132,93 seconds, Memory 112,41 MB, PID 153812, Processes 2
2026-03-10 19:27:25 [INFO] Server health check successful: Uptime 133,34 seconds, Memory 112,47 MB, PID 153812, Processes 2
2026-03-10 19:27:25 [INFO] Server health check successful: Uptime 133,87 seconds, Memory 112,5 MB, PID 153812, Processes 2
2026-03-10 19:27:26 [INFO] Server health check successful: Uptime 134,33 seconds, Memory 112,56 MB, PID 153812, Processes 2
2026-03-10 19:27:26 [INFO] Server health check successful: Uptime 134,83 seconds, Memory 112,62 MB, PID 153812, Processes 2
2026-03-10 19:27:27 [INFO] Server health check successful: Uptime 135,26 seconds, Memory 112,69 MB, PID 153812, Processes 2
2026-03-10 19:27:27 [INFO] Server health check successful: Uptime 135,78 seconds, Memory 112,75 MB, PID 153812, Processes 2
2026-03-10 19:27:28 [INFO] Server health check successful: Uptime 136,31 seconds, Memory 112,81 MB, PID 153812, Processes 2
2026-03-10 19:27:28 [INFO] Server health check successful: Uptime 136,84 seconds, Memory 112,88 MB, PID 153812, Processes 2
2026-03-10 19:27:29 [INFO] Server health check successful: Uptime 137,43 seconds, Memory 112,94 MB, PID 153812, Processes 2
2026-03-10 19:27:29 [INFO] Server health check successful: Uptime 137,89 seconds, Memory 113 MB, PID 153812, Processes 2
2026-03-10 19:27:30 [INFO] Server health check successful: Uptime 138,3 seconds, Memory 113,06 MB, PID 153812, Processes 2
2026-03-10 19:27:30 [INFO] Server health check successful: Uptime 138,7 seconds, Memory 113,12 MB, PID 153812, Processes 2
2026-03-10 19:27:30 [INFO] Server health check successful: Uptime 139,09 seconds, Memory 113,19 MB, PID 153812, Processes 2
2026-03-10 19:27:31 [INFO] Server health check successful: Uptime 139,5 seconds, Memory 113,25 MB, PID 153812, Processes 2
2026-03-10 19:27:31 [INFO] Server health check successful: Uptime 139,88 seconds, Memory 113,31 MB, PID 153812, Processes 2
2026-03-10 19:27:32 [INFO] Server health check successful: Uptime 140,32 seconds, Memory 113,38 MB, PID 153812, Processes 2
2026-03-10 19:27:32 [INFO] Server health check successful: Uptime 140,93 seconds, Memory 113,44 MB, PID 153812, Processes 2
2026-03-10 19:27:33 [INFO] Server health check successful: Uptime 141,56 seconds, Memory 113,5 MB, PID 153812, Processes 2
2026-03-10 19:27:33 [INFO] Server health check successful: Uptime 142 seconds, Memory 113,57 MB, PID 153812, Processes 2
2026-03-10 19:27:34 [INFO] Server health check successful: Uptime 142,42 seconds, Memory 113,63 MB, PID 153812, Processes 2
2026-03-10 19:27:34 [INFO] Server health check successful: Uptime 142,85 seconds, Memory 113,7 MB, PID 153812, Processes 2
2026-03-10 19:27:35 [INFO] Server health check successful: Uptime 143,29 seconds, Memory 113,76 MB, PID 153812, Processes 2
2026-03-10 19:27:35 [INFO] Server health check successful: Uptime 143,68 seconds, Memory 113,82 MB, PID 153812, Processes 2
2026-03-10 19:27:35 [INFO] Server health check successful: Uptime 144,15 seconds, Memory 113,88 MB, PID 153812, Processes 2
2026-03-10 19:27:36 [INFO] Server health check successful: Uptime 144,62 seconds, Memory 113,95 MB, PID 153812, Processes 2
2026-03-10 19:27:36 [INFO] Server health check successful: Uptime 145,17 seconds, Memory 114,01 MB, PID 153812, Processes 2
2026-03-10 19:27:37 [INFO] Server health check successful: Uptime 145,61 seconds, Memory 114,07 MB, PID 153812, Processes 2
2026-03-10 19:27:37 [INFO] Server health check successful: Uptime 146,04 seconds, Memory 114,13 MB, PID 153812, Processes 2
2026-03-10 19:27:38 [INFO] Server health check successful: Uptime 146,45 seconds, Memory 114,2 MB, PID 153812, Processes 2
2026-03-10 19:27:38 [INFO] Server health check successful: Uptime 146,84 seconds, Memory 114,26 MB, PID 153812, Processes 2
2026-03-10 19:27:38 [INFO] Server health check successful: Uptime 147,2 seconds, Memory 114,32 MB, PID 153812, Processes 2
2026-03-10 19:27:39 [INFO] Server health check successful: Uptime 147,55 seconds, Memory 114,63 MB, PID 153812, Processes 2
2026-03-10 19:27:39 [INFO] Server health check successful: Uptime 147,91 seconds, Memory 114,7 MB, PID 153812, Processes 2
2026-03-10 19:27:40 [INFO] Server health check successful: Uptime 148,28 seconds, Memory 114,76 MB, PID 153812, Processes 2
2026-03-10 19:27:40 [INFO] Server health check successful: Uptime 148,64 seconds, Memory 114,82 MB, PID 153812, Processes 2
2026-03-10 19:27:40 [INFO] Server health check successful: Uptime 149 seconds, Memory 114,89 MB, PID 153812, Processes 2
2026-03-10 19:27:41 [INFO] Server health check successful: Uptime 149,37 seconds, Memory 114,95 MB, PID 153812, Processes 2
2026-03-10 19:27:41 [INFO] Server health check successful: Uptime 149,73 seconds, Memory 115,01 MB, PID 153812, Processes 2
2026-03-10 19:27:41 [INFO] Server health check successful: Uptime 150,12 seconds, Memory 115,07 MB, PID 153812, Processes 2
2026-03-10 19:27:42 [INFO] Server health check successful: Uptime 150,48 seconds, Memory 115,14 MB, PID 153812, Processes 2
2026-03-10 19:27:42 [INFO] Server health check successful: Uptime 150,87 seconds, Memory 115,2 MB, PID 153812, Processes 2
2026-03-10 19:27:42 [INFO] Server health check successful: Uptime 151,24 seconds, Memory 115,26 MB, PID 153812, Processes 2
2026-03-10 19:27:43 [INFO] Server health check successful: Uptime 151,6 seconds, Memory 115,32 MB, PID 153812, Processes 2
2026-03-10 19:27:43 [INFO] Server health check successful: Uptime 151,96 seconds, Memory 115,39 MB, PID 153812, Processes 2
2026-03-10 19:27:44 [INFO] Server health check successful: Uptime 152,33 seconds, Memory 115,45 MB, PID 153812, Processes 2
2026-03-10 19:27:44 [INFO] Server health check successful: Uptime 152,7 seconds, Memory 115,51 MB, PID 153812, Processes 2
2026-03-10 19:27:44 [INFO] Server health check successful: Uptime 153,05 seconds, Memory 115,57 MB, PID 153812, Processes 2
2026-03-10 19:27:45 [INFO] Server health check successful: Uptime 153,41 seconds, Memory 115,63 MB, PID 153812, Processes 2
2026-03-10 19:27:45 [INFO] Server health check successful: Uptime 153,77 seconds, Memory 115,7 MB, PID 153812, Processes 2
2026-03-10 19:27:45 [INFO] Server health check successful: Uptime 154,14 seconds, Memory 115,76 MB, PID 153812, Processes 2
2026-03-10 19:27:46 [INFO] Server health check successful: Uptime 154,49 seconds, Memory 115,82 MB, PID 153812, Processes 2
2026-03-10 19:27:46 [INFO] Server health check successful: Uptime 154,85 seconds, Memory 115,89 MB, PID 153812, Processes 2
2026-03-10 19:27:46 [INFO] Server health check successful: Uptime 155,21 seconds, Memory 115,95 MB, PID 153812, Processes 2
2026-03-10 19:27:47 [INFO] Server health check successful: Uptime 155,57 seconds, Memory 116,01 MB, PID 153812, Processes 2
2026-03-10 19:27:47 [INFO] Server health check successful: Uptime 155,93 seconds, Memory 116,07 MB, PID 153812, Processes 2
2026-03-10 19:27:48 [INFO] Server health check successful: Uptime 156,28 seconds, Memory 116,14 MB, PID 153812, Processes 2
2026-03-10 19:27:48 [INFO] Server health check successful: Uptime 156,64 seconds, Memory 116,2 MB, PID 153812, Processes 2
2026-03-10 19:27:48 [INFO] Server health check successful: Uptime 156,99 seconds, Memory 116,26 MB, PID 153812, Processes 2
2026-03-10 19:27:49 [INFO] Server health check successful: Uptime 157,36 seconds, Memory 116,32 MB, PID 153812, Processes 2
2026-03-10 19:27:49 [INFO] Server health check successful: Uptime 157,73 seconds, Memory 116,39 MB, PID 153812, Processes 2
2026-03-10 19:27:49 [INFO] Server health check successful: Uptime 158,1 seconds, Memory 116,45 MB, PID 153812, Processes 2
2026-03-10 19:27:50 [INFO] Server health check successful: Uptime 158,47 seconds, Memory 116,51 MB, PID 153812, Processes 2
2026-03-10 19:27:50 [INFO] Server health check successful: Uptime 158,83 seconds, Memory 116,57 MB, PID 153812, Processes 2
2026-03-10 19:27:50 [INFO] Server health check successful: Uptime 159,2 seconds, Memory 116,64 MB, PID 153812, Processes 2
2026-03-10 19:27:51 [INFO] Server health check successful: Uptime 159,56 seconds, Memory 116,7 MB, PID 153812, Processes 2
2026-03-10 19:27:51 [INFO] Server health check successful: Uptime 159,93 seconds, Memory 116,76 MB, PID 153812, Processes 2
2026-03-10 19:27:52 [INFO] Server health check successful: Uptime 160,3 seconds, Memory 116,82 MB, PID 153812, Processes 2
2026-03-10 19:27:52 [INFO] Server health check successful: Uptime 160,69 seconds, Memory 116,89 MB, PID 153812, Processes 2
2026-03-10 19:27:52 [INFO] Server health check successful: Uptime 161,05 seconds, Memory 116,95 MB, PID 153812, Processes 2
2026-03-10 19:27:53 [INFO] Server health check successful: Uptime 161,54 seconds, Memory 117,01 MB, PID 153812, Processes 2
2026-03-10 19:27:53 [INFO] Server health check successful: Uptime 162,03 seconds, Memory 117,07 MB, PID 153812, Processes 2
2026-03-10 19:27:54 [INFO] Server health check successful: Uptime 162,47 seconds, Memory 117,14 MB, PID 153812, Processes 2
2026-03-10 19:27:54 [INFO] Server health check successful: Uptime 162,86 seconds, Memory 117,2 MB, PID 153812, Processes 2
2026-03-10 19:27:55 [INFO] Server health check successful: Uptime 163,26 seconds, Memory 117,26 MB, PID 153812, Processes 2
2026-03-10 19:27:55 [INFO] Server health check successful: Uptime 163,67 seconds, Memory 117,32 MB, PID 153812, Processes 2
2026-03-10 19:27:55 [INFO] Server health check successful: Uptime 164,04 seconds, Memory 117,39 MB, PID 153812, Processes 2
2026-03-10 19:27:56 [INFO] Server health check successful: Uptime 164,45 seconds, Memory 117,45 MB, PID 153812, Processes 2
2026-03-10 19:27:56 [INFO] Server health check successful: Uptime 165,08 seconds, Memory 117,51 MB, PID 153812, Processes 2
2026-03-10 19:27:57 [INFO] Server health check successful: Uptime 165,59 seconds, Memory 117,57 MB, PID 153812, Processes 2
2026-03-10 19:27:57 [INFO] Server health check successful: Uptime 166,01 seconds, Memory 117,63 MB, PID 153812, Processes 2
2026-03-10 19:27:58 [INFO] Server health check successful: Uptime 166,45 seconds, Memory 117,7 MB, PID 153812, Processes 2
2026-03-10 19:27:58 [INFO] Server health check successful: Uptime 166,9 seconds, Memory 117,76 MB, PID 153812, Processes 2
2026-03-10 19:27:59 [INFO] Server health check successful: Uptime 167,35 seconds, Memory 117,82 MB, PID 153812, Processes 2
2026-03-10 19:27:59 [INFO] Server health check successful: Uptime 167,83 seconds, Memory 117,89 MB, PID 153812, Processes 2
2026-03-10 19:27:59 [INFO] Server health check successful: Uptime 168,23 seconds, Memory 117,95 MB, PID 153812, Processes 2
2026-03-10 19:28:00 [INFO] Server health check successful: Uptime 168,57 seconds, Memory 118,01 MB, PID 153812, Processes 2
2026-03-10 19:28:00 [INFO] Server health check successful: Uptime 168,94 seconds, Memory 118,07 MB, PID 153812, Processes 2
2026-03-10 19:28:01 [INFO] Server health check successful: Uptime 169,33 seconds, Memory 118,14 MB, PID 153812, Processes 2
2026-03-10 19:28:01 [INFO] Server health check successful: Uptime 169,69 seconds, Memory 118,2 MB, PID 153812, Processes 2
2026-03-10 19:28:01 [INFO] Server health check successful: Uptime 170,07 seconds, Memory 118,26 MB, PID 153812, Processes 2
2026-03-10 19:28:02 [INFO] Server health check successful: Uptime 170,44 seconds, Memory 118,32 MB, PID 153812, Processes 2
2026-03-10 19:28:02 [INFO] Server health check successful: Uptime 170,79 seconds, Memory 118,39 MB, PID 153812, Processes 2
2026-03-10 19:28:02 [INFO] Server health check successful: Uptime 171,17 seconds, Memory 118,45 MB, PID 153812, Processes 2
2026-03-10 19:28:03 [INFO] Server health check successful: Uptime 171,55 seconds, Memory 118,51 MB, PID 153812, Processes 2
2026-03-10 19:28:03 [INFO] Server health check successful: Uptime 171,9 seconds, Memory 118,57 MB, PID 153812, Processes 2
2026-03-10 19:28:03 [INFO] Server health check successful: Uptime 172,26 seconds, Memory 118,64 MB, PID 153812, Processes 2
2026-03-10 19:28:04 [INFO] Server health check successful: Uptime 172,61 seconds, Memory 118,7 MB, PID 153812, Processes 2
2026-03-10 19:28:04 [INFO] Server health check successful: Uptime 172,99 seconds, Memory 118,76 MB, PID 153812, Processes 2
2026-03-10 19:28:05 [INFO] Server health check successful: Uptime 173,38 seconds, Memory 118,82 MB, PID 153812, Processes 2
2026-03-10 19:28:05 [INFO] Server health check successful: Uptime 173,75 seconds, Memory 118,89 MB, PID 153812, Processes 2
2026-03-10 19:28:05 [INFO] Server health check successful: Uptime 174,12 seconds, Memory 118,95 MB, PID 153812, Processes 2
2026-03-10 19:28:06 [INFO] Server health check successful: Uptime 174,51 seconds, Memory 119,01 MB, PID 153812, Processes 2
2026-03-10 19:28:06 [INFO] Server health check successful: Uptime 174,87 seconds, Memory 119,07 MB, PID 153812, Processes 2
2026-03-10 19:28:06 [INFO] Server health check successful: Uptime 175,23 seconds, Memory 119,14 MB, PID 153812, Processes 2
2026-03-10 19:28:07 [INFO] Server health check successful: Uptime 175,59 seconds, Memory 119,2 MB, PID 153812, Processes 2
2026-03-10 19:28:07 [INFO] Server health check successful: Uptime 175,94 seconds, Memory 119,26 MB, PID 153812, Processes 2
2026-03-10 19:28:08 [INFO] Server health check successful: Uptime 176,29 seconds, Memory 119,32 MB, PID 153812, Processes 2
2026-03-10 19:28:08 [INFO] Server health check successful: Uptime 176,65 seconds, Memory 119,39 MB, PID 153812, Processes 2
2026-03-10 19:28:08 [INFO] Server health check successful: Uptime 177 seconds, Memory 119,45 MB, PID 153812, Processes 2
2026-03-10 19:28:09 [INFO] Server health check successful: Uptime 177,36 seconds, Memory 119,51 MB, PID 153812, Processes 2
2026-03-10 19:28:09 [INFO] Server health check successful: Uptime 177,73 seconds, Memory 119,57 MB, PID 153812, Processes 2
2026-03-10 19:28:09 [INFO] Server health check successful: Uptime 178,09 seconds, Memory 119,64 MB, PID 153812, Processes 2
2026-03-10 19:28:10 [INFO] Server health check successful: Uptime 178,44 seconds, Memory 119,95 MB, PID 153812, Processes 2
2026-03-10 19:28:19 [INFO] audio player opened FfF44GN9o4U.mp3
2026-03-10 19:28:19 [INFO] audio player started playing
2026-03-10 19:28:32 [INFO] audio player disposed
2026-03-10 19:28:35 [INFO] Saving 6 downloaded medias to C:\Users\brand\RiderProjects\PyScrapper\PyScrapperDesktopApp\data\downloadedMedias.json
2026-03-10 19:28:35 [INFO] Downloaded medias saved successfully
2026-03-10 19:28:35 [INFO] Shutting down local server...
2026-03-10 19:28:35 [INFO] Local server is shutdown
2026-03-12 17:59:36 [INFO] Application initializing...
2026-03-12 17:59:36 [INFO] Installing frontend requirements
2026-03-12 17:59:38 [INFO] Frontend requirements installation completed
2026-03-12 17:59:38 [INFO] Starting local server and installing requirements for backend
2026-03-12 17:59:41 [INFO] Waiting for local server to start...
2026-03-12 17:59:42 [INFO] Server health check successful: Uptime 0,32 seconds, Memory 64,33 MB, PID 155956, Processes 2
2026-03-12 17:59:42 [INFO] Local server started and backend requirements installation complete
2026-03-12 17:59:43 [INFO] Loading downloaded medias from C:\Users\brand\RiderProjects\PyScrapper\PyScrapperDesktopApp\data\downloadedMedias.json
2026-03-12 17:59:43 [INFO] Loaded 6 downloaded medias from C:\Users\brand\RiderProjects\PyScrapper\PyScrapperDesktopApp\data\downloadedMedias.json
2026-03-12 17:59:43 [INFO] Application started with 6 listed medias and 0 playable medias | deleted 0 medias
2026-03-12 18:00:35 [ERROR] An error occurred while trying to play the media: Media not found
2026-03-12 18:00:41 [INFO] Server health check successful: Uptime 59,41 seconds, Memory 68 MB, PID 155956, Processes 2
2026-03-12 18:01:09 [INFO] Server health check successful: Uptime 86,59 seconds, Memory 68,13 MB, PID 155956, Processes 2
2026-03-12 18:01:20 [INFO] Search successful for query: "Greeen vanilla sky", found 5 results
2026-03-12 18:01:36 [INFO] Server health check successful: Uptime 114,04 seconds, Memory 72,68 MB, PID 155956, Processes 2
2026-03-12 18:01:44 [INFO] Server received request and sent message: Request received for download, you can view progress under /download/progress/c8c5b820-cb14-40a6-baf7-4e36bc80ab7d
2026-03-12 18:01:46 [INFO] Download progress for ID: "c8c5b820-cb14-40a6-baf7-4e36bc80ab7d": downloading..., 0%, 0 MB/s
2026-03-12 18:01:47 [INFO] Download progress for ID: "c8c5b820-cb14-40a6-baf7-4e36bc80ab7d": downloading..., 0%, 0 MB/s
2026-03-12 18:01:48 [INFO] Download progress for ID: "c8c5b820-cb14-40a6-baf7-4e36bc80ab7d": downloading..., 0%, 0 MB/s
2026-03-12 18:01:49 [INFO] Download progress for ID: "c8c5b820-cb14-40a6-baf7-4e36bc80ab7d": downloading..., 0%, 0 MB/s
2026-03-12 18:01:50 [INFO] Download progress for ID: "c8c5b820-cb14-40a6-baf7-4e36bc80ab7d": downloading..., 0%, 0 MB/s
2026-03-12 18:01:51 [INFO] Download progress for ID: "c8c5b820-cb14-40a6-baf7-4e36bc80ab7d": downloading..., 0%, 0 MB/s
2026-03-12 18:01:52 [INFO] Download progress for ID: "c8c5b820-cb14-40a6-baf7-4e36bc80ab7d": downloading..., 0%, 0 MB/s
2026-03-12 18:01:53 [INFO] Download progress for ID: "c8c5b820-cb14-40a6-baf7-4e36bc80ab7d": downloading..., 0%, 0 MB/s
2026-03-12 18:01:54 [INFO] Download progress for ID: "c8c5b820-cb14-40a6-baf7-4e36bc80ab7d": downloading..., 0%, 0 MB/s
2026-03-12 18:01:55 [INFO] Download progress for ID: "c8c5b820-cb14-40a6-baf7-4e36bc80ab7d": downloading..., 0%, 0 MB/s
2026-03-12 18:01:56 [INFO] Download progress for ID: "c8c5b820-cb14-40a6-baf7-4e36bc80ab7d": downloading..., 0%, 0 MB/s
2026-03-12 18:01:57 [INFO] Download progress for ID: "c8c5b820-cb14-40a6-baf7-4e36bc80ab7d": downloading..., 0%, 0 MB/s
2026-03-12 18:01:58 [INFO] Download progress for ID: "c8c5b820-cb14-40a6-baf7-4e36bc80ab7d": downloading..., 0%, 0 MB/s
2026-03-12 18:01:59 [INFO] Download progress for ID: "c8c5b820-cb14-40a6-baf7-4e36bc80ab7d": downloading..., 0%, 0 MB/s
2026-03-12 18:02:00 [INFO] Download progress for ID: "c8c5b820-cb14-40a6-baf7-4e36bc80ab7d": downloading..., 0%, 0 MB/s
2026-03-12 18:02:01 [INFO] Download progress for ID: "c8c5b820-cb14-40a6-baf7-4e36bc80ab7d": downloading..., 0%, 0 MB/s
2026-03-12 18:02:02 [INFO] Download progress for ID: "c8c5b820-cb14-40a6-baf7-4e36bc80ab7d": downloading..., 0%, 0 MB/s
2026-03-12 18:02:03 [INFO] Download progress for ID: "c8c5b820-cb14-40a6-baf7-4e36bc80ab7d": downloading..., 0%, 0 MB/s
2026-03-12 18:02:04 [INFO] Download progress for ID: "c8c5b820-cb14-40a6-baf7-4e36bc80ab7d": downloading..., 0%, 0 MB/s
2026-03-12 18:02:04 [INFO] Server health check successful: Uptime 142 seconds, Memory 87,98 MB, PID 155956, Processes 2
2026-03-12 18:02:05 [INFO] Download progress for ID: "c8c5b820-cb14-40a6-baf7-4e36bc80ab7d": downloading..., 0%, 0 MB/s
2026-03-12 18:02:06 [INFO] Download progress for ID: "c8c5b820-cb14-40a6-baf7-4e36bc80ab7d": downloading..., 0%, 0 MB/s
2026-03-12 18:02:07 [INFO] Download progress for ID: "c8c5b820-cb14-40a6-baf7-4e36bc80ab7d": error, 0%, 0 MB/s
2026-03-12 18:02:07 [ERROR] ERROR: [youtube] x-DAnS74WPw: Sign in to confirm your age. This video may be inappropriate for some users. Use --cookies-from-browser or --cookies for the authentication. See  https://github.com/yt-dlp/yt-dlp/wiki/FAQ#how-do-i-pass-cookies-to-yt-dlp  for how to manually pass cookies. Also see  https://github.com/yt-dlp/yt-dlp/wiki/Extractors#exporting-youtube-cookies  for tips on effectively exporting YouTube cookies
2026-03-12 18:02:31 [INFO] Server health check successful: Uptime 169,51 seconds, Memory 87,05 MB, PID 155956, Processes 2
2026-03-12 18:02:56 [INFO] Search successful for query: "Vanilla Sky Greeen", found 6 results
2026-03-12 18:02:59 [INFO] Server health check successful: Uptime 196,72 seconds, Memory 88,62 MB, PID 155956, Processes 2
2026-03-12 18:03:08 [INFO] Server received request and sent message: Request received for download, you can view progress under /download/progress/1b81bbe8-3ebd-42f1-9160-e1c312938f94
2026-03-12 18:03:10 [INFO] Download progress for ID: "1b81bbe8-3ebd-42f1-9160-e1c312938f94": downloading..., 0%, 0 MB/s
2026-03-12 18:03:11 [INFO] Download progress for ID: "1b81bbe8-3ebd-42f1-9160-e1c312938f94": complete, 100%, 15,86 MB/s
2026-03-12 18:03:22 [INFO] audio player opened Vanilla Sky.mp3
2026-03-12 18:03:22 [INFO] audio player started playing
2026-03-12 18:03:26 [INFO] Server health check successful: Uptime 223,83 seconds, Memory 90,75 MB, PID 155956, Processes 2
2026-03-12 18:03:38 [INFO] Saving 8 downloaded medias to C:\Users\brand\RiderProjects\PyScrapper\PyScrapperDesktopApp\data\downloadedMedias.json
2026-03-12 18:03:38 [INFO] Downloaded medias saved successfully
2026-03-12 18:03:53 [INFO] Server health check successful: Uptime 251 seconds, Memory 90,74 MB, PID 155956, Processes 2
2026-03-12 18:04:20 [INFO] Server health check successful: Uptime 278 seconds, Memory 90,73 MB, PID 155956, Processes 2
2026-03-12 18:04:47 [INFO] Server health check successful: Uptime 305,01 seconds, Memory 90,86 MB, PID 155956, Processes 2
2026-03-12 18:05:14 [INFO] Server health check successful: Uptime 331,98 seconds, Memory 91,16 MB, PID 155956, Processes 2
2026-03-12 18:05:41 [INFO] Server health check successful: Uptime 359,46 seconds, Memory 91,36 MB, PID 155956, Processes 2
2026-03-12 18:06:08 [INFO] Server health check successful: Uptime 386,5 seconds, Memory 91,36 MB, PID 155956, Processes 2
2026-03-12 18:06:35 [INFO] Server health check successful: Uptime 413,56 seconds, Memory 91,33 MB, PID 155956, Processes 2
2026-03-12 18:06:50 [INFO] audio player disposed
2026-03-12 18:06:51 [INFO] Shutting down local server...
2026-03-12 18:06:51 [INFO] Local server is shutdown
2026-03-12 19:07:14 [INFO] Application initializing...
2026-03-12 19:07:14 [INFO] Installing frontend requirements
2026-03-12 19:07:16 [INFO] Frontend requirements installation completed
2026-03-12 19:07:16 [INFO] Starting local server and installing requirements for backend
2026-03-12 19:07:18 [INFO] Server health check successful: Uptime 307,19 seconds, Memory 63,67 MB, PID 129828, Processes 4
2026-03-12 19:07:18 [INFO] Local server started and backend requirements installation complete
2026-03-12 19:07:18 [INFO] Loading downloaded medias from C:\Users\brand\RiderProjects\PyScrapper\PyScrapperDesktopApp\data\downloadedMedias.json
2026-03-12 19:07:18 [INFO] Loaded 8 downloaded medias from C:\Users\brand\RiderProjects\PyScrapper\PyScrapperDesktopApp\data\downloadedMedias.json
2026-03-12 19:07:18 [WARNING] Media with id 1 removed from the list because it does not exist
2026-03-12 19:07:18 [WARNING] Media with id 2 removed from the list because it does not exist
2026-03-12 19:07:18 [WARNING] Media with id 3 removed from the list because it does not exist
2026-03-12 19:07:18 [WARNING] Media with id 4 removed from the list because it does not exist
2026-03-12 19:07:18 [WARNING] Media with id 5 removed from the list because it does not exist
2026-03-12 19:07:18 [WARNING] Media with id 6 removed from the list because it does not exist
2026-03-12 19:07:18 [INFO] Application started with 2 listed medias and 2 playable medias | deleted 6 medias
2026-03-12 19:07:36 [INFO] audio player opened Vanilla Sky.mp3
2026-03-12 19:07:36 [INFO] audio player started playing
2026-03-12 19:07:36 [INFO] audio player opened Vanilla Sky.mp3
2026-03-12 19:07:36 [INFO] audio player started playing
2026-03-12 19:07:38 [INFO] audio player disposed
2026-03-12 19:07:59 [INFO] Search successful for query: "Greeen könig der lügner", found 6 results
2026-03-12 19:08:21 [INFO] Server received request and sent message: Request received for download, you can view progress under /download/progress/4bc6221a-695a-4bde-8a94-a3605e057fdd
2026-03-12 19:08:23 [INFO] Download progress for ID: "4bc6221a-695a-4bde-8a94-a3605e057fdd": downloading..., 0%, 0 MB/s
2026-03-12 19:08:24 [INFO] Download progress for ID: "4bc6221a-695a-4bde-8a94-a3605e057fdd": error, 0%, 0 MB/s
2026-03-12 19:08:24 [ERROR] [0;31mERROR:[0m [youtube] KSnQuG6bQQo: Sign in to confirm your age. This video may be inappropriate for some users. Use --cookies-from-browser or --cookies for the authentication. See  https://github.com/yt-dlp/yt-dlp/wiki/FAQ#how-do-i-pass-cookies-to-yt-dlp  for how to manually pass cookies. Also see  https://github.com/yt-dlp/yt-dlp/wiki/Extractors#exporting-youtube-cookies  for tips on effectively exporting YouTube cookies
2026-03-12 19:08:33 [INFO] Saving 3 downloaded medias to C:\Users\brand\RiderProjects\PyScrapper\PyScrapperDesktopApp\data\downloadedMedias.json
2026-03-12 19:08:33 [INFO] Downloaded medias saved successfully
2026-03-12 19:14:23 [INFO] audio player stopped
2026-03-12 19:14:26 [INFO] audio player started playing
2026-03-12 19:15:14 [INFO] Application initializing...
2026-03-12 19:15:14 [INFO] Installing frontend requirements
2026-03-12 19:15:16 [INFO] Frontend requirements installation completed
2026-03-12 19:15:16 [INFO] Starting local server and installing requirements for backend
2026-03-12 19:15:17 [INFO] Server health check successful: Uptime 787,07 seconds, Memory 85,62 MB, PID 129828, Processes 4
2026-03-12 19:15:17 [INFO] Local server started and backend requirements installation complete
2026-03-12 19:15:18 [INFO] Loading downloaded medias from C:\Users\brand\RiderProjects\PyScrapper\PyScrapperDesktopApp\data\downloadedMedias.json
2026-03-12 19:15:18 [INFO] Loaded 3 downloaded medias from C:\Users\brand\RiderProjects\PyScrapper\PyScrapperDesktopApp\data\downloadedMedias.json
2026-03-12 19:15:18 [INFO] Application started with 3 listed medias and 2 playable medias | deleted 0 medias
2026-03-12 19:15:53 [ERROR] An error occurred while trying to delete the file: File not found
2026-03-12 19:16:10 [INFO] Search successful for query: "Greeen König der lügner", found 5 results
2026-03-12 19:16:29 [INFO] Server received request and sent message: Request received for download, you can view progress under /download/progress/45bd791a-d746-45e1-8831-e7979606972a
2026-03-12 19:16:31 [INFO] Download progress for ID: "45bd791a-d746-45e1-8831-e7979606972a": downloading, 73%, 11,33 MB/s
2026-03-12 19:16:32 [INFO] Download progress for ID: "45bd791a-d746-45e1-8831-e7979606972a": complete, 100%, 14,26 MB/s
2026-03-12 19:16:35 [INFO] audio player opened König der Lügner.mp3
2026-03-12 19:16:35 [INFO] audio player started playing
2026-03-12 19:17:25 [INFO] Search successful for query: "1 minute video", found 8 results
2026-03-12 19:17:44 [INFO] Server received request and sent message: Request received for download, you can view progress under /download/progress/de183175-bc44-4b2e-aaf9-c0b2b681bb42
2026-03-12 19:17:46 [INFO] Download progress for ID: "de183175-bc44-4b2e-aaf9-c0b2b681bb42": downloading..., 0%, 0 MB/s
2026-03-12 19:17:47 [INFO] Download progress for ID: "de183175-bc44-4b2e-aaf9-c0b2b681bb42": downloading, 53%, 4,99 MB/s
2026-03-12 19:17:48 [INFO] Download progress for ID: "de183175-bc44-4b2e-aaf9-c0b2b681bb42": complete, 100%, 7,23 MB/s
2026-03-12 19:18:38 [INFO] Search successful for query: "1 minute video", found 24 results
2026-03-12 19:18:58 [INFO] Server received request and sent message: Request received for download, you can view progress under /download/progress/6287665a-8f61-4d14-b60c-34e6f9b18b70
2026-03-12 19:19:00 [INFO] Download progress for ID: "6287665a-8f61-4d14-b60c-34e6f9b18b70": downloading, 6%, 8,47 MB/s
2026-03-12 19:19:01 [INFO] Download progress for ID: "6287665a-8f61-4d14-b60c-34e6f9b18b70": downloading, 73%, 7,79 MB/s
2026-03-12 19:19:02 [INFO] Download progress for ID: "6287665a-8f61-4d14-b60c-34e6f9b18b70": complete, 100%, 6,84 MB/s
2026-03-12 19:19:24 [INFO] Server health check successful: Uptime 1033,45 seconds, Memory 94,55 MB, PID 129828, Processes 2
2026-03-12 19:19:39 [INFO] audio player disposed
2026-03-12 19:19:41 [INFO] audio player opened Vanilla Sky.mp3
2026-03-12 19:19:41 [INFO] audio player started playing
2026-03-12 19:19:51 [INFO] Server health check successful: Uptime 1060,56 seconds, Memory 94,56 MB, PID 129828, Processes 2
2026-03-12 19:19:56 [INFO] Saving 2 downloaded medias to C:\Users\brand\RiderProjects\PyScrapper\PyScrapperDesktopApp\data\downloadedMedias.json
2026-03-12 19:19:56 [INFO] Downloaded medias saved successfully
2026-03-12 19:20:04 [INFO] audio player disposed
2026-03-12 19:20:04 [INFO] Shutting down local server...
2026-03-12 19:20:04 [INFO] Local server is shutdown
2026-03-12 19:20:54 [INFO] Application initializing...
2026-03-12 19:20:54 [INFO] Installing frontend requirements
2026-03-12 19:20:56 [INFO] Frontend requirements installation completed
2026-03-12 19:20:56 [INFO] Starting local server and installing requirements for backend
2026-03-12 19:20:59 [INFO] Server health check successful: Uptime 0,26 seconds, Memory 63,9 MB, PID 164684, Processes 2
2026-03-12 19:20:59 [INFO] Local server started and backend requirements installation complete
2026-03-12 19:20:59 [INFO] Loading downloaded medias from C:\Users\brand\RiderProjects\PyScrapper\PyScrapperDesktopApp\data\downloadedMedias.json
2026-03-12 19:20:59 [INFO] Loaded 2 downloaded medias from C:\Users\brand\RiderProjects\PyScrapper\PyScrapperDesktopApp\data\downloadedMedias.json
2026-03-12 19:20:59 [INFO] Application started with 2 listed medias and 2 playable medias | deleted 0 medias
2026-03-12 19:21:21 [INFO] Search successful for query: "1 minute video", found 24 results
2026-03-12 19:21:35 [INFO] Saving 2 downloaded medias to C:\Users\brand\RiderProjects\PyScrapper\PyScrapperDesktopApp\data\downloadedMedias.json
2026-03-12 19:21:35 [INFO] Downloaded medias saved successfully
2026-03-12 19:21:35 [INFO] Shutting down local server...
2026-03-12 19:21:35 [INFO] Local server is shutdown
2026-03-12 19:22:25 [INFO] Application initializing...
2026-03-12 19:22:25 [INFO] Installing frontend requirements
2026-03-12 19:22:27 [INFO] Frontend requirements installation completed
2026-03-12 19:22:27 [INFO] Starting local server and installing requirements for backend
2026-03-12 19:22:30 [INFO] Server health check successful: Uptime 0,29 seconds, Memory 64,05 MB, PID 147344, Processes 2
2026-03-12 19:22:30 [INFO] Local server started and backend requirements installation complete
2026-03-12 19:22:30 [INFO] Loading downloaded medias from C:\Users\brand\RiderProjects\PyScrapper\PyScrapperDesktopApp\data\downloadedMedias.json
2026-03-12 19:22:30 [INFO] Loaded 2 downloaded medias from C:\Users\brand\RiderProjects\PyScrapper\PyScrapperDesktopApp\data\downloadedMedias.json
2026-03-12 19:22:30 [INFO] Application started with 2 listed medias and 2 playable medias | deleted 0 medias
2026-03-12 19:22:43 [INFO] Search successful for query: "1 minute video", found 20 results
2026-03-12 19:23:01 [INFO] Saving 2 downloaded medias to C:\Users\brand\RiderProjects\PyScrapper\PyScrapperDesktopApp\data\downloadedMedias.json
2026-03-12 19:23:01 [INFO] Downloaded medias saved successfully
2026-03-12 19:23:01 [INFO] Shutting down local server...
2026-03-12 19:23:01 [INFO] Local server is shutdown
2026-03-12 19:23:53 [INFO] Application initializing...
2026-03-12 19:23:53 [INFO] Installing frontend requirements
2026-03-12 19:23:55 [INFO] Frontend requirements installation completed
2026-03-12 19:23:55 [INFO] Starting local server and installing requirements for backend
2026-03-12 19:23:58 [INFO] Server health check successful: Uptime 0,31 seconds, Memory 64,14 MB, PID 158412, Processes 2
2026-03-12 19:23:58 [INFO] Local server started and backend requirements installation complete
2026-03-12 19:23:58 [INFO] Loading downloaded medias from C:\Users\brand\RiderProjects\PyScrapper\PyScrapperDesktopApp\data\downloadedMedias.json
2026-03-12 19:23:58 [INFO] Loaded 2 downloaded medias from C:\Users\brand\RiderProjects\PyScrapper\PyScrapperDesktopApp\data\downloadedMedias.json
2026-03-12 19:23:58 [INFO] Application started with 2 listed medias and 2 playable medias | deleted 0 medias
2026-03-12 19:24:15 [INFO] Search successful for query: "1 minute video", found 24 results
2026-03-12 19:24:28 [INFO] Saving 2 downloaded medias to C:\Users\brand\RiderProjects\PyScrapper\PyScrapperDesktopApp\data\downloadedMedias.json
2026-03-12 19:24:28 [INFO] Downloaded medias saved successfully
2026-03-12 19:24:28 [INFO] Shutting down local server...
2026-03-12 19:24:28 [INFO] Local server is shutdown
2026-03-12 19:27:14 [INFO] Application initializing...
2026-03-12 19:27:14 [INFO] Installing frontend requirements
2026-03-12 19:27:16 [INFO] Frontend requirements installation completed
2026-03-12 19:27:16 [INFO] Starting local server and installing requirements for backend
2026-03-12 19:27:19 [INFO] Server health check successful: Uptime 0,26 seconds, Memory 64,36 MB, PID 153720, Processes 2
2026-03-12 19:27:19 [INFO] Local server started and backend requirements installation complete
2026-03-12 19:27:19 [INFO] Loading downloaded medias from C:\Users\brand\RiderProjects\PyScrapper\PyScrapperDesktopApp\data\downloadedMedias.json
2026-03-12 19:27:19 [INFO] Loaded 2 downloaded medias from C:\Users\brand\RiderProjects\PyScrapper\PyScrapperDesktopApp\data\downloadedMedias.json
2026-03-12 19:27:19 [INFO] Application started with 2 listed medias and 2 playable medias | deleted 0 medias
2026-03-12 19:27:44 [INFO] Search successful for query: "1 minute video", found 20 results
2026-03-12 19:27:46 [INFO] Saving 2 downloaded medias to C:\Users\brand\RiderProjects\PyScrapper\PyScrapperDesktopApp\data\downloadedMedias.json
2026-03-12 19:27:46 [INFO] Downloaded medias saved successfully
2026-03-12 19:27:46 [INFO] Shutting down local server...
2026-03-12 19:27:46 [INFO] Local server is shutdown
2026-03-12 19:28:12 [INFO] Application initializing...
2026-03-12 19:28:12 [INFO] Installing frontend requirements
2026-03-12 19:28:14 [INFO] Frontend requirements installation completed
2026-03-12 19:28:14 [INFO] Starting local server and installing requirements for backend
2026-03-12 19:28:17 [INFO] Server health check successful: Uptime 0,24 seconds, Memory 64,27 MB, PID 164708, Processes 2
2026-03-12 19:28:17 [INFO] Local server started and backend requirements installation complete
2026-03-12 19:28:17 [INFO] Loading downloaded medias from C:\Users\brand\RiderProjects\PyScrapper\PyScrapperDesktopApp\data\downloadedMedias.json
2026-03-12 19:28:17 [INFO] Loaded 2 downloaded medias from C:\Users\brand\RiderProjects\PyScrapper\PyScrapperDesktopApp\data\downloadedMedias.json
2026-03-12 19:28:17 [INFO] Application started with 2 listed medias and 2 playable medias | deleted 0 medias
2026-03-12 19:28:30 [INFO] Search successful for query: "1 minute video", found 19 results
2026-03-12 19:29:01 [INFO] Server received request and sent message: Request received for download, you can view progress under /download/progress/eb63fcb1-4e62-4888-b728-26f908998eee
2026-03-12 19:29:03 [INFO] Download progress for ID: "eb63fcb1-4e62-4888-b728-26f908998eee": downloading..., 0%, 0 MB/s
2026-03-12 19:29:04 [INFO] Download progress for ID: "eb63fcb1-4e62-4888-b728-26f908998eee": downloading..., 0%, 0 MB/s
2026-03-12 19:29:05 [INFO] Download progress for ID: "eb63fcb1-4e62-4888-b728-26f908998eee": downloading..., 0%, 0 MB/s
2026-03-12 19:29:06 [INFO] Download progress for ID: "eb63fcb1-4e62-4888-b728-26f908998eee": downloading..., 0%, 0 MB/s
2026-03-12 19:29:07 [INFO] Download progress for ID: "eb63fcb1-4e62-4888-b728-26f908998eee": downloading..., 0%, 0 MB/s
2026-03-12 19:29:08 [INFO] Download progress for ID: "eb63fcb1-4e62-4888-b728-26f908998eee": downloading..., 0%, 0 MB/s
2026-03-12 19:29:09 [INFO] Download progress for ID: "eb63fcb1-4e62-4888-b728-26f908998eee": downloading..., 0%, 0 MB/s
2026-03-12 19:29:10 [INFO] Download progress for ID: "eb63fcb1-4e62-4888-b728-26f908998eee": downloading..., 0%, 0 MB/s
2026-03-12 19:29:11 [INFO] Download progress for ID: "eb63fcb1-4e62-4888-b728-26f908998eee": downloading..., 0%, 0 MB/s
2026-03-12 19:29:12 [INFO] Download progress for ID: "eb63fcb1-4e62-4888-b728-26f908998eee": downloading..., 0%, 0 MB/s
2026-03-12 19:29:13 [INFO] Download progress for ID: "eb63fcb1-4e62-4888-b728-26f908998eee": downloading..., 0%, 0 MB/s
2026-03-12 19:29:14 [INFO] Server health check successful: Uptime 57,42 seconds, Memory 89 MB, PID 164708, Processes 2
2026-03-12 19:29:14 [INFO] Download progress for ID: "eb63fcb1-4e62-4888-b728-26f908998eee": downloading..., 0%, 0 MB/s
2026-03-12 19:29:15 [INFO] Download progress for ID: "eb63fcb1-4e62-4888-b728-26f908998eee": downloading..., 0%, 0 MB/s
2026-03-12 19:29:16 [INFO] Download progress for ID: "eb63fcb1-4e62-4888-b728-26f908998eee": downloading..., 0%, 0 MB/s
2026-03-12 19:29:17 [INFO] Download progress for ID: "eb63fcb1-4e62-4888-b728-26f908998eee": downloading..., 0%, 0 MB/s
2026-03-12 19:29:18 [INFO] Download progress for ID: "eb63fcb1-4e62-4888-b728-26f908998eee": downloading..., 0%, 0 MB/s
2026-03-12 19:29:19 [INFO] Download progress for ID: "eb63fcb1-4e62-4888-b728-26f908998eee": downloading..., 0%, 0 MB/s
2026-03-12 19:29:20 [INFO] Download progress for ID: "eb63fcb1-4e62-4888-b728-26f908998eee": downloading..., 0%, 0 MB/s
2026-03-12 19:29:21 [INFO] Download progress for ID: "eb63fcb1-4e62-4888-b728-26f908998eee": downloading..., 0%, 0 MB/s
2026-03-12 19:29:23 [INFO] Download progress for ID: "eb63fcb1-4e62-4888-b728-26f908998eee": downloading..., 0%, 0 MB/s
2026-03-12 19:29:24 [INFO] Download progress for ID: "eb63fcb1-4e62-4888-b728-26f908998eee": downloading, 27%, 15,23 MB/s
2026-03-12 19:29:25 [INFO] Download progress for ID: "eb63fcb1-4e62-4888-b728-26f908998eee": downloading, 53%, 5,82 MB/s
2026-03-12 19:29:26 [INFO] Download progress for ID: "eb63fcb1-4e62-4888-b728-26f908998eee": complete, 100%, 8,13 MB/s
2026-03-12 19:29:35 [INFO] audio player opened Doggie.mp4
2026-03-12 19:29:35 [INFO] audio player started playing
2026-03-12 19:29:41 [INFO] audio player disposed
2026-03-12 19:30:03 [INFO] Saving 2 downloaded medias to C:\Users\brand\RiderProjects\PyScrapper\PyScrapperDesktopApp\data\downloadedMedias.json
2026-03-12 19:30:03 [INFO] Downloaded medias saved successfully
2026-03-12 19:30:03 [INFO] Shutting down local server...
2026-03-12 19:30:03 [INFO] Local server is shutdown
2026-03-14 11:47:35 [INFO] Application initializing...
2026-03-14 11:47:35 [INFO] Installing frontend requirements
2026-03-14 11:47:38 [INFO] Frontend requirements installation completed
2026-03-14 11:47:38 [INFO] Starting local server and installing requirements for backend
2026-03-14 11:47:41 [INFO] Waiting for local server to start...
2026-03-14 11:47:42 [INFO] Server health check successful: Uptime 0,39 seconds, Memory 64,7 MB, PID 161140, Processes 2
2026-03-14 11:47:42 [INFO] Local server started and backend requirements installation complete
2026-03-14 11:47:43 [INFO] Loading downloaded medias from C:\Users\brand\RiderProjects\PyScrapper\PyScrapperDesktopApp\data\downloadedMedias.json
2026-03-14 11:47:43 [INFO] Loaded 2 downloaded medias from C:\Users\brand\RiderProjects\PyScrapper\PyScrapperDesktopApp\data\downloadedMedias.json
2026-03-14 11:47:43 [INFO] Application started with 2 listed medias and 2 playable medias | deleted 0 medias
2026-03-14 11:48:05 [INFO] audio player opened Vanilla Sky.mp3
2026-03-14 11:48:05 [INFO] audio player started playing
2026-03-14 11:48:26 [INFO] Server received request and sent message: Request received for download, you can view progress under /download/progress/8ad70b22-390e-4947-9d8d-72b6f08692dc
2026-03-14 11:48:28 [INFO] Download progress for ID: "8ad70b22-390e-4947-9d8d-72b6f08692dc": complete, 100%, 5,79 MB/s
2026-03-14 11:48:34 [INFO] Server health check successful: Uptime 52,32 seconds, Memory 70,7 MB, PID 161140, Processes 2
2026-03-14 11:49:01 [INFO] Server health check successful: Uptime 79,27 seconds, Memory 70,84 MB, PID 161140, Processes 2
2026-03-14 11:49:28 [INFO] Server health check successful: Uptime 106,21 seconds, Memory 71,17 MB, PID 161140, Processes 2
2026-03-14 11:49:55 [INFO] Server health check successful: Uptime 133,2 seconds, Memory 71,52 MB, PID 161140, Processes 2
2026-03-14 11:50:22 [INFO] Server health check successful: Uptime 160,15 seconds, Memory 71,82 MB, PID 161140, Processes 2
2026-03-14 11:50:23 [INFO] Search successful for query: "1 minute video", found 6 results
2026-03-14 11:50:39 [INFO] Server received request and sent message: Request received for download, you can view progress under /download/progress/13cafffb-4b3d-4bbc-8559-e9a73bde8d42
2026-03-14 11:50:41 [INFO] Download progress for ID: "13cafffb-4b3d-4bbc-8559-e9a73bde8d42": downloading..., 0%, 0 MB/s
2026-03-14 11:50:42 [INFO] Download progress for ID: "13cafffb-4b3d-4bbc-8559-e9a73bde8d42": downloading, 69%, 2,79 MB/s
2026-03-14 11:50:43 [INFO] Download progress for ID: "13cafffb-4b3d-4bbc-8559-e9a73bde8d42": complete, 100%, 7,38 MB/s
2026-03-14 11:50:49 [INFO] Server health check successful: Uptime 187,09 seconds, Memory 88,28 MB, PID 161140, Processes 2
2026-03-14 11:50:54 [INFO] File deleted successfully: C:\Users\brand\RiderProjects\PyScrapper\Downloads\Doggie.mp4
2026-03-14 11:50:57 [INFO] Media removed from the list: https://www.youtube.com/watch?v=YLslsZuEaNE
2026-03-14 11:51:04 [INFO] File deleted successfully: C:\Users\brand\RiderProjects\PyScrapper\Downloads\Concrete Jungle.mp3
2026-03-14 11:51:06 [INFO] Media removed from the list: https://suno.com/song/c03046d5-97bc-4b43-8350-db6c15e999dd
2026-03-14 11:51:16 [INFO] Server health check successful: Uptime 214,09 seconds, Memory 88,25 MB, PID 161140, Processes 2
2026-03-14 11:51:18 [INFO] Server health check successful: Uptime 216,4 seconds, Memory 88,25 MB, PID 161140, Processes 2
2026-03-14 11:51:29 [INFO] audio player disposed
2026-03-14 11:51:31 [INFO] Saving 2 downloaded medias to C:\Users\brand\RiderProjects\PyScrapper\PyScrapperDesktopApp\data\downloadedMedias.json
2026-03-14 11:51:31 [INFO] Downloaded medias saved successfully
2026-03-14 11:51:31 [INFO] Shutting down local server...
2026-03-14 11:51:31 [INFO] Local server is shutdown
2026-03-14 12:25:40 [INFO] Application initializing...
2026-03-14 12:25:40 [INFO] Installing frontend requirements
2026-03-14 12:25:42 [INFO] Frontend requirements installation completed
2026-03-14 12:25:42 [INFO] Starting local server and installing requirements for backend
2026-03-14 12:25:45 [INFO] Waiting for local server to start...
2026-03-14 12:25:48 [INFO] Waiting for local server to start...
2026-03-14 12:25:51 [INFO] Waiting for local server to start...
2026-03-14 12:25:54 [INFO] Waiting for local server to start...
2026-03-14 12:25:57 [INFO] Waiting for local server to start...
2026-03-14 12:26:00 [INFO] Waiting for local server to start...
2026-03-14 12:26:02 [INFO] Server health check successful: Uptime 0,85 seconds, Memory 63,97 MB, PID 138712, Processes 2
2026-03-14 12:26:02 [INFO] Local server started and backend requirements installation complete
2026-03-14 12:26:02 [INFO] Loading downloaded medias from C:\Users\brand\RiderProjects\PyScrapper\PyScrapperDesktopApp\data\downloadedMedias.json
2026-03-14 12:26:02 [INFO] Loaded 2 downloaded medias from C:\Users\brand\RiderProjects\PyScrapper\PyScrapperDesktopApp\data\downloadedMedias.json
2026-03-14 12:26:02 [INFO] Application started with 2 listed medias and 2 playable medias | deleted 0 medias
2026-03-14 12:26:14 [INFO] Saving 2 downloaded medias to C:\Users\brand\RiderProjects\PyScrapper\PyScrapperDesktopApp\data\downloadedMedias.json
2026-03-14 12:26:14 [INFO] Downloaded medias saved successfully
2026-03-14 12:26:14 [INFO] Shutting down local server...
2026-03-14 12:26:14 [INFO] Local server is shutdown
2026-03-14 12:28:30 [INFO] Application initializing...
2026-03-14 12:28:30 [INFO] Installing frontend requirements
2026-03-14 12:28:32 [INFO] Frontend requirements installation completed
2026-03-14 12:28:32 [INFO] Starting local server and installing requirements for backend
2026-03-14 12:28:35 [INFO] Server health check successful: Uptime 0,35 seconds, Memory 63,95 MB, PID 143936, Processes 2
2026-03-14 12:28:35 [INFO] Local server started and backend requirements installation complete
2026-03-14 12:28:35 [INFO] Loading downloaded medias from C:\Users\brand\RiderProjects\PyScrapper\PyScrapperDesktopApp\data\downloadedMedias.json
2026-03-14 12:28:35 [INFO] Loaded 2 downloaded medias from C:\Users\brand\RiderProjects\PyScrapper\PyScrapperDesktopApp\data\downloadedMedias.json
2026-03-14 12:28:35 [INFO] Application started with 2 listed medias and 2 playable medias | deleted 0 medias
2026-03-14 12:28:40 [INFO] Saving 2 downloaded medias to C:\Users\brand\RiderProjects\PyScrapper\PyScrapperDesktopApp\data\downloadedMedias.json
2026-03-14 12:28:40 [INFO] Downloaded medias saved successfully
2026-03-14 12:28:40 [INFO] Shutting down local server...
2026-03-14 12:28:40 [INFO] Local server is shutdown
2026-03-14 12:35:09 [INFO] Application initializing...
2026-03-14 12:35:09 [INFO] Installing frontend requirements
2026-03-14 12:35:11 [INFO] Frontend requirements installation completed
2026-03-14 12:35:11 [INFO] Starting local server and installing requirements for backend
2026-03-14 12:35:14 [INFO] Server health check successful: Uptime 0,32 seconds, Memory 64,18 MB, PID 157436, Processes 2
2026-03-14 12:35:14 [INFO] Local server started and backend requirements installation complete
2026-03-14 12:35:14 [INFO] Loading downloaded medias from C:\Users\brand\RiderProjects\PyScrapper\PyScrapperDesktopApp\data\downloadedMedias.json
2026-03-14 12:35:14 [INFO] Loaded 2 downloaded medias from C:\Users\brand\RiderProjects\PyScrapper\PyScrapperDesktopApp\data\downloadedMedias.json
2026-03-14 12:35:14 [INFO] Application started with 2 listed medias and 2 playable medias | deleted 0 medias
2026-03-14 12:35:19 [INFO] Saving 2 downloaded medias to C:\Users\brand\RiderProjects\PyScrapper\PyScrapperDesktopApp\data\downloadedMedias.json
2026-03-14 12:35:19 [INFO] Downloaded medias saved successfully
2026-03-14 12:35:19 [INFO] Shutting down local server...
2026-03-14 12:35:19 [INFO] Local server is shutdown
2026-03-14 12:35:52 [INFO] Application initializing...
2026-03-14 12:35:52 [INFO] Installing frontend requirements
2026-03-14 12:35:54 [INFO] Frontend requirements installation completed
2026-03-14 12:35:54 [INFO] Starting local server and installing requirements for backend
2026-03-14 12:35:57 [INFO] Server health check successful: Uptime 0,25 seconds, Memory 63,86 MB, PID 144120, Processes 2
2026-03-14 12:35:57 [INFO] Local server started and backend requirements installation complete
2026-03-14 12:36:08 [INFO] Application initializing...
2026-03-14 12:36:08 [INFO] Installing frontend requirements
2026-03-14 12:36:10 [INFO] Frontend requirements installation completed
2026-03-14 12:36:10 [INFO] Starting local server and installing requirements for backend
2026-03-14 12:36:11 [INFO] Server health check successful: Uptime 14,5 seconds, Memory 67,64 MB, PID 144120, Processes 4
2026-03-14 12:36:11 [INFO] Local server started and backend requirements installation complete
2026-03-14 12:36:12 [INFO] Loading downloaded medias from C:\Users\brand\RiderProjects\PyScrapper\PyScrapperDesktopApp\data\downloadedMedias.json
2026-03-14 12:36:12 [INFO] Loaded 2 downloaded medias from C:\Users\brand\RiderProjects\PyScrapper\PyScrapperDesktopApp\data\downloadedMedias.json
2026-03-14 12:36:12 [INFO] Application started with 2 listed medias and 2 playable medias | deleted 0 medias
2026-03-14 12:36:15 [INFO] Saving 2 downloaded medias to C:\Users\brand\RiderProjects\PyScrapper\PyScrapperDesktopApp\data\downloadedMedias.json
2026-03-14 12:36:15 [INFO] Downloaded medias saved successfully
2026-03-14 12:36:15 [INFO] Shutting down local server...
2026-03-14 12:36:15 [INFO] Local server is shutdown
2026-03-14 12:41:41 [INFO] Application initializing...
2026-03-14 12:41:41 [INFO] Installing frontend requirements
2026-03-14 12:41:43 [INFO] Frontend requirements installation completed
2026-03-14 12:41:43 [INFO] Starting local server and installing requirements for backend
2026-03-14 12:41:46 [INFO] Server health check successful: Uptime 0,35 seconds, Memory 64,09 MB, PID 151364, Processes 2
2026-03-14 12:41:46 [INFO] Local server started and backend requirements installation complete
2026-03-14 12:41:46 [INFO] Loading downloaded medias from C:\Users\brand\RiderProjects\PyScrapper\PyScrapperDesktopApp\data\downloadedMedias.json
2026-03-14 12:41:46 [INFO] Loaded 2 downloaded medias from C:\Users\brand\RiderProjects\PyScrapper\PyScrapperDesktopApp\data\downloadedMedias.json
2026-03-14 12:41:46 [INFO] Application started with 2 listed medias and 2 playable medias | deleted 0 medias
2026-03-14 12:41:55 [INFO] Saving 2 downloaded medias to C:\Users\brand\RiderProjects\PyScrapper\PyScrapperDesktopApp\data\downloadedMedias.json
2026-03-14 12:41:55 [INFO] Downloaded medias saved successfully
2026-03-14 12:41:55 [INFO] Shutting down local server...
2026-03-14 12:41:55 [INFO] Local server is shutdown
2026-03-14 12:43:57 [INFO] Application initializing...
2026-03-14 12:43:57 [INFO] Installing frontend requirements
2026-03-14 12:43:59 [INFO] Frontend requirements installation completed
2026-03-14 12:43:59 [INFO] Starting local server and installing requirements for backend
2026-03-14 12:44:02 [INFO] Server health check successful: Uptime 0,27 seconds, Memory 63,84 MB, PID 151192, Processes 2
2026-03-14 12:44:02 [INFO] Local server started and backend requirements installation complete
2026-03-14 12:44:02 [INFO] Loading downloaded medias from C:\Users\brand\RiderProjects\PyScrapper\PyScrapperDesktopApp\data\downloadedMedias.json
2026-03-14 12:44:02 [INFO] Loaded 2 downloaded medias from C:\Users\brand\RiderProjects\PyScrapper\PyScrapperDesktopApp\data\downloadedMedias.json
2026-03-14 12:44:02 [INFO] Application started with 2 listed medias and 2 playable medias | deleted 0 medias
2026-03-14 12:44:05 [INFO] Saving 2 downloaded medias to C:\Users\brand\RiderProjects\PyScrapper\PyScrapperDesktopApp\data\downloadedMedias.json
2026-03-14 12:44:05 [INFO] Downloaded medias saved successfully
2026-03-14 12:44:05 [INFO] Shutting down local server...
2026-03-14 12:44:05 [INFO] Local server is shutdown
2026-03-14 12:44:17 [INFO] Application initializing...
2026-03-14 12:44:17 [INFO] Installing frontend requirements
2026-03-14 12:44:19 [INFO] Frontend requirements installation completed
2026-03-14 12:44:19 [INFO] Starting local server and installing requirements for backend
2026-03-14 12:44:22 [INFO] Server health check successful: Uptime 0,39 seconds, Memory 63,88 MB, PID 137996, Processes 2
2026-03-14 12:44:22 [INFO] Local server started and backend requirements installation complete
2026-03-14 12:44:22 [INFO] Loading downloaded medias from C:\Users\brand\RiderProjects\PyScrapper\PyScrapperDesktopApp\data\downloadedMedias.json
2026-03-14 12:44:22 [INFO] Loaded 2 downloaded medias from C:\Users\brand\RiderProjects\PyScrapper\PyScrapperDesktopApp\data\downloadedMedias.json
2026-03-14 12:44:22 [INFO] Application started with 2 listed medias and 2 playable medias | deleted 0 medias
2026-03-14 12:46:40 [INFO] Saving 2 downloaded medias to C:\Users\brand\RiderProjects\PyScrapper\PyScrapperDesktopApp\data\downloadedMedias.json
2026-03-14 12:46:40 [INFO] Downloaded medias saved successfully
2026-03-14 12:46:40 [INFO] Shutting down local server...
2026-03-14 12:46:40 [INFO] Local server is shutdown
2026-03-14 12:46:56 [INFO] Application initializing...
2026-03-14 12:46:56 [INFO] Installing frontend requirements
2026-03-14 12:46:58 [INFO] Frontend requirements installation completed
2026-03-14 12:46:58 [INFO] Starting local server and installing requirements for backend
2026-03-14 12:47:01 [INFO] Server health check successful: Uptime 0,37 seconds, Memory 63,5 MB, PID 148708, Processes 2
2026-03-14 12:47:01 [INFO] Local server started and backend requirements installation complete
2026-03-14 12:47:01 [INFO] Loading downloaded medias from C:\Users\brand\RiderProjects\PyScrapper\PyScrapperDesktopApp\data\downloadedMedias.json
2026-03-14 12:47:01 [INFO] Loaded 2 downloaded medias from C:\Users\brand\RiderProjects\PyScrapper\PyScrapperDesktopApp\data\downloadedMedias.json
2026-03-14 12:47:01 [INFO] Application started with 2 listed medias and 2 playable medias | deleted 0 medias
2026-03-14 12:49:05 [INFO] Saving 2 downloaded medias to C:\Users\brand\RiderProjects\PyScrapper\PyScrapperDesktopApp\data\downloadedMedias.json
2026-03-14 12:49:05 [INFO] Downloaded medias saved successfully
2026-03-14 12:49:05 [INFO] Shutting down local server...
2026-03-14 12:49:05 [INFO] Local server is shutdown
2026-03-14 12:49:23 [INFO] Application initializing...
2026-03-14 12:49:23 [INFO] Installing frontend requirements
2026-03-14 12:49:25 [INFO] Frontend requirements installation completed
2026-03-14 12:49:25 [INFO] Starting local server and installing requirements for backend
2026-03-14 12:49:28 [INFO] Server health check successful: Uptime 0,33 seconds, Memory 63,82 MB, PID 146140, Processes 2
2026-03-14 12:49:28 [INFO] Local server started and backend requirements installation complete
2026-03-14 12:49:28 [INFO] Loading downloaded medias from C:\Users\brand\RiderProjects\PyScrapper\PyScrapperDesktopApp\data\downloadedMedias.json
2026-03-14 12:49:28 [INFO] Loaded 2 downloaded medias from C:\Users\brand\RiderProjects\PyScrapper\PyScrapperDesktopApp\data\downloadedMedias.json
2026-03-14 12:49:28 [INFO] Application started with 2 listed medias and 2 playable medias | deleted 0 medias
2026-03-14 12:49:47 [INFO] Saving 2 downloaded medias to C:\Users\brand\RiderProjects\PyScrapper\PyScrapperDesktopApp\data\downloadedMedias.json
2026-03-14 12:49:47 [INFO] Downloaded medias saved successfully
2026-03-14 12:49:47 [INFO] Shutting down local server...
2026-03-14 12:49:47 [INFO] Local server is shutdown
2026-03-14 12:50:44 [INFO] Application initializing...
2026-03-14 12:50:44 [INFO] Installing frontend requirements
2026-03-14 12:50:46 [INFO] Frontend requirements installation completed
2026-03-14 12:50:46 [INFO] Starting local server and installing requirements for backend
2026-03-14 12:50:49 [INFO] Server health check successful: Uptime 0,28 seconds, Memory 63,52 MB, PID 160756, Processes 2
2026-03-14 12:50:49 [INFO] Local server started and backend requirements installation complete
2026-03-14 12:50:49 [INFO] Loading downloaded medias from C:\Users\brand\RiderProjects\PyScrapper\PyScrapperDesktopApp\data\downloadedMedias.json
2026-03-14 12:50:49 [INFO] Loaded 2 downloaded medias from C:\Users\brand\RiderProjects\PyScrapper\PyScrapperDesktopApp\data\downloadedMedias.json
2026-03-14 12:50:49 [INFO] Application started with 2 listed medias and 2 playable medias | deleted 0 medias
2026-03-14 12:51:20 [INFO] Saving 2 downloaded medias to C:\Users\brand\RiderProjects\PyScrapper\PyScrapperDesktopApp\data\downloadedMedias.json
2026-03-14 12:51:20 [INFO] Downloaded medias saved successfully
2026-03-14 12:51:20 [INFO] Shutting down local server...
2026-03-14 12:51:20 [INFO] Local server is shutdown
2026-03-14 16:08:10 [INFO] Application initializing...
2026-03-14 16:08:10 [INFO] Installing frontend requirements
2026-03-14 16:08:12 [INFO] Frontend requirements installation completed
2026-03-14 16:08:12 [INFO] Starting local server and installing requirements for backend
2026-03-14 16:08:15 [INFO] Waiting for local server to start...
2026-03-14 16:08:16 [INFO] Server health check successful: Uptime 0,79 seconds, Memory 63,79 MB, PID 147568, Processes 2
2026-03-14 16:08:16 [INFO] Local server started and backend requirements installation complete
2026-03-14 16:08:17 [INFO] Loading downloaded medias from C:\Users\brand\RiderProjects\PyScrapper\PyScrapperDesktopApp\data\downloadedMedias.json
2026-03-14 16:08:17 [INFO] Loaded 2 downloaded medias from C:\Users\brand\RiderProjects\PyScrapper\PyScrapperDesktopApp\data\downloadedMedias.json
2026-03-14 16:08:17 [INFO] Application started with 2 listed medias and 2 playable medias | deleted 0 medias
2026-03-14 16:08:26 [INFO] Saving 2 downloaded medias to C:\Users\brand\RiderProjects\PyScrapper\PyScrapperDesktopApp\data\downloadedMedias.json
2026-03-14 16:08:26 [INFO] Downloaded medias saved successfully
2026-03-14 16:08:26 [INFO] Shutting down local server...
2026-03-14 16:08:26 [INFO] Local server is shutdown
2026-03-14 16:08:34 [INFO] Application initializing...
2026-03-14 16:08:34 [INFO] Installing frontend requirements
2026-03-14 16:08:36 [INFO] Frontend requirements installation completed
2026-03-14 16:08:36 [INFO] Starting local server and installing requirements for backend
2026-03-14 16:08:39 [INFO] Server health check successful: Uptime 0,31 seconds, Memory 63,77 MB, PID 153120, Processes 2
2026-03-14 16:08:39 [INFO] Local server started and backend requirements installation complete
2026-03-14 16:08:59 [INFO] Application initializing...
2026-03-14 16:08:59 [INFO] Installing frontend requirements
2026-03-14 16:09:00 [INFO] Frontend requirements installation completed
2026-03-14 16:09:00 [INFO] Starting local server and installing requirements for backend
2026-03-14 16:09:02 [INFO] Server health check successful: Uptime 23,01 seconds, Memory 67,39 MB, PID 153120, Processes 4
2026-03-14 16:09:02 [INFO] Local server started and backend requirements installation complete
2026-03-14 16:09:15 [INFO] Application initializing...
2026-03-14 16:09:15 [INFO] Installing frontend requirements
2026-03-14 16:09:17 [INFO] Frontend requirements installation completed
2026-03-14 16:09:17 [INFO] Starting local server and installing requirements for backend
2026-03-14 16:09:18 [INFO] Server health check successful: Uptime 39,39 seconds, Memory 67,45 MB, PID 153120, Processes 4
2026-03-14 16:09:18 [INFO] Local server started and backend requirements installation complete
2026-03-14 16:09:31 [INFO] Application initializing...
2026-03-14 16:09:31 [INFO] Installing frontend requirements
2026-03-14 16:09:33 [INFO] Frontend requirements installation completed
2026-03-14 16:09:33 [INFO] Starting local server and installing requirements for backend
2026-03-14 16:09:35 [INFO] Server health check successful: Uptime 55,64 seconds, Memory 67,53 MB, PID 153120, Processes 4
2026-03-14 16:09:35 [INFO] Local server started and backend requirements installation complete
2026-03-14 16:09:35 [INFO] Loading downloaded medias from C:\Users\brand\RiderProjects\PyScrapper\PyScrapperDesktopApp\data\downloadedMedias.json
2026-03-14 16:09:35 [INFO] Loaded 2 downloaded medias from C:\Users\brand\RiderProjects\PyScrapper\PyScrapperDesktopApp\data\downloadedMedias.json
2026-03-14 16:09:35 [INFO] Application started with 2 listed medias and 2 playable medias | deleted 0 medias
2026-03-14 16:09:41 [INFO] Saving 2 downloaded medias to C:\Users\brand\RiderProjects\PyScrapper\PyScrapperDesktopApp\data\downloadedMedias.json
2026-03-14 16:09:41 [INFO] Downloaded medias saved successfully
2026-03-14 16:09:41 [INFO] Shutting down local server...
2026-03-14 16:09:41 [INFO] Local server is shutdown
2026-03-14 16:13:30 [INFO] Application initializing...
2026-03-14 16:13:30 [INFO] Installing frontend requirements
2026-03-14 16:13:32 [INFO] Frontend requirements installation completed
2026-03-14 16:13:32 [INFO] Starting local server and installing requirements for backend
2026-03-14 16:13:35 [INFO] Server health check successful: Uptime 0,35 seconds, Memory 64,14 MB, PID 143432, Processes 2
2026-03-14 16:13:35 [INFO] Local server started and backend requirements installation complete
2026-03-14 16:13:35 [INFO] Loading downloaded medias from C:\Users\brand\RiderProjects\PyScrapper\PyScrapperDesktopApp\data\downloadedMedias.json
2026-03-14 16:13:35 [INFO] Loaded 2 downloaded medias from C:\Users\brand\RiderProjects\PyScrapper\PyScrapperDesktopApp\data\downloadedMedias.json
2026-03-14 16:13:35 [INFO] Application started with 2 listed medias and 2 playable medias | deleted 0 medias
2026-03-14 16:13:58 [INFO] Saving 2 downloaded medias to C:\Users\brand\RiderProjects\PyScrapper\PyScrapperDesktopApp\data\downloadedMedias.json
2026-03-14 16:13:58 [INFO] Downloaded medias saved successfully
2026-03-14 16:13:58 [INFO] Shutting down local server...
2026-03-14 16:13:58 [INFO] Local server is shutdown
2026-03-14 16:18:08 [INFO] Application initializing...
2026-03-14 16:18:08 [INFO] Installing frontend requirements
2026-03-14 16:18:09 [INFO] Frontend requirements installation completed
2026-03-14 16:18:09 [INFO] Starting local server and installing requirements for backend
2026-03-14 16:18:12 [INFO] Server health check successful: Uptime 0,37 seconds, Memory 63,89 MB, PID 157316, Processes 2
2026-03-14 16:18:12 [INFO] Local server started and backend requirements installation complete
2026-03-14 16:18:12 [INFO] Loading downloaded medias from C:\Users\brand\RiderProjects\PyScrapper\PyScrapperDesktopApp\data\downloadedMedias.json
2026-03-14 16:18:13 [INFO] Loaded 2 downloaded medias from C:\Users\brand\RiderProjects\PyScrapper\PyScrapperDesktopApp\data\downloadedMedias.json
2026-03-14 16:18:13 [INFO] Application started with 2 listed medias and 2 playable medias | deleted 0 medias
2026-03-14 16:20:35 [INFO] Saving 2 downloaded medias to C:\Users\brand\RiderProjects\PyScrapper\PyScrapperDesktopApp\data\downloadedMedias.json
2026-03-14 16:20:35 [INFO] Downloaded medias saved successfully
2026-03-14 16:20:35 [INFO] Shutting down local server...
2026-03-14 16:20:35 [INFO] Local server is shutdown
2026-03-14 16:20:53 [INFO] Application initializing...
2026-03-14 16:20:53 [INFO] Installing frontend requirements
2026-03-14 16:20:55 [INFO] Frontend requirements installation completed
2026-03-14 16:20:55 [INFO] Starting local server and installing requirements for backend
2026-03-14 16:20:58 [INFO] Server health check successful: Uptime 0,18 seconds, Memory 64,4 MB, PID 143112, Processes 2
2026-03-14 16:20:58 [INFO] Local server started and backend requirements installation complete
2026-03-14 16:20:58 [INFO] Loading downloaded medias from C:\Users\brand\RiderProjects\PyScrapper\PyScrapperDesktopApp\data\downloadedMedias.json
2026-03-14 16:20:58 [INFO] Loaded 2 downloaded medias from C:\Users\brand\RiderProjects\PyScrapper\PyScrapperDesktopApp\data\downloadedMedias.json
2026-03-14 16:20:58 [INFO] Application started with 2 listed medias and 2 playable medias | deleted 0 medias
2026-03-14 16:21:15 [INFO] Saving 2 downloaded medias to C:\Users\brand\RiderProjects\PyScrapper\PyScrapperDesktopApp\data\downloadedMedias.json
2026-03-14 16:21:15 [INFO] Downloaded medias saved successfully
2026-03-14 16:21:15 [INFO] Shutting down local server...
2026-03-14 16:21:15 [INFO] Local server is shutdown
2026-03-14 16:23:29 [INFO] Application initializing...
2026-03-14 16:23:29 [INFO] Installing frontend requirements
2026-03-14 16:23:31 [INFO] Frontend requirements installation completed
2026-03-14 16:23:31 [INFO] Starting local server and installing requirements for backend
2026-03-14 16:23:34 [INFO] Server health check successful: Uptime 0,28 seconds, Memory 63,53 MB, PID 145768, Processes 2
2026-03-14 16:23:34 [INFO] Local server started and backend requirements installation complete
2026-03-14 16:23:35 [INFO] Loading downloaded medias from C:\Users\brand\RiderProjects\PyScrapper\PyScrapperDesktopApp\data\downloadedMedias.json
2026-03-14 16:23:35 [INFO] Loaded 2 downloaded medias from C:\Users\brand\RiderProjects\PyScrapper\PyScrapperDesktopApp\data\downloadedMedias.json
2026-03-14 16:23:35 [INFO] Application started with 2 listed medias and 2 playable medias | deleted 0 medias
2026-03-14 16:24:29 [INFO] Saving 2 downloaded medias to C:\Users\brand\RiderProjects\PyScrapper\PyScrapperDesktopApp\data\downloadedMedias.json
2026-03-14 16:24:29 [INFO] Downloaded medias saved successfully
2026-03-14 16:24:29 [INFO] Shutting down local server...
2026-03-14 16:24:29 [INFO] Local server is shutdown
2026-03-14 16:24:46 [INFO] Application initializing...
2026-03-14 16:24:46 [INFO] Installing frontend requirements
2026-03-14 16:24:48 [INFO] Frontend requirements installation completed
2026-03-14 16:24:48 [INFO] Starting local server and installing requirements for backend
2026-03-14 16:24:51 [INFO] Server health check successful: Uptime 0,29 seconds, Memory 63,89 MB, PID 144960, Processes 2
2026-03-14 16:24:51 [INFO] Local server started and backend requirements installation complete
2026-03-14 16:24:51 [INFO] Loading downloaded medias from C:\Users\brand\RiderProjects\PyScrapper\PyScrapperDesktopApp\data\downloadedMedias.json
2026-03-14 16:24:51 [INFO] Loaded 2 downloaded medias from C:\Users\brand\RiderProjects\PyScrapper\PyScrapperDesktopApp\data\downloadedMedias.json
2026-03-14 16:24:51 [INFO] Application started with 2 listed medias and 2 playable medias | deleted 0 medias
2026-03-14 16:28:09 [INFO] Saving 2 downloaded medias to C:\Users\brand\RiderProjects\PyScrapper\PyScrapperDesktopApp\data\downloadedMedias.json
2026-03-14 16:28:09 [INFO] Downloaded medias saved successfully
2026-03-14 16:28:09 [INFO] Shutting down local server...
2026-03-14 16:28:09 [INFO] Local server is shutdown
2026-03-14 19:48:52 [INFO] Application initializing...
2026-03-14 19:48:52 [INFO] Installing frontend requirements
2026-03-14 19:48:55 [INFO] Frontend requirements installation completed
2026-03-14 19:48:55 [INFO] Starting local server and installing requirements for backend
2026-03-14 19:48:58 [INFO] Waiting for local server to start...
2026-03-14 19:48:59 [INFO] Server health check successful: Uptime 0,42 seconds, Memory 63,75 MB, PID 167060, Processes 2
2026-03-14 19:48:59 [INFO] Local server started and backend requirements installation complete
2026-03-14 19:49:00 [INFO] Loading downloaded medias from C:\Users\brand\RiderProjects\PyScrapper\PyScrapperDesktopApp\data\downloadedMedias.json
2026-03-14 19:49:00 [INFO] Loaded 2 downloaded medias from C:\Users\brand\RiderProjects\PyScrapper\PyScrapperDesktopApp\data\downloadedMedias.json
2026-03-14 19:49:00 [INFO] Application started with 2 listed medias and 2 playable medias | deleted 0 medias
2026-03-14 19:49:17 [INFO] Server health check successful: Uptime 17,81 seconds, Memory 67,39 MB, PID 167060, Processes 2
2026-03-14 19:49:38 [INFO] audio player opened König der Lügner.mp3
2026-03-14 19:49:38 [INFO] audio player started playing
2026-03-14 19:51:16 [INFO] audio player disposed
2026-03-14 19:51:17 [INFO] audio player opened Vanilla Sky.mp3
2026-03-14 19:51:17 [INFO] audio player started playing
2026-03-14 19:59:26 [ERROR] An error occurred while trying to play the media: Media not found
2026-03-14 19:59:28 [ERROR] An error occurred while trying to play the media: Media not found
2026-03-14 19:59:30 [INFO] Media removed from the list: https://www.youtube.com/watch?v=Pyiu1AU5UpE
2026-03-14 19:59:32 [INFO] Media removed from the list: https://www.youtube.com/watch?v=x-DAnS74WPw
2026-03-14 19:59:43 [INFO] Saving 0 downloaded medias to C:\Users\brand\RiderProjects\PyScrapper\PyScrapperDesktopApp\data\downloadedMedias.json
2026-03-14 19:59:43 [INFO] Downloaded medias saved successfully
2026-03-14 19:59:48 [INFO] audio player disposed
2026-03-14 19:59:48 [INFO] Shutting down local server...
2026-03-14 19:59:48 [INFO] Local server is shutdown
2026-03-14 20:02:35 [INFO] Application initializing...
2026-03-14 20:02:35 [INFO] Installing frontend requirements
2026-03-14 20:02:37 [INFO] Frontend requirements installation completed
2026-03-14 20:02:37 [INFO] Starting local server and installing requirements for backend
2026-03-14 20:02:40 [INFO] Server health check successful: Uptime 0,2 seconds, Memory 64,12 MB, PID 158332, Processes 2
2026-03-14 20:02:40 [INFO] Local server started and backend requirements installation complete
2026-03-14 20:02:40 [INFO] Loading downloaded medias from C:\Users\brand\RiderProjects\PyScrapper\PyScrapperDesktopApp\data\downloadedMedias.json
2026-03-14 20:02:40 [INFO] Loaded 0 downloaded medias from C:\Users\brand\RiderProjects\PyScrapper\PyScrapperDesktopApp\data\downloadedMedias.json
2026-03-14 20:02:40 [INFO] Application started with 0 listed medias and 0 playable medias | deleted 0 medias
2026-03-14 20:02:54 [INFO] Search successful for query: "1 minute video", found 14 results
2026-03-14 20:03:03 [INFO] Server received request and sent message: Request received for download, you can view progress under /download/progress/f470cba2-abbe-41d8-ac1e-81e4b418a70f
2026-03-14 20:03:05 [INFO] Download progress for ID: "f470cba2-abbe-41d8-ac1e-81e4b418a70f": downloading..., 0%, 0 MB/s
2026-03-14 20:03:06 [INFO] Download progress for ID: "f470cba2-abbe-41d8-ac1e-81e4b418a70f": downloading, 67%, 2,37 MB/s
2026-03-14 20:03:07 [INFO] Download progress for ID: "f470cba2-abbe-41d8-ac1e-81e4b418a70f": complete, 100%, 6,68 MB/s
2026-03-14 20:03:11 [ERROR] An error occurred while trying to play the media: Media not found
2026-03-14 20:03:14 [ERROR] An error occurred while trying to play the media: Media not found
2026-03-14 20:03:29 [INFO] Media removed from the list: https://www.youtube.com/watch?v=YLslsZuEaNE
2026-03-14 20:03:30 [INFO] Saving 0 downloaded medias to C:\Users\brand\RiderProjects\PyScrapper\PyScrapperDesktopApp\data\downloadedMedias.json
2026-03-14 20:03:30 [INFO] Downloaded medias saved successfully
2026-03-14 20:03:30 [INFO] Shutting down local server...
2026-03-14 20:03:30 [INFO] Local server is shutdown
2026-03-14 20:05:23 [INFO] Application initializing...
2026-03-14 20:05:23 [INFO] Installing frontend requirements
2026-03-14 20:05:25 [INFO] Frontend requirements installation completed
2026-03-14 20:05:25 [INFO] Starting local server and installing requirements for backend
2026-03-14 20:05:28 [INFO] Server health check successful: Uptime 0,29 seconds, Memory 63,97 MB, PID 158656, Processes 2
2026-03-14 20:05:28 [INFO] Local server started and backend requirements installation complete
2026-03-14 20:05:28 [INFO] Loading downloaded medias from C:\Users\brand\RiderProjects\PyScrapper\PyScrapperDesktopApp\data\downloadedMedias.json
2026-03-14 20:05:28 [INFO] Loaded 0 downloaded medias from C:\Users\brand\RiderProjects\PyScrapper\PyScrapperDesktopApp\data\downloadedMedias.json
2026-03-14 20:05:28 [INFO] Application started with 0 listed medias and 0 playable medias | deleted 0 medias
2026-03-14 20:06:06 [INFO] Saving 0 downloaded medias to C:\Users\brand\RiderProjects\PyScrapper\PyScrapperDesktopApp\data\downloadedMedias.json
2026-03-14 20:06:06 [INFO] Downloaded medias saved successfully
2026-03-14 20:06:06 [INFO] Shutting down local server...
2026-03-14 20:06:06 [INFO] Local server is shutdown
2026-03-15 20:05:00 [INFO] Application initializing...
2026-03-15 20:05:00 [INFO] Installing frontend requirements
2026-03-15 20:05:02 [INFO] Frontend requirements installation completed
2026-03-15 20:05:02 [INFO] Starting local server and installing requirements for backend
2026-03-15 20:05:05 [INFO] Waiting for local server to start...
2026-03-15 20:05:08 [INFO] Waiting for local server to start...
2026-03-15 20:05:11 [INFO] Waiting for local server to start...
2026-03-15 20:05:14 [INFO] Waiting for local server to start...
2026-03-15 20:05:17 [INFO] Waiting for local server to start...
2026-03-15 20:05:20 [INFO] Waiting for local server to start...
2026-03-15 20:05:22 [INFO] Server health check successful: Uptime 0,73 seconds, Memory 63,44 MB, PID 29948, Processes 2
2026-03-15 20:05:22 [INFO] Local server started and backend requirements installation complete
2026-03-15 20:06:45 [INFO] Application initializing...
2026-03-15 20:06:45 [INFO] Installing frontend requirements
2026-03-15 20:06:46 [INFO] Frontend requirements installation completed
2026-03-15 20:06:46 [INFO] Starting local server and installing requirements for backend
2026-03-15 20:06:48 [INFO] Server health check successful: Uptime 86,88 seconds, Memory 66,98 MB, PID 29948, Processes 4
2026-03-15 20:06:48 [INFO] Local server started and backend requirements installation complete
2026-03-15 20:06:48 [INFO] Application started with 0 listed medias and 0 playable medias | deleted 0 medias
2026-03-15 20:07:05 [INFO] Search successful for query: "1 minute video", found 9 results
2026-03-15 20:07:13 [INFO] Server received request and sent message: Request received for download, you can view progress under /download/progress/e9dec262-9693-4da0-87b8-42f0e3401a96
2026-03-15 20:07:15 [INFO] Download progress for ID: "e9dec262-9693-4da0-87b8-42f0e3401a96": error, 0%, 0 MB/s
2026-03-15 20:07:16 [INFO] Download progress for ID: "e9dec262-9693-4da0-87b8-42f0e3401a96": error, 0%, 0 MB/s
2026-03-15 20:07:16 [ERROR] [Errno 22] Invalid argument
2026-03-15 20:07:16 [ERROR] [Errno 22] Invalid argument
2026-03-15 20:07:43 [INFO] Server received request and sent message: Request received for download, you can view progress under /download/progress/7464ec25-b567-4e43-a02e-f8c669fe4ba1
2026-03-15 20:07:45 [INFO] Download progress for ID: "7464ec25-b567-4e43-a02e-f8c669fe4ba1": error, 0%, 0 MB/s
2026-03-15 20:07:45 [ERROR] Given mediatype '.https://suno.com/song/c03046d5-97bc-4b43-8350-db6c15e999dd' is invalid for provider 'suno'.Supported mediatypes: .mp3, .mp4, mp3, mp4
2026-03-15 20:07:58 [INFO] Saving Data...
2026-03-15 20:07:58 [INFO] Shutting down local server...
2026-03-15 20:07:58 [INFO] Local server is shutdown
2026-03-15 20:09:03 [INFO] Application initializing...
2026-03-15 20:09:03 [INFO] Installing frontend requirements
2026-03-15 20:09:05 [INFO] Frontend requirements installation completed
2026-03-15 20:09:05 [INFO] Starting local server and installing requirements for backend
2026-03-15 20:09:08 [INFO] Server health check successful: Uptime 0,36 seconds, Memory 63,74 MB, PID 29032, Processes 2
2026-03-15 20:09:08 [INFO] Local server started and backend requirements installation complete
2026-03-15 20:09:08 [INFO] Application started with 2 listed medias and 0 playable medias | deleted 0 medias
2026-03-15 20:09:23 [INFO] Server received request and sent message: Request received for download, you can view progress under /download/progress/e1fea51d-fd3c-44aa-b97d-bffccd3c9ae0
2026-03-15 20:09:25 [INFO] Download progress for ID: "e1fea51d-fd3c-44aa-b97d-bffccd3c9ae0": complete, 100%, 6,17 MB/s
2026-03-15 20:09:28 [ERROR] An error occurred while trying to play the media: Media not found
2026-03-15 20:09:29 [ERROR] An error occurred while trying to play the media: Media not found
2026-03-15 20:09:41 [INFO] Saving Data...
2026-03-15 20:09:41 [INFO] Shutting down local server...
2026-03-15 20:09:41 [INFO] Local server is shutdown
2026-03-15 20:11:36 [INFO] Application initializing...
2026-03-15 20:11:36 [INFO] Installing frontend requirements
2026-03-15 20:11:38 [INFO] Frontend requirements installation completed
2026-03-15 20:11:38 [INFO] Starting local server and installing requirements for backend
2026-03-15 20:11:41 [INFO] Waiting for local server to start...
2026-03-15 20:11:44 [INFO] Waiting for local server to start...
2026-03-15 20:11:45 [INFO] Server health check successful: Uptime 0,14 seconds, Memory 68,4 MB, PID 27984, Processes 2
2026-03-15 20:11:45 [INFO] Local server started and backend requirements installation complete
2026-03-15 20:11:45 [WARNING] Media with id 1 removed from the list because it does not exist
2026-03-15 20:11:56 [INFO] Application initializing...
2026-03-15 20:11:56 [INFO] Installing frontend requirements
2026-03-15 20:11:58 [INFO] Frontend requirements installation completed
2026-03-15 20:11:58 [INFO] Starting local server and installing requirements for backend
2026-03-15 20:11:59 [INFO] Server health check successful: Uptime 14,42 seconds, Memory 72,07 MB, PID 27984, Processes 4
2026-03-15 20:11:59 [INFO] Local server started and backend requirements installation complete
2026-03-15 20:12:00 [WARNING] Media with id 1 removed from the list because it does not exist
2026-03-15 20:13:26 [INFO] Application initializing...
2026-03-15 20:13:26 [INFO] Installing frontend requirements
2026-03-15 20:13:28 [INFO] Frontend requirements installation completed
2026-03-15 20:13:28 [INFO] Starting local server and installing requirements for backend
2026-03-15 20:13:29 [INFO] Server health check successful: Uptime 104,03 seconds, Memory 72,09 MB, PID 27984, Processes 4
2026-03-15 20:13:29 [INFO] Local server started and backend requirements installation complete
2026-03-15 20:13:29 [WARNING] Media with id 1 removed from the list because it does not exist
2026-03-15 20:14:20 [INFO] Application initializing...
2026-03-15 20:14:20 [INFO] Installing frontend requirements
2026-03-15 20:14:21 [INFO] Frontend requirements installation completed
2026-03-15 20:14:21 [INFO] Starting local server and installing requirements for backend
2026-03-15 20:14:23 [INFO] Server health check successful: Uptime 157,68 seconds, Memory 72,07 MB, PID 27984, Processes 4
2026-03-15 20:14:23 [INFO] Local server started and backend requirements installation complete
2026-03-15 20:14:23 [WARNING] Media with id 1 removed from the list because it does not exist
2026-03-15 20:16:43 [INFO] Application initializing...
2026-03-15 20:16:43 [INFO] Installing frontend requirements
2026-03-15 20:16:44 [INFO] Frontend requirements installation completed
2026-03-15 20:16:44 [INFO] Starting local server and installing requirements for backend
2026-03-15 20:16:46 [INFO] Server health check successful: Uptime 300,73 seconds, Memory 72,19 MB, PID 27984, Processes 4
2026-03-15 20:16:46 [INFO] Local server started and backend requirements installation complete
2026-03-15 20:16:46 [WARNING] Media with id 1 removed from the list because it does not exist
2026-03-15 20:16:46 [WARNING] Media with id 2 removed from the list because it does not exist
2026-03-15 20:16:46 [INFO] Application started with 1 listed medias and 0 playable medias | deleted 2 medias
2026-03-15 20:17:00 [INFO] Saving Data...
2026-03-15 20:17:00 [INFO] Shutting down local server...
2026-03-15 20:17:00 [INFO] Local server is shutdown
2026-03-15 20:17:05 [INFO] Application initializing...
2026-03-15 20:17:05 [INFO] Installing frontend requirements
2026-03-15 20:17:06 [INFO] Frontend requirements installation completed
2026-03-15 20:17:06 [INFO] Starting local server and installing requirements for backend
2026-03-15 20:17:09 [INFO] Server health check successful: Uptime 0,3 seconds, Memory 68,18 MB, PID 31688, Processes 2
2026-03-15 20:17:09 [INFO] Local server started and backend requirements installation complete
2026-03-15 20:17:10 [WARNING] Media with id 3 removed from the list because it does not exist
2026-03-15 20:17:10 [INFO] Application started with 0 listed medias and 0 playable medias | deleted 1 medias
2026-03-15 20:17:19 [INFO] Server received request and sent message: Request received for download, you can view progress under /download/progress/3219ac20-44f1-4558-95d9-791d8e07b4de
2026-03-15 20:17:21 [INFO] Download progress for ID: "3219ac20-44f1-4558-95d9-791d8e07b4de": complete, 100%, 11,74 MB/s
2026-03-15 20:17:32 [INFO] audio player opened CJD.mp3
2026-03-15 20:17:32 [INFO] audio player started playing
2026-03-15 20:17:50 [INFO] audio player disposed
2026-03-15 20:18:02 [INFO] Search successful for query: "1 minute video", found 7 results
2026-03-15 20:18:28 [INFO] Search successful for query: "1 minute video", found 5 results
2026-03-15 20:18:36 [INFO] Server received request and sent message: Request received for download, you can view progress under /download/progress/12295275-7b15-4168-8ed3-a8df88a6efc0
2026-03-15 20:18:38 [INFO] Download progress for ID: "12295275-7b15-4168-8ed3-a8df88a6efc0": downloading..., 0%, 0 MB/s
2026-03-15 20:18:39 [INFO] Download progress for ID: "12295275-7b15-4168-8ed3-a8df88a6efc0": downloading, 6%, 5,46 MB/s
2026-03-15 20:18:40 [INFO] Download progress for ID: "12295275-7b15-4168-8ed3-a8df88a6efc0": downloading, 94%, 8 MB/s
2026-03-15 20:18:41 [INFO] Download progress for ID: "12295275-7b15-4168-8ed3-a8df88a6efc0": complete, 100%, 5,41 MB/s
2026-03-15 20:18:44 [INFO] audio player opened Doogie.mp4
2026-03-15 20:18:44 [INFO] audio player started playing
2026-03-15 20:18:46 [INFO] audio player disposed
2026-03-15 20:18:48 [INFO] Saving Data...
2026-03-15 20:18:48 [INFO] Shutting down local server...
2026-03-15 20:18:48 [INFO] Local server is shutdown
2026-03-15 20:22:29 [INFO] Application initializing...
2026-03-15 20:22:29 [INFO] Installing frontend requirements
2026-03-15 20:22:30 [INFO] Frontend requirements installation completed
2026-03-15 20:22:30 [INFO] Starting local server and installing requirements for backend
2026-03-15 20:22:33 [INFO] Server health check successful: Uptime 0,35 seconds, Memory 67,99 MB, PID 31808, Processes 2
2026-03-15 20:22:33 [INFO] Local server started and backend requirements installation complete
2026-03-15 20:22:33 [INFO] Application started with 2 listed medias and 2 playable medias | deleted 0 medias
2026-03-15 20:22:36 [INFO] Saving Data...
2026-03-15 20:22:36 [INFO] Shutting down local server...
2026-03-15 20:22:37 [INFO] Local server is shutdown
2026-03-15 20:24:38 [INFO] Application initializing...
2026-03-15 20:24:38 [INFO] Installing frontend requirements
2026-03-15 20:24:40 [INFO] Frontend requirements installation completed
2026-03-15 20:24:40 [INFO] Starting local server and installing requirements for backend
2026-03-15 20:24:43 [INFO] Server health check successful: Uptime 0,37 seconds, Memory 67,9 MB, PID 31172, Processes 2
2026-03-15 20:24:43 [INFO] Local server started and backend requirements installation complete
2026-03-15 20:24:43 [INFO] Application started with 2 listed medias and 2 playable medias | deleted 0 medias
2026-03-15 20:24:45 [INFO] Saving Data...
2026-03-15 20:24:45 [INFO] Shutting down local server...
2026-03-15 20:24:45 [INFO] Local server is shutdown
2026-03-15 20:25:55 [INFO] Application initializing...
2026-03-15 20:25:55 [INFO] Installing frontend requirements
2026-03-15 20:25:57 [INFO] Frontend requirements installation completed
2026-03-15 20:25:57 [INFO] Starting local server and installing requirements for backend
2026-03-15 20:26:00 [INFO] Server health check successful: Uptime 0,35 seconds, Memory 67,91 MB, PID 32576, Processes 2
2026-03-15 20:26:00 [INFO] Local server started and backend requirements installation complete
2026-03-15 20:26:00 [INFO] Application started with 0 listed medias and 0 playable medias | deleted 0 medias
2026-03-15 20:26:02 [INFO] Saving Data...
2026-03-15 20:26:02 [INFO] Shutting down local server...
2026-03-15 20:26:02 [INFO] Local server is shutdown
2026-03-15 20:28:10 [INFO] Application initializing...
2026-03-15 20:28:10 [INFO] Installing frontend requirements
2026-03-15 20:28:12 [INFO] Frontend requirements installation completed
2026-03-15 20:28:12 [INFO] Starting local server and installing requirements for backend
2026-03-15 20:28:15 [INFO] Server health check successful: Uptime 0,32 seconds, Memory 67,87 MB, PID 32360, Processes 2
2026-03-15 20:28:15 [INFO] Local server started and backend requirements installation complete
2026-03-15 20:28:15 [INFO] Application started with 0 listed medias and 0 playable medias | deleted 0 medias
2026-03-15 20:28:16 [INFO] Saving Data...
2026-03-15 20:28:16 [INFO] Shutting down local server...
2026-03-15 20:28:16 [INFO] Local server is shutdown
2026-03-15 20:30:01 [INFO] Application initializing...
2026-03-15 20:30:01 [INFO] Installing frontend requirements
2026-03-15 20:30:03 [INFO] Frontend requirements installation completed
2026-03-15 20:30:03 [INFO] Starting local server and installing requirements for backend
2026-03-15 20:30:06 [INFO] Waiting for local server to start...
2026-03-15 20:30:07 [INFO] Server health check successful: Uptime 0,88 seconds, Memory 68,04 MB, PID 15388, Processes 2
2026-03-15 20:30:07 [INFO] Local server started and backend requirements installation complete
2026-03-15 20:30:07 [INFO] Application started with 0 listed medias and 0 playable medias | deleted 0 medias
2026-03-15 20:30:15 [INFO] Saving Data...
2026-03-15 20:30:15 [INFO] Shutting down local server...
2026-03-15 20:30:15 [INFO] Local server is shutdown
2026-03-15 20:31:05 [INFO] Application initializing...
2026-03-15 20:31:05 [INFO] Installing frontend requirements
2026-03-15 20:31:07 [INFO] Frontend requirements installation completed
2026-03-15 20:31:07 [INFO] Starting local server and installing requirements for backend
2026-03-15 20:31:10 [INFO] Server health check successful: Uptime 0,36 seconds, Memory 67,96 MB, PID 9256, Processes 2
2026-03-15 20:31:10 [INFO] Local server started and backend requirements installation complete
2026-03-15 20:31:10 [INFO] Application started with 0 listed medias and 0 playable medias | deleted 0 medias
2026-03-15 20:31:11 [INFO] Saving Data...
2026-03-15 20:31:11 [INFO] Shutting down local server...
2026-03-15 20:31:11 [INFO] Local server is shutdown
2026-03-15 20:33:14 [INFO] Application initializing...
2026-03-15 20:33:14 [INFO] Installing frontend requirements
2026-03-15 20:33:15 [INFO] Frontend requirements installation completed
2026-03-15 20:33:15 [INFO] Starting local server and installing requirements for backend
2026-03-15 20:33:18 [INFO] Server health check successful: Uptime 0,39 seconds, Memory 67,71 MB, PID 13536, Processes 2
2026-03-15 20:33:18 [INFO] Local server started and backend requirements installation complete
2026-03-15 20:33:18 [INFO] Application started with 0 listed medias and 0 playable medias | deleted 0 medias
2026-03-15 20:33:42 [INFO] Search successful for query: "1 minute video", found 11 results
2026-03-15 20:33:53 [INFO] Server received request and sent message: Request received for download, you can view progress under /download/progress/e5f711af-c3d7-4617-9a93-45df7759e748
2026-03-15 20:33:55 [INFO] Download progress for ID: "e5f711af-c3d7-4617-9a93-45df7759e748": downloading..., 0%, 0 MB/s
2026-03-15 20:33:56 [INFO] Download progress for ID: "e5f711af-c3d7-4617-9a93-45df7759e748": downloading, 69%, 13,72 MB/s
2026-03-15 20:33:57 [INFO] Download progress for ID: "e5f711af-c3d7-4617-9a93-45df7759e748": downloading, 69%, 13,72 MB/s
2026-03-15 20:33:58 [INFO] Download progress for ID: "e5f711af-c3d7-4617-9a93-45df7759e748": downloading, 69%, 13,72 MB/s
2026-03-15 20:33:59 [INFO] Download progress for ID: "e5f711af-c3d7-4617-9a93-45df7759e748": downloading, 69%, 13,72 MB/s
2026-03-15 20:34:00 [INFO] Download progress for ID: "e5f711af-c3d7-4617-9a93-45df7759e748": downloading, 69%, 13,72 MB/s
2026-03-15 20:34:01 [INFO] Download progress for ID: "e5f711af-c3d7-4617-9a93-45df7759e748": downloading, 69%, 13,72 MB/s
2026-03-15 20:34:02 [INFO] Download progress for ID: "e5f711af-c3d7-4617-9a93-45df7759e748": downloading, 69%, 13,72 MB/s
2026-03-15 20:34:03 [INFO] Download progress for ID: "e5f711af-c3d7-4617-9a93-45df7759e748": downloading, 69%, 13,72 MB/s
2026-03-15 20:34:04 [INFO] Download progress for ID: "e5f711af-c3d7-4617-9a93-45df7759e748": downloading, 69%, 13,72 MB/s
2026-03-15 20:34:05 [INFO] Download progress for ID: "e5f711af-c3d7-4617-9a93-45df7759e748": downloading, 69%, 13,72 MB/s
2026-03-15 20:34:06 [ERROR] An error occurred while trying to play the media: Media not found
2026-03-15 20:34:06 [INFO] Download progress for ID: "e5f711af-c3d7-4617-9a93-45df7759e748": downloading, 69%, 13,72 MB/s
2026-03-15 20:34:07 [INFO] Download progress for ID: "e5f711af-c3d7-4617-9a93-45df7759e748": downloading, 69%, 13,72 MB/s
2026-03-15 20:34:07 [ERROR] An error occurred while trying to play the media: Media not found
2026-03-15 20:34:08 [INFO] Download progress for ID: "e5f711af-c3d7-4617-9a93-45df7759e748": downloading, 69%, 13,72 MB/s
2026-03-15 20:34:09 [INFO] Download progress for ID: "e5f711af-c3d7-4617-9a93-45df7759e748": downloading, 69%, 13,72 MB/s
2026-03-15 20:34:10 [INFO] Download progress for ID: "e5f711af-c3d7-4617-9a93-45df7759e748": downloading, 69%, 13,72 MB/s
2026-03-15 20:34:11 [INFO] Download progress for ID: "e5f711af-c3d7-4617-9a93-45df7759e748": downloading, 69%, 13,72 MB/s
2026-03-15 20:34:12 [INFO] Download progress for ID: "e5f711af-c3d7-4617-9a93-45df7759e748": downloading, 69%, 13,72 MB/s
2026-03-15 20:34:13 [INFO] Download progress for ID: "e5f711af-c3d7-4617-9a93-45df7759e748": downloading, 69%, 13,72 MB/s
2026-03-15 20:34:14 [INFO] Download progress for ID: "e5f711af-c3d7-4617-9a93-45df7759e748": downloading, 69%, 13,72 MB/s
2026-03-15 20:34:15 [INFO] Download progress for ID: "e5f711af-c3d7-4617-9a93-45df7759e748": downloading, 69%, 13,72 MB/s
2026-03-15 20:34:16 [INFO] Download progress for ID: "e5f711af-c3d7-4617-9a93-45df7759e748": error, 69%, 13,72 MB/s
2026-03-15 20:34:16 [ERROR] ERROR: 
[download] Got error: timed out
2026-03-15 20:34:25 [INFO] Media removed from the list: https://www.youtube.com/watch?v=YLslsZuEaNE
2026-03-15 20:34:39 [INFO] Search successful for query: "1 minute video", found 8 results
2026-03-15 20:34:45 [INFO] Server received request and sent message: Request received for download, you can view progress under /download/progress/55f6c342-a11f-4874-b044-f75451e0d2ab
2026-03-15 20:34:47 [INFO] Download progress for ID: "55f6c342-a11f-4874-b044-f75451e0d2ab": downloading..., 0%, 0 MB/s
2026-03-15 20:34:48 [INFO] Download progress for ID: "55f6c342-a11f-4874-b044-f75451e0d2ab": downloading..., 0%, 0 MB/s
2026-03-15 20:34:49 [INFO] Download progress for ID: "55f6c342-a11f-4874-b044-f75451e0d2ab": downloading..., 0%, 0 MB/s
2026-03-15 20:34:50 [INFO] Download progress for ID: "55f6c342-a11f-4874-b044-f75451e0d2ab": downloading..., 0%, 0 MB/s
2026-03-15 20:34:51 [INFO] Download progress for ID: "55f6c342-a11f-4874-b044-f75451e0d2ab": downloading..., 0%, 0 MB/s
2026-03-15 20:34:52 [INFO] Download progress for ID: "55f6c342-a11f-4874-b044-f75451e0d2ab": downloading..., 0%, 0 MB/s
2026-03-15 20:34:53 [INFO] Download progress for ID: "55f6c342-a11f-4874-b044-f75451e0d2ab": downloading..., 0%, 0 MB/s
2026-03-15 20:34:54 [INFO] Download progress for ID: "55f6c342-a11f-4874-b044-f75451e0d2ab": downloading..., 0%, 0 MB/s
2026-03-15 20:34:55 [INFO] Download progress for ID: "55f6c342-a11f-4874-b044-f75451e0d2ab": downloading..., 0%, 0 MB/s
2026-03-15 20:34:56 [INFO] Download progress for ID: "55f6c342-a11f-4874-b044-f75451e0d2ab": downloading..., 0%, 0 MB/s
2026-03-15 20:34:57 [INFO] Download progress for ID: "55f6c342-a11f-4874-b044-f75451e0d2ab": downloading..., 0%, 0 MB/s
2026-03-15 20:34:58 [INFO] Download progress for ID: "55f6c342-a11f-4874-b044-f75451e0d2ab": downloading..., 0%, 0 MB/s
2026-03-15 20:34:59 [INFO] Download progress for ID: "55f6c342-a11f-4874-b044-f75451e0d2ab": downloading..., 0%, 0 MB/s
2026-03-15 20:35:00 [INFO] Download progress for ID: "55f6c342-a11f-4874-b044-f75451e0d2ab": downloading..., 0%, 0 MB/s
2026-03-15 20:35:01 [INFO] Download progress for ID: "55f6c342-a11f-4874-b044-f75451e0d2ab": downloading..., 0%, 0 MB/s
2026-03-15 20:35:02 [INFO] Download progress for ID: "55f6c342-a11f-4874-b044-f75451e0d2ab": downloading..., 0%, 0 MB/s
2026-03-15 20:35:03 [INFO] Download progress for ID: "55f6c342-a11f-4874-b044-f75451e0d2ab": downloading..., 0%, 0 MB/s
2026-03-15 20:35:05 [INFO] Download progress for ID: "55f6c342-a11f-4874-b044-f75451e0d2ab": downloading..., 0%, 0 MB/s
2026-03-15 20:35:06 [INFO] Download progress for ID: "55f6c342-a11f-4874-b044-f75451e0d2ab": downloading..., 0%, 0 MB/s
2026-03-15 20:35:07 [INFO] Download progress for ID: "55f6c342-a11f-4874-b044-f75451e0d2ab": downloading..., 0%, 0 MB/s
2026-03-15 20:35:08 [INFO] Download progress for ID: "55f6c342-a11f-4874-b044-f75451e0d2ab": error, 0%, 0 MB/s
2026-03-15 20:35:08 [ERROR] ERROR: 
[download] Got error: timed out
2026-03-15 20:35:56 [INFO] Media removed from the list: https://www.youtube.com/watch?v=YLslsZuEaNE
2026-03-15 20:36:11 [INFO] Server received request and sent message: Request received for download, you can view progress under /download/progress/1c2039df-04b1-4b7f-bbf2-1176d796d977
2026-03-15 20:36:13 [INFO] Download progress for ID: "1c2039df-04b1-4b7f-bbf2-1176d796d977": complete, 100%, 13,35 MB/s
2026-03-15 20:36:15 [INFO] audio player opened CJD.mp3
2026-03-15 20:36:15 [INFO] audio player started playing
2026-03-15 20:36:17 [INFO] audio player disposed
2026-03-15 20:36:30 [INFO] Search successful for query: "1 minute video", found 7 results
2026-03-15 20:36:36 [INFO] Server received request and sent message: Request received for download, you can view progress under /download/progress/f466564a-9220-4b18-886d-ca02443ae823
2026-03-15 20:36:38 [INFO] Download progress for ID: "f466564a-9220-4b18-886d-ca02443ae823": downloading, 69%, 3,52 MB/s
2026-03-15 20:36:39 [INFO] Download progress for ID: "f466564a-9220-4b18-886d-ca02443ae823": downloading, 53%, 3,47 MB/s
2026-03-15 20:36:40 [INFO] Download progress for ID: "f466564a-9220-4b18-886d-ca02443ae823": complete, 100%, 4,78 MB/s
2026-03-15 20:36:54 [INFO] audio player opened Doggie.mp4
2026-03-15 20:36:54 [INFO] audio player started playing
2026-03-15 20:36:55 [INFO] audio player disposed
2026-03-15 20:36:58 [INFO] Server health check successful: Uptime 220,24 seconds, Memory 96,26 MB, PID 13536, Processes 2
2026-03-15 20:37:06 [INFO] audio player opened CJD.mp3
2026-03-15 20:37:06 [INFO] audio player started playing
2026-03-15 20:37:07 [INFO] audio player disposed
2026-03-15 20:37:08 [INFO] Saving Data...
2026-03-15 20:37:08 [INFO] Shutting down local server...
2026-03-15 20:37:08 [INFO] Local server is shutdown
2026-03-16 16:53:32 [INFO] Application initializing...
2026-03-16 16:53:32 [INFO] Installing frontend requirements
2026-03-16 16:53:34 [INFO] Frontend requirements installation completed
2026-03-16 16:53:34 [INFO] Starting local server and installing requirements for backend
2026-03-16 16:53:37 [INFO] Waiting for local server to start...
2026-03-16 16:53:40 [INFO] Waiting for local server to start...
2026-03-16 16:53:43 [INFO] Waiting for local server to start...
2026-03-16 16:53:46 [INFO] Waiting for local server to start...
2026-03-16 16:53:49 [INFO] Waiting for local server to start...
2026-03-16 16:53:53 [INFO] Waiting for local server to start...
2026-03-16 16:53:56 [INFO] Waiting for local server to start...
2026-03-16 16:53:59 [INFO] Waiting for local server to start...
2026-03-16 16:54:02 [INFO] Waiting for local server to start...
2026-03-16 16:54:05 [INFO] Waiting for local server to start...
2026-03-16 16:54:08 [INFO] Waiting for local server to start...
2026-03-16 16:54:15 [INFO] Application initializing...
2026-03-16 16:54:15 [INFO] Installing frontend requirements
2026-03-16 16:54:17 [INFO] Frontend requirements installation completed
2026-03-16 16:54:17 [INFO] Starting local server and installing requirements for backend
2026-03-16 16:54:20 [INFO] Waiting for local server to start...
2026-03-16 16:54:23 [INFO] Waiting for local server to start...
2026-03-16 16:54:26 [INFO] Waiting for local server to start...
2026-03-16 16:54:29 [INFO] Waiting for local server to start...
2026-03-16 16:54:32 [INFO] Waiting for local server to start...
2026-03-16 16:54:35 [INFO] Waiting for local server to start...
2026-03-16 16:54:39 [INFO] Waiting for local server to start...
2026-03-16 16:54:42 [INFO] Waiting for local server to start...
2026-03-16 16:54:45 [INFO] Waiting for local server to start...
2026-03-16 16:54:48 [INFO] Waiting for local server to start...
2026-03-16 16:54:51 [INFO] Waiting for local server to start...
2026-03-16 16:54:54 [INFO] Waiting for local server to start...
2026-03-16 16:54:57 [INFO] Waiting for local server to start...
2026-03-16 16:55:00 [INFO] Waiting for local server to start...
2026-03-16 16:55:03 [INFO] Server health check successful: Uptime 0,47 seconds, Memory 68,34 MB, PID 5012, Processes 2
2026-03-16 16:55:03 [INFO] Local server started and backend requirements installation complete
2026-03-16 16:55:03 [INFO] Loading Data...
2026-03-16 16:55:03 [INFO] Application started with 2 listed medias and 2 playable medias | deleted 0 medias
2026-03-16 16:55:50 [INFO] Search successful for query: "구룡", found 10 results
2026-03-16 16:56:22 [INFO] Server received request and sent message: Request received for download, you can view progress under /download/progress/a23300bf-c78d-4cc4-b9f8-87554d9e917a
2026-03-16 16:56:24 [INFO] Download progress for ID: "a23300bf-c78d-4cc4-b9f8-87554d9e917a": error, 0%, 0 MB/s
2026-03-16 16:56:25 [INFO] Download progress for ID: "a23300bf-c78d-4cc4-b9f8-87554d9e917a": error, 0%, 0 MB/s
2026-03-16 16:56:26 [INFO] Download progress for ID: "a23300bf-c78d-4cc4-b9f8-87554d9e917a": error, 0%, 0 MB/s
2026-03-16 16:56:26 [ERROR] unknown url type: ''
2026-03-16 16:56:26 [ERROR] unknown url type: ''
2026-03-16 16:56:26 [ERROR] unknown url type: ''
2026-03-16 16:56:36 [ERROR] An error occurred while trying to play the media: Media not found
2026-03-16 16:56:40 [INFO] Media removed from the list: https://kuryongdprk.bandcamp.com?from=search&amp;search_item_id=478998098&amp;search_item_type=b&amp;search_match_part=%3F&amp;search_page_id=5232421084&amp;search_page_no=1&amp;search_rank=1&amp;search_sig=33b24786ed157b7fa424a469290ec979
2026-03-16 16:56:50 [INFO] Search successful for query: "구룡", found 6 results
2026-03-16 16:57:01 [INFO] Server received request and sent message: Request received for download, you can view progress under /download/progress/f91352d8-b1dd-4c62-b287-cb98629d724c
2026-03-16 16:57:03 [INFO] Download progress for ID: "f91352d8-b1dd-4c62-b287-cb98629d724c": queued, 0%, 0 MB/s
2026-03-16 16:57:04 [INFO] Download progress for ID: "f91352d8-b1dd-4c62-b287-cb98629d724c": complete, 100%, 9,12 MB/s
2026-03-16 16:57:17 [INFO] audio player opened NorthKorea.mp3
2026-03-16 16:57:17 [INFO] audio player started playing
2026-03-16 16:57:48 [INFO] File deleted successfully: C:\Users\brand\RiderProjects\PyScrapper\Downloads\Doggie.mp4
2026-03-16 16:57:50 [INFO] Media removed from the list: https://www.youtube.com/watch?v=YLslsZuEaNE
2026-03-16 16:58:14 [INFO] audio player disposed
2026-03-16 16:58:17 [INFO] Server health check successful: Uptime 194,73 seconds, Memory 76,52 MB, PID 5012, Processes 2
2026-03-16 16:58:22 [INFO] Saving Data...
2026-03-16 16:58:22 [INFO] Shutting down local server...
2026-03-16 16:58:22 [INFO] Local server is shutdown
2026-03-16 16:59:42 [INFO] Application initializing...
2026-03-16 16:59:42 [INFO] Installing frontend requirements
2026-03-16 16:59:43 [INFO] Frontend requirements installation completed
2026-03-16 16:59:43 [INFO] Starting local server and installing requirements for backend
2026-03-16 16:59:47 [INFO] Server health check successful: Uptime 0,45 seconds, Memory 68,11 MB, PID 31076, Processes 2
2026-03-16 16:59:47 [INFO] Local server started and backend requirements installation complete
2026-03-16 16:59:47 [INFO] Loading Data...
2026-03-16 16:59:47 [INFO] Application started with 2 listed medias and 2 playable medias | deleted 0 medias
2026-03-16 16:59:55 [INFO] Search successful for query: "구룡", found 13 results
2026-03-16 17:00:06 [INFO] Saving Data...
2026-03-16 17:00:06 [INFO] Shutting down local server...
2026-03-16 17:00:06 [INFO] Local server is shutdown
2026-03-16 17:00:31 [INFO] Application initializing...
2026-03-16 17:00:31 [INFO] Installing frontend requirements
2026-03-16 17:00:33 [INFO] Frontend requirements installation completed
2026-03-16 17:00:33 [INFO] Starting local server and installing requirements for backend
2026-03-16 17:00:36 [INFO] Waiting for local server to start...
2026-03-16 17:00:39 [INFO] Waiting for local server to start...
2026-03-16 17:00:40 [INFO] Server health check successful: Uptime 0,38 seconds, Memory 68,18 MB, PID 10960, Processes 2
2026-03-16 17:00:40 [INFO] Local server started and backend requirements installation complete
2026-03-16 17:00:41 [INFO] Loading Data...
2026-03-16 17:00:41 [INFO] Application started with 2 listed medias and 2 playable medias | deleted 0 medias
2026-03-16 17:00:50 [INFO] Search successful for query: "구룡", found 13 results
2026-03-16 18:17:28 [INFO] Saving Data...
2026-03-16 18:17:28 [INFO] Shutting down local server...
2026-03-16 18:17:28 [INFO] Local server is shutdown
2026-03-16 18:32:46 [INFO] Application initializing...
2026-03-16 18:32:46 [INFO] Installing frontend requirements
2026-03-16 18:32:47 [INFO] Frontend requirements installation completed
2026-03-16 18:32:47 [INFO] Starting local server and installing requirements for backend
2026-03-16 18:32:50 [INFO] Waiting for local server to start...
2026-03-16 18:32:53 [INFO] Server health check successful: Uptime 0,2 seconds, Memory 68,02 MB, PID 19004, Processes 2
2026-03-16 18:32:53 [INFO] Local server started and backend requirements installation complete
2026-03-16 18:32:54 [INFO] Loading Data...
2026-03-16 18:32:54 [INFO] Application started with 2 listed medias and 0 playable medias | deleted 0 medias
2026-03-16 18:33:02 [INFO] Media removed from the list: https://kuryongdprk.bandcamp.com/album/-?from=search&amp;search_item_id=1118308096&amp;search_item_type=a&amp;search_match_part=%3F&amp;search_page_id=5232424347&amp;search_page_no=1&amp;search_rank=2&amp;search_sig=8da5c592c2ec854c53194aa7011fa0f9
2026-03-16 18:33:05 [INFO] Media removed from the list: https://suno.com/song/c03046d5-97bc-4b43-8350-db6c15e999dd
2026-03-16 18:33:09 [INFO] Saving Data...
2026-03-16 18:33:09 [INFO] Shutting down local server...
2026-03-16 18:33:09 [INFO] Local server is shutdown
2026-03-16 18:34:26 [INFO] Application initializing...
2026-03-16 18:34:26 [INFO] Installing frontend requirements
2026-03-16 18:34:27 [INFO] Frontend requirements installation completed
2026-03-16 18:34:27 [INFO] Starting local server and installing requirements for backend
2026-03-16 18:34:31 [INFO] Server health check successful: Uptime 0,49 seconds, Memory 68,13 MB, PID 17596, Processes 2
2026-03-16 18:34:31 [INFO] Local server started and backend requirements installation complete
2026-03-16 18:34:31 [INFO] Loading Data...
2026-03-16 18:34:31 [INFO] Application started with 0 listed medias and 0 playable medias | deleted 0 medias
2026-03-16 18:34:40 [INFO] Search successful for query: "구룡", found 11 results
2026-03-16 18:35:48 [INFO] Server received request and sent message: Request received for download, you can view progress under /download/progress/41eb70ee-c514-430e-bd40-7f52db053d86
2026-03-16 18:35:50 [INFO] Download progress for ID: "41eb70ee-c514-430e-bd40-7f52db053d86": queued, 0%, 0 MB/s
2026-03-16 18:35:51 [INFO] Download progress for ID: "41eb70ee-c514-430e-bd40-7f52db053d86": complete, 100%, 9,71 MB/s
2026-03-16 18:35:52 [INFO] Download progress for ID: "41eb70ee-c514-430e-bd40-7f52db053d86": complete, 100%, 9,71 MB/s
2026-03-16 18:35:56 [INFO] Server received request and sent message: Request received for download, you can view progress under /download/progress/147a4100-9f07-4f5f-bf67-c8b270ba85bf
2026-03-16 18:35:58 [INFO] Download progress for ID: "147a4100-9f07-4f5f-bf67-c8b270ba85bf": complete, 100%, 18,5 MB/s
2026-03-16 18:35:59 [INFO] Download progress for ID: "147a4100-9f07-4f5f-bf67-c8b270ba85bf": complete, 100%, 18,5 MB/s
2026-03-16 18:36:00 [INFO] Download progress for ID: "147a4100-9f07-4f5f-bf67-c8b270ba85bf": complete, 100%, 18,5 MB/s
2026-03-16 18:36:09 [INFO] Server received request and sent message: Request received for download, you can view progress under /download/progress/fd6a6ae0-cdca-4d1d-ba52-c80002c09c3e
2026-03-16 18:36:11 [INFO] Download progress for ID: "fd6a6ae0-cdca-4d1d-ba52-c80002c09c3e": queued, 0%, 0 MB/s
2026-03-16 18:36:12 [INFO] Download progress for ID: "fd6a6ae0-cdca-4d1d-ba52-c80002c09c3e": queued, 0%, 0 MB/s
2026-03-16 18:36:13 [INFO] Download progress for ID: "fd6a6ae0-cdca-4d1d-ba52-c80002c09c3e": complete, 100%, 7,63 MB/s
2026-03-16 18:36:20 [INFO] Server received request and sent message: Request received for download, you can view progress under /download/progress/ded90a33-4358-4c8a-91e4-2ff4011c7684
2026-03-16 18:36:22 [INFO] Download progress for ID: "ded90a33-4358-4c8a-91e4-2ff4011c7684": downloading..., 30,122368%, 3,35 MB/s
2026-03-16 18:36:23 [INFO] Download progress for ID: "ded90a33-4358-4c8a-91e4-2ff4011c7684": complete, 100%, 4,82 MB/s
2026-03-16 18:36:24 [INFO] Download progress for ID: "ded90a33-4358-4c8a-91e4-2ff4011c7684": complete, 100%, 4,82 MB/s
2026-03-16 18:36:31 [INFO] Server received request and sent message: Request received for download, you can view progress under /download/progress/04704c76-ee23-4488-a55b-cd87b02ff479
2026-03-16 18:36:33 [INFO] Download progress for ID: "04704c76-ee23-4488-a55b-cd87b02ff479": queued, 0%, 0 MB/s
2026-03-16 18:36:34 [INFO] Download progress for ID: "04704c76-ee23-4488-a55b-cd87b02ff479": queued, 0%, 0 MB/s
2026-03-16 18:36:35 [INFO] Download progress for ID: "04704c76-ee23-4488-a55b-cd87b02ff479": downloading..., 2,3685808%, 2,3 MB/s
2026-03-16 18:36:36 [INFO] Download progress for ID: "04704c76-ee23-4488-a55b-cd87b02ff479": complete, 100%, 7,59 MB/s
2026-03-16 18:36:41 [INFO] Server received request and sent message: Request received for download, you can view progress under /download/progress/719b6bca-56bc-4b3d-a963-6cee33b94b51
2026-03-16 18:36:43 [INFO] Download progress for ID: "719b6bca-56bc-4b3d-a963-6cee33b94b51": queued, 0%, 0 MB/s
2026-03-16 18:36:45 [INFO] Download progress for ID: "719b6bca-56bc-4b3d-a963-6cee33b94b51": queued, 0%, 0 MB/s
2026-03-16 18:36:46 [INFO] Download progress for ID: "719b6bca-56bc-4b3d-a963-6cee33b94b51": queued, 0%, 0 MB/s
2026-03-16 18:36:47 [INFO] Download progress for ID: "719b6bca-56bc-4b3d-a963-6cee33b94b51": queued, 0%, 0 MB/s
2026-03-16 18:36:48 [INFO] Download progress for ID: "719b6bca-56bc-4b3d-a963-6cee33b94b51": queued, 0%, 0 MB/s
2026-03-16 18:36:49 [INFO] Download progress for ID: "719b6bca-56bc-4b3d-a963-6cee33b94b51": complete, 100%, 11,42 MB/s
2026-03-16 18:37:00 [INFO] audio player opened NorthKorea0.mp3
2026-03-16 18:37:00 [INFO] audio player started playing
2026-03-16 18:37:15 [INFO] Server health check successful: Uptime 164,27 seconds, Memory 81,52 MB, PID 17596, Processes 2
2026-03-16 18:37:57 [INFO] audio player disposed
2026-03-16 18:37:57 [INFO] Saving Data...
2026-03-16 18:37:57 [INFO] Shutting down local server...
2026-03-16 18:37:57 [INFO] Local server is shutdown
2026-03-27 20:31:21 [INFO] Application initializing...
2026-03-27 20:31:21 [INFO] Installing frontend requirements
2026-03-27 20:31:32 [INFO] Frontend requirements installation completed
2026-03-27 20:31:32 [INFO] Starting local server and installing requirements for backend
2026-03-27 20:31:35 [INFO] Waiting for local server to start...
2026-03-27 20:31:38 [INFO] Waiting for local server to start...
2026-03-27 20:31:41 [INFO] Waiting for local server to start...
2026-03-27 20:31:44 [INFO] Waiting for local server to start...
2026-03-27 20:31:47 [INFO] Waiting for local server to start...
2026-03-27 20:31:50 [INFO] Waiting for local server to start...
2026-03-27 20:31:53 [INFO] Waiting for local server to start...
2026-03-27 20:31:56 [INFO] Waiting for local server to start...
2026-03-27 20:31:59 [INFO] Waiting for local server to start...
2026-03-27 20:32:02 [INFO] Waiting for local server to start...
2026-03-27 20:32:06 [INFO] Waiting for local server to start...
2026-03-27 20:32:09 [INFO] Waiting for local server to start...
2026-03-27 20:32:12 [INFO] Waiting for local server to start...
2026-03-27 20:32:15 [INFO] Waiting for local server to start...
2026-03-27 20:32:18 [INFO] Waiting for local server to start...
2026-03-27 20:32:21 [INFO] Waiting for local server to start...
2026-03-27 20:32:24 [INFO] Waiting for local server to start...
2026-03-27 20:32:27 [INFO] Waiting for local server to start...
2026-03-27 20:32:30 [INFO] Waiting for local server to start...
2026-03-27 20:32:33 [INFO] Waiting for local server to start...
2026-03-27 20:32:36 [INFO] Waiting for local server to start...
2026-03-27 20:32:39 [INFO] Waiting for local server to start...
2026-03-27 20:32:42 [INFO] Waiting for local server to start...
2026-03-27 20:32:45 [INFO] Waiting for local server to start...
2026-03-27 20:32:48 [INFO] Waiting for local server to start...
2026-03-27 20:32:51 [INFO] Waiting for local server to start...
2026-03-27 20:32:54 [INFO] Waiting for local server to start...
2026-03-27 20:32:57 [INFO] Waiting for local server to start...
2026-03-27 20:33:00 [INFO] Waiting for local server to start...
2026-03-27 20:33:03 [INFO] Waiting for local server to start...
2026-03-27 20:33:03 [ERROR] Failed to start local server after multiple attempts
2026-03-27 20:33:07 [INFO] Application initializing...
2026-03-27 20:33:07 [INFO] Installing frontend requirements
2026-03-27 20:33:09 [INFO] Frontend requirements installation completed
2026-03-27 20:33:09 [INFO] Starting local server and installing requirements for backend
2026-03-27 20:33:12 [INFO] Waiting for local server to start...
2026-03-27 20:33:15 [INFO] Waiting for local server to start...
2026-03-27 20:33:18 [INFO] Waiting for local server to start...
2026-03-27 20:33:21 [INFO] Waiting for local server to start...
2026-03-27 20:33:24 [INFO] Waiting for local server to start...
2026-03-27 20:33:27 [INFO] Waiting for local server to start...
2026-03-27 20:33:30 [INFO] Waiting for local server to start...
2026-03-27 20:33:33 [INFO] Waiting for local server to start...
2026-03-27 20:33:36 [INFO] Waiting for local server to start...
2026-03-27 20:33:39 [INFO] Waiting for local server to start...
2026-03-27 20:33:42 [INFO] Waiting for local server to start...
2026-03-27 20:33:45 [INFO] Waiting for local server to start...
2026-03-27 20:33:48 [INFO] Waiting for local server to start...
2026-03-27 20:33:51 [INFO] Waiting for local server to start...
2026-03-27 20:36:40 [INFO] Application initializing...
2026-03-27 20:36:40 [INFO] Installing frontend requirements
2026-03-27 20:36:43 [INFO] Frontend requirements installation completed
2026-03-27 20:36:43 [INFO] Starting local server and installing requirements for backend
2026-03-27 20:36:46 [INFO] Waiting for local server to start...
2026-03-27 20:36:49 [INFO] Waiting for local server to start...
2026-03-27 20:36:52 [INFO] Waiting for local server to start...
2026-03-27 20:36:55 [INFO] Waiting for local server to start...
2026-03-27 20:36:58 [INFO] Waiting for local server to start...
2026-03-27 20:37:01 [INFO] Waiting for local server to start...
2026-03-27 20:37:04 [INFO] Waiting for local server to start...
2026-03-27 20:37:07 [INFO] Waiting for local server to start...
2026-03-27 20:37:10 [INFO] Waiting for local server to start...
2026-03-27 20:37:13 [INFO] Waiting for local server to start...
2026-03-27 20:37:16 [INFO] Waiting for local server to start...
2026-03-27 20:38:54 [INFO] Application initializing...
2026-03-27 20:38:54 [INFO] Installing frontend requirements
2026-03-27 20:39:01 [INFO] Frontend requirements installation completed
2026-03-27 20:39:01 [INFO] Starting local server and installing requirements for backend
2026-03-27 20:39:04 [INFO] Waiting for local server to start...
2026-03-27 20:39:07 [INFO] Server health check successful: Uptime 0,44 seconds, Memory 72,88 MB, PID 14088, Processes 2
2026-03-27 20:39:07 [INFO] Local server started and backend requirements installation complete
2026-03-27 20:39:07 [INFO] Loading Data...
2026-03-27 20:39:08 [INFO] Application started with 6 listed medias and 6 playable medias | deleted 0 medias
2026-03-27 20:39:08 [INFO] Application started with 0 playlists
2026-03-27 20:39:22 [INFO] Playing file: C:\Users\brand\RiderProjects\PyScrapper\Downloads\NorthKorea6.mp3
2026-03-27 20:39:29 [INFO] Playing file: C:\Users\brand\RiderProjects\PyScrapper\Downloads\NorthKorea1.mp3
2026-03-27 20:40:06 [INFO] Loaded playlist 'North Korea' with 6 playable tracks
2026-03-27 20:40:06 [INFO] Playing file: C:\Users\brand\RiderProjects\PyScrapper\Downloads\NorthKorea6.mp3
2026-03-27 20:40:09 [INFO] Playlist shuffled
2026-03-27 20:40:13 [INFO] Playing file: C:\Users\brand\RiderProjects\PyScrapper\Downloads\NorthKorea3.mp3
2026-03-27 20:40:33 [INFO] Search successful for query: "Greeen König der lügner", found 7 results
2026-03-27 20:40:59 [INFO] Search successful for query: "Greeen König der lügner", found 6 results
2026-03-27 20:41:08 [INFO] Server received request and sent message: Request received for download, you can view progress under /download/progress/d9e05bc8-2911-4678-b99b-151d2eb1d86f
2026-03-27 20:41:10 [INFO] Download progress for ID: "d9e05bc8-2911-4678-b99b-151d2eb1d86f": downloading..., 0%, 0 MB/s
2026-03-27 20:41:11 [INFO] Download progress for ID: "d9e05bc8-2911-4678-b99b-151d2eb1d86f": downloading, 36%, 4,55 MB/s
2026-03-27 20:41:12 [INFO] Download progress for ID: "d9e05bc8-2911-4678-b99b-151d2eb1d86f": complete, 100%, 6,57 MB/s
2026-03-27 20:41:56 [INFO] Search successful for query: "Gehlektek Kaunst da denga", found 1 results
2026-03-27 20:42:08 [INFO] Server received request and sent message: Request received for download, you can view progress under /download/progress/8477575b-0522-4046-8edc-ff7e1ebbb5e9
2026-03-27 20:42:10 [INFO] Download progress for ID: "8477575b-0522-4046-8edc-ff7e1ebbb5e9": downloading..., 44,262066%, 5,38 MB/s
2026-03-27 20:42:11 [INFO] Download progress for ID: "8477575b-0522-4046-8edc-ff7e1ebbb5e9": complete, 100%, 7,53 MB/s
2026-03-27 20:42:39 [INFO] Playing file: C:\Users\brand\RiderProjects\PyScrapper\Downloads\Kaunst da denga.mp3
2026-03-27 20:42:45 [INFO] Playing file: C:\Users\brand\RiderProjects\PyScrapper\Downloads\Kaunst da denga.mp3
2026-03-27 20:42:47 [INFO] Loaded playlist 'GehLekTek' with 1 playable tracks
2026-03-27 20:42:47 [INFO] Playing file: C:\Users\brand\RiderProjects\PyScrapper\Downloads\Kaunst da denga.mp3
2026-03-27 20:42:51 [INFO] Playing file: C:\Users\brand\RiderProjects\PyScrapper\Downloads\Kaunst da denga.mp3
2026-03-27 20:42:53 [INFO] Loaded playlist 'GehLekTek' with 1 playable tracks
2026-03-27 20:42:53 [INFO] Playing file: C:\Users\brand\RiderProjects\PyScrapper\Downloads\Kaunst da denga.mp3
2026-03-27 20:43:12 [INFO] Server health check successful: Uptime 245,63 seconds, Memory 91,45 MB, PID 14088, Processes 2
2026-03-27 20:44:20 [INFO] Playing file: C:\Users\brand\RiderProjects\PyScrapper\Downloads\NorthKorea0.mp3
2026-03-27 20:44:28 [INFO] Playing file: C:\Users\brand\RiderProjects\PyScrapper\Downloads\NorthKorea1.mp3
2026-03-27 20:44:55 [INFO] Playing file: C:\Users\brand\RiderProjects\PyScrapper\Downloads\Kaunst da denga.mp3
2026-03-27 20:45:02 [INFO] Search successful for query: "asdasdasd", found 4 results
2026-03-27 20:45:46 [INFO] Application initializing...
2026-03-27 20:45:46 [INFO] Installing frontend requirements
2026-03-27 20:45:49 [INFO] Frontend requirements installation completed
2026-03-27 20:45:49 [INFO] Starting local server and installing requirements for backend
2026-03-27 20:45:51 [INFO] Server health check successful: Uptime 404,58 seconds, Memory 91,75 MB, PID 14088, Processes 2
2026-03-27 20:45:51 [INFO] Local server started and backend requirements installation complete
2026-03-27 20:45:51 [INFO] Loading Data...
2026-03-27 20:45:51 [INFO] Application started with 6 listed medias and 6 playable medias | deleted 0 medias
2026-03-27 20:45:51 [INFO] Application started with 0 playlists
2026-03-27 20:45:55 [INFO] Saving Data...
2026-03-27 20:45:55 [INFO] Shutting down local server...
2026-03-27 20:45:55 [INFO] Local server is shutdown
2026-03-27 20:46:04 [INFO] Application initializing...
2026-03-27 20:46:04 [INFO] Installing frontend requirements
2026-03-27 20:46:06 [INFO] Frontend requirements installation completed
2026-03-27 20:46:06 [INFO] Starting local server and installing requirements for backend
2026-03-27 20:46:08 [INFO] Server health check successful: Uptime 421,6 seconds, Memory 91,82 MB, PID 14088, Processes 2
2026-03-27 20:46:08 [INFO] Local server started and backend requirements installation complete
2026-03-27 20:46:08 [INFO] Loading Data...
2026-03-27 20:46:08 [INFO] Application started with 6 listed medias and 6 playable medias | deleted 0 medias
2026-03-27 20:46:08 [INFO] Application started with 0 playlists
2026-03-27 20:46:26 [INFO] Search successful for query: "greeen könig der lügner", found 6 results
2026-03-27 20:46:35 [INFO] Server received request and sent message: Request received for download, you can view progress under /download/progress/f17abe00-31db-4076-9b47-70784aacc4ea
2026-03-27 20:46:37 [INFO] Download progress for ID: "f17abe00-31db-4076-9b47-70784aacc4ea": error, 0%, 0 MB/s
2026-03-27 20:46:37 [ERROR] [Errno 22] Invalid argument
2026-03-27 20:46:41 [INFO] Saving Data...
2026-03-27 20:46:41 [INFO] Shutting down local server...
2026-03-27 20:46:41 [INFO] Local server is shutdown
2026-03-27 20:46:44 [INFO] Application initializing...
2026-03-27 20:46:44 [INFO] Installing frontend requirements
2026-03-27 20:46:47 [INFO] Frontend requirements installation completed
2026-03-27 20:46:47 [INFO] Starting local server and installing requirements for backend
2026-03-27 20:46:48 [INFO] Server health check successful: Uptime 461,74 seconds, Memory 91,95 MB, PID 14088, Processes 2
2026-03-27 20:46:48 [INFO] Local server started and backend requirements installation complete
2026-03-27 20:46:48 [INFO] Loading Data...
2026-03-27 20:46:48 [INFO] Application started with 6 listed medias and 6 playable medias | deleted 0 medias
2026-03-27 20:46:48 [INFO] Application started with 0 playlists
2026-03-27 20:47:01 [INFO] Search successful for query: "Greeen könig der lügner", found 6 results
2026-03-27 20:47:08 [INFO] Server received request and sent message: Request received for download, you can view progress under /download/progress/494037e4-c3b7-40dd-87dc-3c62d6773c3f
2026-03-27 20:47:10 [INFO] Download progress for ID: "494037e4-c3b7-40dd-87dc-3c62d6773c3f": error, 0%, 0 MB/s
2026-03-27 20:47:10 [ERROR] [Errno 22] Invalid argument
2026-03-27 20:47:23 [INFO] Search successful for query: "Greeen vanilla sky", found 5 results
2026-03-27 20:47:33 [INFO] Server received request and sent message: Request received for download, you can view progress under /download/progress/f55079c8-58fd-4c7a-a6b8-a8eb3c22d41a
2026-03-27 20:47:35 [INFO] Download progress for ID: "f55079c8-58fd-4c7a-a6b8-a8eb3c22d41a": error, 0%, 0 MB/s
2026-03-27 20:47:35 [ERROR] [Errno 22] Invalid argument
2026-03-27 20:47:41 [INFO] Search successful for query: "Greeen vanilla sky", found 5 results
2026-03-27 20:48:00 [INFO] Search successful for query: "Gehlektek", found 15 results
2026-03-27 20:48:16 [INFO] Server received request and sent message: Request received for download, you can view progress under /download/progress/3c8edc83-d7ac-4743-b331-54d38d85c6d2
2026-03-27 20:48:18 [INFO] Download progress for ID: "3c8edc83-d7ac-4743-b331-54d38d85c6d2": error, 0%, 0 MB/s
2026-03-27 20:48:18 [ERROR] [Errno 22] Invalid argument
2026-03-27 20:48:51 [INFO] Search successful for query: "Greeen", found 10 results
2026-03-27 20:49:10 [INFO] Search successful for query: "Gehlektek kaunst da denga", found 1 results
2026-03-27 20:49:17 [INFO] Server received request and sent message: Request received for download, you can view progress under /download/progress/5e8c5e54-8fd4-4283-a633-3b135060375f
2026-03-27 20:49:19 [INFO] Download progress for ID: "5e8c5e54-8fd4-4283-a633-3b135060375f": downloading..., 88,619316%, 8,41 MB/s
2026-03-27 20:49:20 [INFO] Download progress for ID: "5e8c5e54-8fd4-4283-a633-3b135060375f": complete, 100%, 8,88 MB/s
2026-03-27 20:49:32 [INFO] Playing file: C:\Users\brand\RiderProjects\PyScrapper\Downloads\Kuanst da denga.mp3
2026-03-27 21:20:10 [INFO] Application initializing...
2026-03-27 21:20:10 [INFO] Installing frontend requirements
2026-03-27 21:20:12 [INFO] Frontend requirements installation completed
2026-03-27 21:20:12 [INFO] Starting local server and installing requirements for backend
2026-03-27 21:20:15 [INFO] Waiting for local server to start...
2026-03-27 21:20:18 [INFO] Waiting for local server to start...
2026-03-27 21:20:21 [INFO] Waiting for local server to start...
2026-03-27 21:20:25 [INFO] Server health check successful: Uptime 0,52 seconds, Memory 72,77 MB, PID 14940, Processes 2
2026-03-27 21:20:25 [INFO] Local server started and backend requirements installation complete
2026-03-27 21:20:25 [INFO] Loading Data...
2026-03-27 21:20:26 [INFO] Application started with 6 listed medias and 6 playable medias | deleted 0 medias
2026-03-27 21:20:26 [INFO] Application started with 0 playlists
2026-03-27 21:20:45 [ERROR] Error during conversion: RunSynchronously may not be called on a task not bound to a delegate, such as the task returned from an asynchronous method.
2026-03-27 21:20:45 [ERROR] FFmpeg error: ffmpeg version N-123074-g4e32fb4c2a-20260228 Copyright (c) 2000-2026 the FFmpeg developers
2026-03-27 21:20:45 [ERROR] FFmpeg error:   built with gcc 15.2.0 (crosstool-NG 1.28.0.1_403899e)
2026-03-27 21:20:45 [ERROR] FFmpeg error:   configuration: --prefix=/ffbuild/prefix --pkg-config-flags=--static --pkg-config=pkg-config --cross-prefix=x86_64-w64-mingw32- --arch=x86_64 --target-os=mingw32 --enable-gpl --enable-version3 --disable-debug --disable-w32threads --enable-pthreads --enable-iconv --enable-zlib --enable-libxml2 --enable-libvmaf --enable-fontconfig --enable-libharfbuzz --enable-libfreetype --enable-libfribidi --enable-vulkan --enable-libshaderc --enable-libvorbis --disable-libxcb --disable-xlib --disable-libpulse --enable-opencl --enable-gmp --enable-lzma --enable-liblcevc-dec --enable-amf --enable-libaom --enable-libaribb24 --enable-avisynth --enable-chromaprint --enable-libdav1d --enable-libdavs2 --enable-libdvdread --enable-libdvdnav --disable-libfdk-aac --enable-ffnvcodec --enable-cuda-llvm --enable-frei0r --enable-libgme --enable-libkvazaar --enable-libaribcaption --enable-libass --enable-libbluray --enable-libjxl --enable-libmp3lame --enable-libopus --enable-libplacebo --enable-librist --enable-libssh --enable-libtheora --enable-libvpx --enable-libwebp --enable-libzmq --enable-lv2 --enable-libvpl --enable-openal --enable-liboapv --enable-libopencore-amrnb --enable-libopencore-amrwb --enable-libopenh264 --enable-libopenjpeg --enable-libopenmpt --enable-librav1e --enable-librubberband --enable-schannel --enable-sdl2 --enable-libsnappy --enable-libsoxr --enable-libsrt --enable-libsvtav1 --enable-libtwolame --enable-libuavs3d --disable-libdrm --enable-vaapi --enable-libvidstab --enable-libvvenc --enable-whisper --enable-libx264 --enable-libx265 --enable-libxavs2 --enable-libxvid --enable-libzimg --enable-libzvbi --extra-cflags=-DLIBTWOLAME_STATIC --extra-cxxflags= --extra-libs=-lgomp --extra-ldflags=-pthread --extra-ldexeflags= --cc=x86_64-w64-mingw32-gcc --cxx=x86_64-w64-mingw32-g++ --ar=x86_64-w64-mingw32-gcc-ar --ranlib=x86_64-w64-mingw32-gcc-ranlib --nm=x86_64-w64-mingw32-gcc-nm --extra-version=20260228
2026-03-27 21:20:45 [ERROR] FFmpeg error:   libavutil      60. 25.100 / 60. 25.100
2026-03-27 21:20:45 [ERROR] FFmpeg error:   libavcodec     62. 23.103 / 62. 23.103
2026-03-27 21:20:45 [ERROR] FFmpeg error:   libavformat    62. 10.101 / 62. 10.101
2026-03-27 21:20:45 [ERROR] FFmpeg error:   libavdevice    62.  2.100 / 62.  2.100
2026-03-27 21:20:45 [ERROR] FFmpeg error:   libavfilter    11. 12.100 / 11. 12.100
2026-03-27 21:20:45 [ERROR] FFmpeg error:   libswscale      9.  4.100 /  9.  4.100
2026-03-27 21:20:45 [ERROR] FFmpeg error:   libswresample   6.  2.100 /  6.  2.100
2026-03-27 21:20:45 [ERROR] FFmpeg error: Input #0, mov,mp4,m4a,3gp,3g2,mj2, from 'C:\Users\brand\Downloads\Sintel_1080_10s_1MB.mp4':
2026-03-27 21:20:45 [ERROR] FFmpeg error:   Metadata:
2026-03-27 21:20:45 [ERROR] FFmpeg error:     major_brand     : isom
2026-03-27 21:20:45 [ERROR] FFmpeg error:     minor_version   : 512
2026-03-27 21:20:45 [ERROR] FFmpeg error:     compatible_brands: isomav01iso2mp41
2026-03-27 21:20:45 [ERROR] FFmpeg error:     encoder         : Lavf58.64.100
2026-03-27 21:20:45 [ERROR] FFmpeg error:   Duration: 00:00:10.00, start: 0.000000, bitrate: 846 kb/s
2026-03-27 21:20:45 [ERROR] FFmpeg error:   Chapters:
2026-03-27 21:20:45 [ERROR] FFmpeg error:     Chapter #0:0: start 0.000000, end 10.000000
2026-03-27 21:20:45 [ERROR] FFmpeg error:       Metadata:
2026-03-27 21:20:45 [ERROR] FFmpeg error:         title           : Chapter 01
2026-03-27 21:20:45 [ERROR] FFmpeg error:   Stream #0:0[0x1](eng): Video: av1 (libdav1d) (Main) (av01 / 0x31307661), yuv420p(pc, progressive), 1920x818 [SAR 1:1 DAR 960:409], 844 kb/s, 30 fps, 30 tbr, 15360 tbn (default)
2026-03-27 21:20:45 [ERROR] FFmpeg error:     Metadata:
2026-03-27 21:20:45 [ERROR] FFmpeg error:       handler_name    : VideoHandler
2026-03-27 21:20:45 [ERROR] FFmpeg error:   Stream #0:1[0x2](eng): Data: bin_data (text / 0x74786574), 0 kb/s
2026-03-27 21:20:45 [ERROR] FFmpeg error:     Metadata:
2026-03-27 21:20:45 [ERROR] FFmpeg error:       handler_name    : SubtitleHandler
2026-03-27 21:20:45 [ERROR] FFmpeg error: Stream mapping:
2026-03-27 21:20:45 [ERROR] FFmpeg error:   Stream #0:0 -> #0:0 (av1 (libdav1d) -> h264 (libx264))
2026-03-27 21:20:45 [ERROR] FFmpeg error: Press [q] to stop, [?] for help
2026-03-27 21:20:45 [ERROR] FFmpeg error: [libx264 @ 0000012a87cbcc80] using SAR=1/1
2026-03-27 21:20:45 [ERROR] FFmpeg error: [libx264 @ 0000012a87cbcc80] using cpu capabilities: MMX2 SSE2Fast SSSE3 SSE4.2 AVX FMA3 BMI2 AVX2 AVX512
2026-03-27 21:20:45 [ERROR] FFmpeg error: [libx264 @ 0000012a87cbcc80] profile High, level 4.0, 4:2:0, 8-bit
2026-03-27 21:20:45 [ERROR] FFmpeg error: [libx264 @ 0000012a87cbcc80] 264 - core 165 - H.264/MPEG-4 AVC codec - Copyleft 2003-2025 - http://www.videolan.org/x264.html - options: cabac=1 ref=3 deblock=1:0:0 analyse=0x3:0x113 me=hex subme=7 psy=1 psy_rd=1.00:0.00 mixed_ref=1 me_range=16 chroma_me=1 trellis=1 8x8dct=1 cqm=0 deadzone=21,11 fast_pskip=1 chroma_qp_offset=-2 threads=24 lookahead_threads=4 sliced_threads=0 nr=0 decimate=1 interlaced=0 bluray_compat=0 constrained_intra=0 bframes=3 b_pyramid=2 b_adapt=1 b_bias=0 direct=1 weightb=1 open_gop=0 weightp=2 keyint=250 keyint_min=25 scenecut=40 intra_refresh=0 rc_lookahead=40 rc=crf mbtree=1 crf=23.0 qcomp=0.60 qpmin=0 qpmax=69 qpstep=4 ip_ratio=1.40 aq=1:1.00
2026-03-27 21:20:45 [ERROR] FFmpeg error: Output #0, mp4, to 'C:\Users\brand\Downloads\Sintel_1080_10s_1MB_converted.mp4':
2026-03-27 21:20:45 [ERROR] FFmpeg error:   Metadata:
2026-03-27 21:20:45 [ERROR] FFmpeg error:     major_brand     : isom
2026-03-27 21:20:45 [ERROR] FFmpeg error:     minor_version   : 512
2026-03-27 21:20:45 [ERROR] FFmpeg error:     compatible_brands: isomav01iso2mp41
2026-03-27 21:20:45 [ERROR] FFmpeg error:     encoder         : Lavf62.10.101
2026-03-27 21:20:45 [ERROR] FFmpeg error:   Chapters:
2026-03-27 21:20:45 [ERROR] FFmpeg error:     Chapter #0:0: start 0.000000, end 10.000000
2026-03-27 21:20:45 [ERROR] FFmpeg error:       Metadata:
2026-03-27 21:20:45 [ERROR] FFmpeg error:         title           : Chapter 01
2026-03-27 21:20:45 [ERROR] FFmpeg error:   Stream #0:0(eng): Video: h264 (avc1 / 0x31637661), yuv420p(pc, progressive), 1920x818 [SAR 1:1 DAR 960:409], q=2-31, 30 fps, 15360 tbn (default)
2026-03-27 21:20:45 [ERROR] FFmpeg error:     Metadata:
2026-03-27 21:20:45 [ERROR] FFmpeg error:       encoder         : Lavc62.23.103 libx264
2026-03-27 21:20:45 [ERROR] FFmpeg error:       handler_name    : VideoHandler
2026-03-27 21:20:45 [ERROR] FFmpeg error:     Side data:
2026-03-27 21:20:45 [ERROR] FFmpeg error:       CPB properties: bitrate max/min/avg: 0/0/0 buffer size: 0 vbv_delay: N/A
2026-03-27 21:20:46 [ERROR] FFmpeg error: [vist#0:0/av1 @ 0000012a87cc8540] [dec:libdav1d @ 0000012a87cf11c0] Error submitting packet to decoder: Invalid data found when processing input
2026-03-27 21:20:47 [ERROR] FFmpeg error:     Last message repeated 1 times
2026-03-27 21:20:47 [ERROR] FFmpeg error: [out#0/mp4 @ 0000012a87c99b00] video:3368KiB audio:0KiB subtitle:0KiB other streams:0KiB global headers:0KiB muxing overhead: 0.129685%
2026-03-27 21:20:47 [ERROR] FFmpeg error: frame=  298 fps=152 q=-1.0 Lsize=    3373KiB time=00:00:09.93 bitrate=2781.4kbits/s speed=5.06x elapsed=0:00:01.96    
2026-03-27 21:20:47 [ERROR] FFmpeg error: [libx264 @ 0000012a87cbcc80] frame I:20    Avg QP:19.15  size: 24558
2026-03-27 21:20:47 [ERROR] FFmpeg error: [libx264 @ 0000012a87cbcc80] frame P:160   Avg QP:22.60  size: 14468
2026-03-27 21:20:47 [ERROR] FFmpeg error: [libx264 @ 0000012a87cbcc80] frame B:118   Avg QP:22.74  size:  5444
2026-03-27 21:20:47 [ERROR] FFmpeg error: [libx264 @ 0000012a87cbcc80] consecutive B-frames: 37.6% 24.2% 14.1% 24.2%
2026-03-27 21:20:47 [ERROR] FFmpeg error: [libx264 @ 0000012a87cbcc80] mb I  I16..4: 28.9% 66.7%  4.4%
2026-03-27 21:20:47 [ERROR] FFmpeg error: [libx264 @ 0000012a87cbcc80] mb P  I16..4: 20.0% 33.9%  0.8%  P16..4: 23.3%  2.5%  0.6%  0.0%  0.0%    skip:19.0%
2026-03-27 21:20:47 [ERROR] FFmpeg error: [libx264 @ 0000012a87cbcc80] mb B  I16..4:  2.2%  3.5%  0.1%  B16..8: 25.3%  1.9%  0.2%  direct: 1.1%  skip:65.8%  L0:46.4% L1:51.7% BI: 1.9%
2026-03-27 21:20:47 [ERROR] FFmpeg error: [libx264 @ 0000012a87cbcc80] 8x8 transform intra:62.7% inter:93.1%
2026-03-27 21:20:47 [ERROR] FFmpeg error: [libx264 @ 0000012a87cbcc80] coded y,uvDC,uvAC intra: 21.7% 14.3% 0.2% inter: 6.4% 7.2% 0.0%
2026-03-27 21:20:47 [ERROR] FFmpeg error: [libx264 @ 0000012a87cbcc80] i16 v,h,dc,p: 13% 26%  6% 55%
2026-03-27 21:20:47 [ERROR] FFmpeg error: [libx264 @ 0000012a87cbcc80] i8 v,h,dc,ddl,ddr,vr,hd,vl,hu: 30% 21% 23%  4%  5%  5%  5%  4%  3%
2026-03-27 21:20:47 [ERROR] FFmpeg error: [libx264 @ 0000012a87cbcc80] i4 v,h,dc,ddl,ddr,vr,hd,vl,hu: 30% 19% 19%  5%  8%  7%  6%  4%  2%
2026-03-27 21:20:47 [ERROR] FFmpeg error: [libx264 @ 0000012a87cbcc80] i8c dc,h,v,p: 72% 14% 13%  1%
2026-03-27 21:20:47 [ERROR] FFmpeg error: [libx264 @ 0000012a87cbcc80] Weighted P-Frames: Y:0.0% UV:0.0%
2026-03-27 21:20:47 [ERROR] FFmpeg error: [libx264 @ 0000012a87cbcc80] ref P L0: 70.0%  8.6% 14.7%  6.6%
2026-03-27 21:20:47 [ERROR] FFmpeg error: [libx264 @ 0000012a87cbcc80] ref B L0: 84.9% 12.1%  3.0%
2026-03-27 21:20:47 [ERROR] FFmpeg error: [libx264 @ 0000012a87cbcc80] ref B L1: 97.7%  2.3%
2026-03-27 21:20:47 [ERROR] FFmpeg error: [libx264 @ 0000012a87cbcc80] kb/s:2758.75
2026-03-27 21:22:18 [INFO] Saving Data...
2026-03-27 21:22:18 [INFO] Shutting down local server...
2026-03-27 21:22:18 [INFO] Local server is shutdown
2026-03-27 21:22:31 [INFO] Application initializing...
2026-03-27 21:22:31 [INFO] Installing frontend requirements
2026-03-27 21:22:33 [INFO] Frontend requirements installation completed
2026-03-27 21:22:33 [INFO] Starting local server and installing requirements for backend
2026-03-27 21:22:34 [INFO] Server health check successful: Uptime 129,66 seconds, Memory 72,16 MB, PID 14940, Processes 2
2026-03-27 21:22:34 [INFO] Local server started and backend requirements installation complete
2026-03-27 21:22:34 [INFO] Loading Data...
2026-03-27 21:22:34 [INFO] Application started with 6 listed medias and 6 playable medias | deleted 0 medias
2026-03-27 21:22:34 [INFO] Application started with 0 playlists
2026-03-28 08:54:09 [INFO] Application initializing...
2026-03-28 08:54:09 [INFO] Installing frontend requirements
2026-03-28 08:58:01 [INFO] Application initializing...
2026-03-28 08:58:01 [INFO] Installing frontend requirements
2026-03-28 08:58:03 [INFO] Frontend requirements installation completed
2026-03-28 08:58:03 [INFO] Starting local server and installing requirements for backend
2026-03-28 08:58:06 [INFO] Waiting for local server to start...
2026-03-28 08:58:08 [INFO] Server health check successful: Uptime 0,31 seconds, Memory 72,87 MB, PID 7572, Processes 2
2026-03-28 08:58:08 [INFO] Local server started and backend requirements installation complete
2026-03-28 08:58:08 [INFO] Loading Data...
2026-03-28 08:58:08 [INFO] Application started with 6 listed medias and 6 playable medias | deleted 0 medias
2026-03-28 08:58:08 [INFO] Application started with 0 playlists
2026-03-28 09:02:25 [INFO] Application initializing...
2026-03-28 09:02:25 [INFO] Installing frontend requirements
2026-03-28 09:02:27 [INFO] Frontend requirements installation completed
2026-03-28 09:02:27 [INFO] Starting local server and installing requirements for backend
2026-03-28 09:02:30 [INFO] Waiting for local server to start...
2026-03-28 09:02:32 [INFO] Server health check successful: Uptime 0,19 seconds, Memory 73,95 MB, PID 20184, Processes 2
2026-03-28 09:02:32 [INFO] Local server started and backend requirements installation complete
2026-03-28 09:02:32 [INFO] Loading Data...
2026-03-28 09:02:32 [INFO] Application started with 6 listed medias and 6 playable medias | deleted 0 medias
2026-03-28 09:02:32 [INFO] Application started with 0 playlists
2026-03-28 09:02:48 [INFO] ffmpeg version N-123074-g4e32fb4c2a-20260228 Copyright (c) 2000-2026 the FFmpeg developers
2026-03-28 09:02:48 [INFO]   built with gcc 15.2.0 (crosstool-NG 1.28.0.1_403899e)
2026-03-28 09:02:48 [INFO]   configuration: --prefix=/ffbuild/prefix --pkg-config-flags=--static --pkg-config=pkg-config --cross-prefix=x86_64-w64-mingw32- --arch=x86_64 --target-os=mingw32 --enable-gpl --enable-version3 --disable-debug --disable-w32threads --enable-pthreads --enable-iconv --enable-zlib --enable-libxml2 --enable-libvmaf --enable-fontconfig --enable-libharfbuzz --enable-libfreetype --enable-libfribidi --enable-vulkan --enable-libshaderc --enable-libvorbis --disable-libxcb --disable-xlib --disable-libpulse --enable-opencl --enable-gmp --enable-lzma --enable-liblcevc-dec --enable-amf --enable-libaom --enable-libaribb24 --enable-avisynth --enable-chromaprint --enable-libdav1d --enable-libdavs2 --enable-libdvdread --enable-libdvdnav --disable-libfdk-aac --enable-ffnvcodec --enable-cuda-llvm --enable-frei0r --enable-libgme --enable-libkvazaar --enable-libaribcaption --enable-libass --enable-libbluray --enable-libjxl --enable-libmp3lame --enable-libopus --enable-libplacebo --enable-librist --enable-libssh --enable-libtheora --enable-libvpx --enable-libwebp --enable-libzmq --enable-lv2 --enable-libvpl --enable-openal --enable-liboapv --enable-libopencore-amrnb --enable-libopencore-amrwb --enable-libopenh264 --enable-libopenjpeg --enable-libopenmpt --enable-librav1e --enable-librubberband --enable-schannel --enable-sdl2 --enable-libsnappy --enable-libsoxr --enable-libsrt --enable-libsvtav1 --enable-libtwolame --enable-libuavs3d --disable-libdrm --enable-vaapi --enable-libvidstab --enable-libvvenc --enable-whisper --enable-libx264 --enable-libx265 --enable-libxavs2 --enable-libxvid --enable-libzimg --enable-libzvbi --extra-cflags=-DLIBTWOLAME_STATIC --extra-cxxflags= --extra-libs=-lgomp --extra-ldflags=-pthread --extra-ldexeflags= --cc=x86_64-w64-mingw32-gcc --cxx=x86_64-w64-mingw32-g++ --ar=x86_64-w64-mingw32-gcc-ar --ranlib=x86_64-w64-mingw32-gcc-ranlib --nm=x86_64-w64-mingw32-gcc-nm --extra-version=20260228
2026-03-28 09:02:48 [INFO]   libavutil      60. 25.100 / 60. 25.100
2026-03-28 09:02:48 [INFO]   libavcodec     62. 23.103 / 62. 23.103
2026-03-28 09:02:48 [INFO]   libavformat    62. 10.101 / 62. 10.101
2026-03-28 09:02:48 [INFO]   libavdevice    62.  2.100 / 62.  2.100
2026-03-28 09:02:48 [INFO]   libavfilter    11. 12.100 / 11. 12.100
2026-03-28 09:02:48 [INFO]   libswscale      9.  4.100 /  9.  4.100
2026-03-28 09:02:48 [INFO]   libswresample   6.  2.100 /  6.  2.100
2026-03-28 09:02:48 [INFO] Input #0, mov,mp4,m4a,3gp,3g2,mj2, from 'C:\Users\brand\Downloads\Sintel_1080_10s_1MB.mp4':
2026-03-28 09:02:48 [INFO]   Metadata:
2026-03-28 09:02:48 [INFO]     major_brand     : isom
2026-03-28 09:02:48 [INFO]     minor_version   : 512
2026-03-28 09:02:48 [INFO]     compatible_brands: isomav01iso2mp41
2026-03-28 09:02:48 [INFO]     encoder         : Lavf58.64.100
2026-03-28 09:02:48 [INFO]   Duration: 00:00:10.00, start: 0.000000, bitrate: 846 kb/s
2026-03-28 09:02:48 [INFO]   Chapters:
2026-03-28 09:02:48 [INFO]     Chapter #0:0: start 0.000000, end 10.000000
2026-03-28 09:02:48 [INFO]       Metadata:
2026-03-28 09:02:48 [INFO]         title           : Chapter 01
2026-03-28 09:02:48 [INFO]   Stream #0:0[0x1](eng): Video: av1 (libdav1d) (Main) (av01 / 0x31307661), yuv420p(pc, progressive), 1920x818 [SAR 1:1 DAR 960:409], 844 kb/s, 30 fps, 30 tbr, 15360 tbn (default)
2026-03-28 09:02:48 [INFO]     Metadata:
2026-03-28 09:02:48 [INFO]       handler_name    : VideoHandler
2026-03-28 09:02:48 [INFO]   Stream #0:1[0x2](eng): Data: bin_data (text / 0x74786574), 0 kb/s
2026-03-28 09:02:48 [INFO]     Metadata:
2026-03-28 09:02:48 [INFO]       handler_name    : SubtitleHandler
2026-03-28 09:02:48 [INFO] Stream mapping:
2026-03-28 09:02:48 [INFO]   Stream #0:0 -> #0:0 (av1 (libdav1d) -> h264 (libx264))
2026-03-28 09:02:48 [INFO] Press [q] to stop, [?] for help
2026-03-28 09:02:48 [INFO] [libx264 @ 000001bb6eec0540] using SAR=1/1
2026-03-28 09:02:48 [INFO] [libx264 @ 000001bb6eec0540] using cpu capabilities: MMX2 SSE2Fast SSSE3 SSE4.2 AVX FMA3 BMI2 AVX2 AVX512
2026-03-28 09:02:48 [INFO] [libx264 @ 000001bb6eec0540] profile High, level 4.0, 4:2:0, 8-bit
2026-03-28 09:02:48 [INFO] [libx264 @ 000001bb6eec0540] 264 - core 165 - H.264/MPEG-4 AVC codec - Copyleft 2003-2025 - http://www.videolan.org/x264.html - options: cabac=1 ref=3 deblock=1:0:0 analyse=0x3:0x113 me=hex subme=7 psy=1 psy_rd=1.00:0.00 mixed_ref=1 me_range=16 chroma_me=1 trellis=1 8x8dct=1 cqm=0 deadzone=21,11 fast_pskip=1 chroma_qp_offset=-2 threads=24 lookahead_threads=4 sliced_threads=0 nr=0 decimate=1 interlaced=0 bluray_compat=0 constrained_intra=0 bframes=3 b_pyramid=2 b_adapt=1 b_bias=0 direct=1 weightb=1 open_gop=0 weightp=2 keyint=250 keyint_min=25 scenecut=40 intra_refresh=0 rc_lookahead=40 rc=crf mbtree=1 crf=23.0 qcomp=0.60 qpmin=0 qpmax=69 qpstep=4 ip_ratio=1.40 aq=1:1.00
2026-03-28 09:02:48 [INFO] Output #0, mp4, to 'C:\Users\brand\Downloads\Sintel_1080_10s_1MB_converted.mp4':
2026-03-28 09:02:48 [INFO]   Metadata:
2026-03-28 09:02:48 [INFO]     major_brand     : isom
2026-03-28 09:02:48 [INFO]     minor_version   : 512
2026-03-28 09:02:48 [INFO]     compatible_brands: isomav01iso2mp41
2026-03-28 09:02:48 [INFO]     encoder         : Lavf62.10.101
2026-03-28 09:02:48 [INFO]   Chapters:
2026-03-28 09:02:48 [INFO]     Chapter #0:0: start 0.000000, end 10.000000
2026-03-28 09:02:48 [INFO]       Metadata:
2026-03-28 09:02:48 [INFO]         title           : Chapter 01
2026-03-28 09:02:48 [INFO]   Stream #0:0(eng): Video: h264 (avc1 / 0x31637661), yuv420p(pc, progressive), 1920x818 [SAR 1:1 DAR 960:409], q=2-31, 30 fps, 15360 tbn (default)
2026-03-28 09:02:48 [INFO]     Metadata:
2026-03-28 09:02:48 [INFO]       encoder         : Lavc62.23.103 libx264
2026-03-28 09:02:48 [INFO]       handler_name    : VideoHandler
2026-03-28 09:02:48 [INFO]     Side data:
2026-03-28 09:02:48 [INFO]       CPB properties: bitrate max/min/avg: 0/0/0 buffer size: 0 vbv_delay: N/A
2026-03-28 09:02:49 [INFO] [vist#0:0/av1 @ 000001bb6d4b8040] [dec:libdav1d @ 000001bb6d4efd40] Error submitting packet to decoder: Invalid data found when processing input
2026-03-28 09:02:49 [INFO]     Last message repeated 1 times
2026-03-28 09:02:49 [INFO] [out#0/mp4 @ 000001bb6d4ad080] video:3368KiB audio:0KiB subtitle:0KiB other streams:0KiB global headers:0KiB muxing overhead: 0.129685%
2026-03-28 09:02:49 [INFO] frame=  298 fps=168 q=-1.0 Lsize=    3373KiB time=00:00:09.93 bitrate=2781.4kbits/s speed=5.61x elapsed=0:00:01.77    
2026-03-28 09:02:49 [INFO] [libx264 @ 000001bb6eec0540] frame I:20    Avg QP:19.15  size: 24558
2026-03-28 09:02:49 [INFO] [libx264 @ 000001bb6eec0540] frame P:160   Avg QP:22.60  size: 14468
2026-03-28 09:02:49 [INFO] [libx264 @ 000001bb6eec0540] frame B:118   Avg QP:22.74  size:  5444
2026-03-28 09:02:49 [INFO] [libx264 @ 000001bb6eec0540] consecutive B-frames: 37.6% 24.2% 14.1% 24.2%
2026-03-28 09:02:49 [INFO] [libx264 @ 000001bb6eec0540] mb I  I16..4: 28.9% 66.7%  4.4%
2026-03-28 09:02:49 [INFO] [libx264 @ 000001bb6eec0540] mb P  I16..4: 20.0% 33.9%  0.8%  P16..4: 23.3%  2.5%  0.6%  0.0%  0.0%    skip:19.0%
2026-03-28 09:02:49 [INFO] [libx264 @ 000001bb6eec0540] mb B  I16..4:  2.2%  3.5%  0.1%  B16..8: 25.3%  1.9%  0.2%  direct: 1.1%  skip:65.8%  L0:46.4% L1:51.7% BI: 1.9%
2026-03-28 09:02:49 [INFO] [libx264 @ 000001bb6eec0540] 8x8 transform intra:62.7% inter:93.1%
2026-03-28 09:02:49 [INFO] [libx264 @ 000001bb6eec0540] coded y,uvDC,uvAC intra: 21.7% 14.3% 0.2% inter: 6.4% 7.2% 0.0%
2026-03-28 09:02:49 [INFO] [libx264 @ 000001bb6eec0540] i16 v,h,dc,p: 13% 26%  6% 55%
2026-03-28 09:02:49 [INFO] [libx264 @ 000001bb6eec0540] i8 v,h,dc,ddl,ddr,vr,hd,vl,hu: 30% 21% 23%  4%  5%  5%  5%  4%  3%
2026-03-28 09:02:49 [INFO] [libx264 @ 000001bb6eec0540] i4 v,h,dc,ddl,ddr,vr,hd,vl,hu: 30% 19% 19%  5%  8%  7%  6%  4%  2%
2026-03-28 09:02:49 [INFO] [libx264 @ 000001bb6eec0540] i8c dc,h,v,p: 72% 14% 13%  1%
2026-03-28 09:02:49 [INFO] [libx264 @ 000001bb6eec0540] Weighted P-Frames: Y:0.0% UV:0.0%
2026-03-28 09:02:49 [INFO] [libx264 @ 000001bb6eec0540] ref P L0: 70.0%  8.6% 14.7%  6.6%
2026-03-28 09:02:49 [INFO] [libx264 @ 000001bb6eec0540] ref B L0: 84.9% 12.1%  3.0%
2026-03-28 09:02:49 [INFO] [libx264 @ 000001bb6eec0540] ref B L1: 97.7%  2.3%
2026-03-28 09:02:49 [INFO] [libx264 @ 000001bb6eec0540] kb/s:2758.75
2026-03-28 09:06:57 [INFO] Application initializing...
2026-03-28 09:06:57 [INFO] Installing frontend requirements
2026-03-28 09:07:11 [INFO] Application initializing...
2026-03-28 09:07:11 [INFO] Installing frontend requirements
2026-03-28 09:07:13 [INFO] Frontend requirements installation completed
2026-03-28 09:07:13 [INFO] Starting local server and installing requirements for backend
2026-03-28 09:07:16 [INFO] Waiting for local server to start...
2026-03-28 09:07:17 [INFO] Server health check successful: Uptime 0,22 seconds, Memory 74,06 MB, PID 18488, Processes 2
2026-03-28 09:07:17 [INFO] Local server started and backend requirements installation complete
2026-03-28 09:07:17 [INFO] Loading Data...
2026-03-28 09:07:18 [INFO] Application started with 6 listed medias and 6 playable medias | deleted 0 medias
2026-03-28 09:07:18 [INFO] Application started with 0 playlists
2026-03-28 09:07:39 [INFO] ffmpeg version N-123074-g4e32fb4c2a-20260228 Copyright (c) 2000-2026 the FFmpeg developers
2026-03-28 09:07:39 [INFO]   built with gcc 15.2.0 (crosstool-NG 1.28.0.1_403899e)
2026-03-28 09:07:39 [INFO]   configuration: --prefix=/ffbuild/prefix --pkg-config-flags=--static --pkg-config=pkg-config --cross-prefix=x86_64-w64-mingw32- --arch=x86_64 --target-os=mingw32 --enable-gpl --enable-version3 --disable-debug --disable-w32threads --enable-pthreads --enable-iconv --enable-zlib --enable-libxml2 --enable-libvmaf --enable-fontconfig --enable-libharfbuzz --enable-libfreetype --enable-libfribidi --enable-vulkan --enable-libshaderc --enable-libvorbis --disable-libxcb --disable-xlib --disable-libpulse --enable-opencl --enable-gmp --enable-lzma --enable-liblcevc-dec --enable-amf --enable-libaom --enable-libaribb24 --enable-avisynth --enable-chromaprint --enable-libdav1d --enable-libdavs2 --enable-libdvdread --enable-libdvdnav --disable-libfdk-aac --enable-ffnvcodec --enable-cuda-llvm --enable-frei0r --enable-libgme --enable-libkvazaar --enable-libaribcaption --enable-libass --enable-libbluray --enable-libjxl --enable-libmp3lame --enable-libopus --enable-libplacebo --enable-librist --enable-libssh --enable-libtheora --enable-libvpx --enable-libwebp --enable-libzmq --enable-lv2 --enable-libvpl --enable-openal --enable-liboapv --enable-libopencore-amrnb --enable-libopencore-amrwb --enable-libopenh264 --enable-libopenjpeg --enable-libopenmpt --enable-librav1e --enable-librubberband --enable-schannel --enable-sdl2 --enable-libsnappy --enable-libsoxr --enable-libsrt --enable-libsvtav1 --enable-libtwolame --enable-libuavs3d --disable-libdrm --enable-vaapi --enable-libvidstab --enable-libvvenc --enable-whisper --enable-libx264 --enable-libx265 --enable-libxavs2 --enable-libxvid --enable-libzimg --enable-libzvbi --extra-cflags=-DLIBTWOLAME_STATIC --extra-cxxflags= --extra-libs=-lgomp --extra-ldflags=-pthread --extra-ldexeflags= --cc=x86_64-w64-mingw32-gcc --cxx=x86_64-w64-mingw32-g++ --ar=x86_64-w64-mingw32-gcc-ar --ranlib=x86_64-w64-mingw32-gcc-ranlib --nm=x86_64-w64-mingw32-gcc-nm --extra-version=20260228
2026-03-28 09:07:39 [INFO]   libavutil      60. 25.100 / 60. 25.100
2026-03-28 09:07:39 [INFO]   libavcodec     62. 23.103 / 62. 23.103
2026-03-28 09:07:39 [INFO]   libavformat    62. 10.101 / 62. 10.101
2026-03-28 09:07:39 [INFO]   libavdevice    62.  2.100 / 62.  2.100
2026-03-28 09:07:39 [INFO]   libavfilter    11. 12.100 / 11. 12.100
2026-03-28 09:07:39 [INFO]   libswscale      9.  4.100 /  9.  4.100
2026-03-28 09:07:39 [INFO]   libswresample   6.  2.100 /  6.  2.100
2026-03-28 09:07:39 [INFO] Input #0, mov,mp4,m4a,3gp,3g2,mj2, from 'C:\Users\brand\Downloads\Sintel_1080_10s_1MB.mp4':
2026-03-28 09:07:39 [INFO]   Metadata:
2026-03-28 09:07:39 [INFO]     major_brand     : isom
2026-03-28 09:07:39 [INFO]     minor_version   : 512
2026-03-28 09:07:39 [INFO]     compatible_brands: isomav01iso2mp41
2026-03-28 09:07:39 [INFO]     encoder         : Lavf58.64.100
2026-03-28 09:07:39 [INFO]   Duration: 00:00:10.00, start: 0.000000, bitrate: 846 kb/s
2026-03-28 09:07:39 [INFO]   Chapters:
2026-03-28 09:07:39 [INFO]     Chapter #0:0: start 0.000000, end 10.000000
2026-03-28 09:07:39 [INFO]       Metadata:
2026-03-28 09:07:39 [INFO]         title           : Chapter 01
2026-03-28 09:07:39 [INFO]   Stream #0:0[0x1](eng): Video: av1 (libdav1d) (Main) (av01 / 0x31307661), yuv420p(pc, progressive), 1920x818 [SAR 1:1 DAR 960:409], 844 kb/s, 30 fps, 30 tbr, 15360 tbn (default)
2026-03-28 09:07:39 [INFO]     Metadata:
2026-03-28 09:07:39 [INFO]       handler_name    : VideoHandler
2026-03-28 09:07:39 [INFO]   Stream #0:1[0x2](eng): Data: bin_data (text / 0x74786574), 0 kb/s
2026-03-28 09:07:39 [INFO]     Metadata:
2026-03-28 09:07:39 [INFO]       handler_name    : SubtitleHandler
2026-03-28 09:07:39 [INFO] Stream mapping:
2026-03-28 09:07:39 [INFO]   Stream #0:0 -> #0:0 (av1 (libdav1d) -> h264 (libx264))
2026-03-28 09:07:39 [INFO] Press [q] to stop, [?] for help
2026-03-28 09:07:39 [INFO] [libx264 @ 0000013fe4a6f780] using SAR=1/1
2026-03-28 09:07:39 [INFO] [libx264 @ 0000013fe4a6f780] using cpu capabilities: MMX2 SSE2Fast SSSE3 SSE4.2 AVX FMA3 BMI2 AVX2 AVX512
2026-03-28 09:07:39 [INFO] [libx264 @ 0000013fe4a6f780] profile High, level 4.0, 4:2:0, 8-bit
2026-03-28 09:07:39 [INFO] [libx264 @ 0000013fe4a6f780] 264 - core 165 - H.264/MPEG-4 AVC codec - Copyleft 2003-2025 - http://www.videolan.org/x264.html - options: cabac=1 ref=3 deblock=1:0:0 analyse=0x3:0x113 me=hex subme=7 psy=1 psy_rd=1.00:0.00 mixed_ref=1 me_range=16 chroma_me=1 trellis=1 8x8dct=1 cqm=0 deadzone=21,11 fast_pskip=1 chroma_qp_offset=-2 threads=24 lookahead_threads=4 sliced_threads=0 nr=0 decimate=1 interlaced=0 bluray_compat=0 constrained_intra=0 bframes=3 b_pyramid=2 b_adapt=1 b_bias=0 direct=1 weightb=1 open_gop=0 weightp=2 keyint=250 keyint_min=25 scenecut=40 intra_refresh=0 rc_lookahead=40 rc=crf mbtree=1 crf=23.0 qcomp=0.60 qpmin=0 qpmax=69 qpstep=4 ip_ratio=1.40 aq=1:1.00
2026-03-28 09:07:39 [INFO] Output #0, mp4, to 'C:\Users\brand\Downloads\Sintel_1080_10s_1MB_converted.mp4':
2026-03-28 09:07:39 [INFO]   Metadata:
2026-03-28 09:07:39 [INFO]     major_brand     : isom
2026-03-28 09:07:39 [INFO]     minor_version   : 512
2026-03-28 09:07:39 [INFO]     compatible_brands: isomav01iso2mp41
2026-03-28 09:07:39 [INFO]     encoder         : Lavf62.10.101
2026-03-28 09:07:39 [INFO]   Chapters:
2026-03-28 09:07:39 [INFO]     Chapter #0:0: start 0.000000, end 10.000000
2026-03-28 09:07:39 [INFO]       Metadata:
2026-03-28 09:07:39 [INFO]         title           : Chapter 01
2026-03-28 09:07:39 [INFO]   Stream #0:0(eng): Video: h264 (avc1 / 0x31637661), yuv420p(pc, progressive), 1920x818 [SAR 1:1 DAR 960:409], q=2-31, 30 fps, 15360 tbn (default)
2026-03-28 09:07:39 [INFO]     Metadata:
2026-03-28 09:07:39 [INFO]       encoder         : Lavc62.23.103 libx264
2026-03-28 09:07:39 [INFO]       handler_name    : VideoHandler
2026-03-28 09:07:39 [INFO]     Side data:
2026-03-28 09:07:39 [INFO]       CPB properties: bitrate max/min/avg: 0/0/0 buffer size: 0 vbv_delay: N/A
2026-03-28 09:07:40 [DEBUG] FFmpeg progress: frame=59
2026-03-28 09:07:40 [DEBUG] FFmpeg progress: fps=0.00
2026-03-28 09:07:40 [DEBUG] FFmpeg progress: stream_0_0_q=29.0
2026-03-28 09:07:40 [DEBUG] FFmpeg progress: bitrate=2207.8kbits/s
2026-03-28 09:07:40 [DEBUG] FFmpeg progress: total_size=524360
2026-03-28 09:07:40 [DEBUG] FFmpeg progress: out_time_us=1900000
2026-03-28 09:07:40 [DEBUG] FFmpeg progress: out_time_ms=1900000
2026-03-28 09:07:40 [DEBUG] FFmpeg progress: out_time=00:00:01.900000
2026-03-28 09:07:40 [DEBUG] FFmpeg progress: dup_frames=0
2026-03-28 09:07:40 [DEBUG] FFmpeg progress: drop_frames=0
2026-03-28 09:07:40 [DEBUG] FFmpeg progress: speed=3.68x
2026-03-28 09:07:40 [DEBUG] FFmpeg progress: progress=continue
2026-03-28 09:07:40 [DEBUG] FFmpeg progress: frame=143
2026-03-28 09:07:40 [DEBUG] FFmpeg progress: fps=138.79
2026-03-28 09:07:40 [DEBUG] FFmpeg progress: stream_0_0_q=29.0
2026-03-28 09:07:40 [DEBUG] FFmpeg progress: bitrate=2231.1kbits/s
2026-03-28 09:07:40 [DEBUG] FFmpeg progress: total_size=1310792
2026-03-28 09:07:40 [DEBUG] FFmpeg progress: out_time_us=4700000
2026-03-28 09:07:40 [DEBUG] FFmpeg progress: out_time_ms=4700000
2026-03-28 09:07:40 [DEBUG] FFmpeg progress: out_time=00:00:04.700000
2026-03-28 09:07:40 [DEBUG] FFmpeg progress: dup_frames=0
2026-03-28 09:07:40 [DEBUG] FFmpeg progress: drop_frames=0
2026-03-28 09:07:40 [DEBUG] FFmpeg progress: speed=4.56x
2026-03-28 09:07:40 [DEBUG] FFmpeg progress: progress=continue
2026-03-28 09:07:40 [INFO] [vist#0:0/av1 @ 0000013fe3098ac0] [dec:libdav1d @ 0000013fe4a6fd40] Error submitting packet to decoder: Invalid data found when processing input
2026-03-28 09:07:41 [DEBUG] FFmpeg progress: frame=238
2026-03-28 09:07:41 [DEBUG] FFmpeg progress: fps=154.03
2026-03-28 09:07:41 [DEBUG] FFmpeg progress: stream_0_0_q=29.0
2026-03-28 09:07:41 [DEBUG] FFmpeg progress: bitrate=2643.5kbits/s
2026-03-28 09:07:41 [DEBUG] FFmpeg progress: total_size=2621512
2026-03-28 09:07:41 [DEBUG] FFmpeg progress: out_time_us=7933333
2026-03-28 09:07:41 [DEBUG] FFmpeg progress: out_time_ms=7933333
2026-03-28 09:07:41 [DEBUG] FFmpeg progress: out_time=00:00:07.933333
2026-03-28 09:07:41 [DEBUG] FFmpeg progress: dup_frames=0
2026-03-28 09:07:41 [DEBUG] FFmpeg progress: drop_frames=0
2026-03-28 09:07:41 [DEBUG] FFmpeg progress: speed=5.13x
2026-03-28 09:07:41 [DEBUG] FFmpeg progress: progress=continue
2026-03-28 09:07:41 [INFO]     Last message repeated 1 times
2026-03-28 09:07:41 [INFO] [out#0/mp4 @ 0000013fe308b300] video:3368KiB audio:0KiB subtitle:0KiB other streams:0KiB global headers:0KiB muxing overhead: 0.129685%
2026-03-28 09:07:41 [INFO] frame=  298 fps=168 q=-1.0 Lsize=    3373KiB time=00:00:09.93 bitrate=2781.4kbits/s speed= 5.6x elapsed=0:00:01.77    
2026-03-28 09:07:41 [INFO] [libx264 @ 0000013fe4a6f780] frame I:20    Avg QP:19.15  size: 24558
2026-03-28 09:07:41 [INFO] [libx264 @ 0000013fe4a6f780] frame P:160   Avg QP:22.60  size: 14468
2026-03-28 09:07:41 [INFO] [libx264 @ 0000013fe4a6f780] frame B:118   Avg QP:22.74  size:  5444
2026-03-28 09:07:41 [INFO] [libx264 @ 0000013fe4a6f780] consecutive B-frames: 37.6% 24.2% 14.1% 24.2%
2026-03-28 09:07:41 [INFO] [libx264 @ 0000013fe4a6f780] mb I  I16..4: 28.9% 66.7%  4.4%
2026-03-28 09:07:41 [INFO] [libx264 @ 0000013fe4a6f780] mb P  I16..4: 20.0% 33.9%  0.8%  P16..4: 23.3%  2.5%  0.6%  0.0%  0.0%    skip:19.0%
2026-03-28 09:07:41 [INFO] [libx264 @ 0000013fe4a6f780] mb B  I16..4:  2.2%  3.5%  0.1%  B16..8: 25.3%  1.9%  0.2%  direct: 1.1%  skip:65.8%  L0:46.4% L1:51.7% BI: 1.9%
2026-03-28 09:07:41 [INFO] [libx264 @ 0000013fe4a6f780] 8x8 transform intra:62.7% inter:93.1%
2026-03-28 09:07:41 [INFO] [libx264 @ 0000013fe4a6f780] coded y,uvDC,uvAC intra: 21.7% 14.3% 0.2% inter: 6.4% 7.2% 0.0%
2026-03-28 09:07:41 [ERROR] Error during conversion: The process cannot access the file 'C:\Users\brand\RiderProjects\PyScrapper\PyScrapperDesktopApp\logs\app.log' because it is being used by another process.
2026-03-28 09:07:41 [WARNING] Codec conversion for file 'C:\Users\brand\Downloads\Sintel_1080_10s_1MB.mp4' was cancelled by user.
2026-03-28 09:07:42 [INFO] Saving Data...
2026-03-28 09:07:42 [INFO] Shutting down local server...
2026-03-28 09:07:42 [INFO] Local server is shutdown
2026-03-28 09:13:45 [INFO] Application initializing...
2026-03-28 09:13:45 [INFO] Installing frontend requirements
2026-03-28 09:13:47 [INFO] Frontend requirements installation completed
2026-03-28 09:13:47 [INFO] Starting local server and installing requirements for backend
2026-03-28 09:13:48 [INFO] Server health check successful: Uptime 390,83 seconds, Memory 72,19 MB, PID 18488, Processes 2
2026-03-28 09:13:48 [INFO] Local server started and backend requirements installation complete
2026-03-28 09:13:48 [INFO] Loading Data...
2026-03-28 09:13:48 [INFO] Application started with 6 listed medias and 6 playable medias | deleted 0 medias
2026-03-28 09:13:48 [INFO] Application started with 0 playlists
2026-03-28 09:14:24 [INFO] Saving Data...
2026-03-28 09:14:24 [INFO] Shutting down local server...
2026-03-28 09:14:24 [INFO] Local server is shutdown
2026-03-28 09:15:38 [INFO] Application initializing...
2026-03-28 09:15:38 [INFO] Installing frontend requirements
2026-03-28 09:15:39 [INFO] Frontend requirements installation completed
2026-03-28 09:15:39 [INFO] Starting local server and installing requirements for backend
2026-03-28 09:15:40 [INFO] Server health check successful: Uptime 503,42 seconds, Memory 72,27 MB, PID 18488, Processes 2
2026-03-28 09:15:40 [INFO] Local server started and backend requirements installation complete
2026-03-28 09:15:41 [INFO] Loading Data...
2026-03-28 09:15:41 [ERROR] Error checking codec for file 'C:\Users\brand\RiderProjects\PyScrapper\Downloads\NorthKorea6.mp3': C:\Users\brand\RiderProjects\PyScrapper\Downloads\NorthKorea6.mp3: No such file or directory

2026-03-28 09:15:41 [ERROR] Application failed to start: Cannot show window with non-visible owner.
2026-03-28 09:15:41 [INFO] Saving Data...
2026-03-28 09:15:41 [INFO] Shutting down local server...
2026-03-28 09:15:41 [INFO] Local server is shutdown
2026-03-28 09:16:02 [INFO] Application initializing...
2026-03-28 09:16:02 [INFO] Installing frontend requirements
2026-03-28 09:16:04 [INFO] Frontend requirements installation completed
2026-03-28 09:16:04 [INFO] Starting local server and installing requirements for backend
2026-03-28 09:16:05 [INFO] Server health check successful: Uptime 528 seconds, Memory 72,33 MB, PID 18488, Processes 2
2026-03-28 09:16:05 [INFO] Local server started and backend requirements installation complete
2026-03-28 09:16:05 [INFO] Loading Data...
2026-03-28 09:16:05 [INFO] Application started with 0 listed medias and 0 playable medias | deleted 0 medias
2026-03-28 09:16:05 [INFO] Application started with 0 playlists
2026-03-28 09:16:28 [INFO] Search successful for query: "Gehlektek kaunst da denga", found 14 results
2026-03-28 09:16:53 [INFO] Search successful for query: "Gehlektek kaunst da denga", found 11 results
2026-03-28 09:17:20 [INFO] Application initializing...
2026-03-28 09:17:20 [INFO] Installing frontend requirements
2026-03-28 09:17:22 [INFO] Frontend requirements installation completed
2026-03-28 09:17:22 [INFO] Starting local server and installing requirements for backend
2026-03-28 09:17:23 [INFO] Server health check successful: Uptime 605,91 seconds, Memory 76,21 MB, PID 18488, Processes 2
2026-03-28 09:17:23 [INFO] Local server started and backend requirements installation complete
2026-03-28 09:17:23 [INFO] Loading Data...
2026-03-28 09:17:23 [INFO] Application started with 0 listed medias and 0 playable medias | deleted 0 medias
2026-03-28 09:17:23 [INFO] Application started with 0 playlists
2026-03-28 09:17:36 [INFO] Search successful for query: "Gehlektek kaunst da denga", found 10 results
2026-03-28 09:17:46 [INFO] Server received request and sent message: Request received for download, you can view progress under /download/progress/ac2ed353-86d0-4be2-ae31-f1c3d96dea69
2026-03-28 09:17:48 [INFO] Download progress for ID: "ac2ed353-86d0-4be2-ae31-f1c3d96dea69": error, 0%, 0 MB/s
2026-03-28 09:17:48 [ERROR] [Errno 22] Invalid argument
2026-03-28 09:17:52 [INFO] Saving Data...
2026-03-28 09:17:52 [INFO] Shutting down local server...
2026-03-28 09:17:52 [INFO] Local server is shutdown
2026-03-28 09:31:44 [INFO] Application initializing...
2026-03-28 09:31:44 [INFO] Installing frontend requirements
2026-03-28 09:31:45 [INFO] Frontend requirements installation completed
2026-03-28 09:31:45 [INFO] Starting local server and installing requirements for backend
2026-03-28 09:31:47 [INFO] Server health check successful: Uptime 1469,52 seconds, Memory 82,39 MB, PID 18488, Processes 2
2026-03-28 09:31:47 [INFO] Local server started and backend requirements installation complete
2026-03-28 09:31:47 [INFO] Loading Data...
2026-03-28 09:31:47 [INFO] Application started with 0 listed medias and 0 playable medias | deleted 0 medias
2026-03-28 09:31:47 [INFO] Application started with 0 playlists
2026-03-28 09:32:06 [INFO] Search successful for query: "Gehlektek kaunst da denga", found 8 results
2026-03-28 09:32:39 [INFO] Server received request and sent message: Request received for download, you can view progress under /download/progress/0a3f635d-5ff3-46e3-8596-a63c1f308063
2026-03-28 09:32:41 [INFO] Download progress for ID: "0a3f635d-5ff3-46e3-8596-a63c1f308063": error, 0%, 0 MB/s
2026-03-28 09:32:41 [ERROR] [Errno 22] Invalid argument
2026-03-28 09:32:44 [INFO] Saving Data...
2026-03-28 09:32:44 [INFO] Shutting down local server...
2026-03-28 09:32:44 [INFO] Local server is shutdown
2026-03-28 11:15:00 [INFO] Application initializing...
2026-03-28 11:15:00 [INFO] Installing frontend requirements
2026-03-28 11:15:02 [INFO] Frontend requirements installation completed
2026-03-28 11:15:02 [INFO] Starting local server and installing requirements for backend
2026-03-28 11:15:04 [INFO] Server health check successful: Uptime 7666,4 seconds, Memory 41 MB, PID 18488, Processes 2
2026-03-28 11:15:04 [INFO] Local server started and backend requirements installation complete
2026-03-28 11:15:04 [INFO] Loading Data...
2026-03-28 11:15:04 [INFO] Application started with 0 listed medias and 0 playable medias | deleted 0 medias
2026-03-28 11:15:04 [INFO] Application started with 0 playlists
2026-03-28 11:15:29 [ERROR] Search failed for query: "Gehlektek kaunst da denga", error: YOUTUBE_SEARCH: 'Top' variable must be greater than 0
2026-03-28 11:15:31 [INFO] No results found for query: Gehlektek kaunst da denga
2026-03-28 11:15:36 [ERROR] Search failed for query: "Gehlektek ", error: YOUTUBE_SEARCH: 'Top' variable must be greater than 0
2026-03-28 11:15:38 [INFO] No results found for query: Gehlektek 
2026-03-28 11:15:42 [ERROR] Search failed for query: "greeen", error: YOUTUBE_SEARCH: 'Top' variable must be greater than 0
2026-03-28 11:15:44 [INFO] No results found for query: greeen
2026-03-28 11:15:47 [INFO] Saving Data...
2026-03-28 11:15:47 [INFO] Shutting down local server...
2026-03-28 11:15:47 [INFO] Local server is shutdown
2026-03-28 11:16:24 [INFO] Application initializing...
2026-03-28 11:16:24 [INFO] Installing frontend requirements
2026-03-28 11:16:26 [INFO] Frontend requirements installation completed
2026-03-28 11:16:26 [INFO] Starting local server and installing requirements for backend
2026-03-28 11:16:27 [INFO] Server health check successful: Uptime 7749,83 seconds, Memory 43,74 MB, PID 18488, Processes 2
2026-03-28 11:16:27 [INFO] Local server started and backend requirements installation complete
2026-03-28 11:16:27 [INFO] Loading Data...
2026-03-28 11:16:27 [INFO] Application started with 0 listed medias and 0 playable medias | deleted 0 medias
2026-03-28 11:16:27 [INFO] Application started with 0 playlists
2026-03-28 11:16:29 [INFO] Saving Data...
2026-03-28 11:16:29 [INFO] Shutting down local server...
2026-03-28 11:16:29 [INFO] Local server is shutdown
2026-03-28 11:16:40 [INFO] Application initializing...
2026-03-28 11:16:40 [INFO] Installing frontend requirements
2026-03-28 11:16:47 [INFO] Application initializing...
2026-03-28 11:16:47 [INFO] Installing frontend requirements
2026-03-28 11:16:49 [INFO] Frontend requirements installation completed
2026-03-28 11:16:49 [INFO] Starting local server and installing requirements for backend
2026-03-28 11:16:50 [INFO] Server health check successful: Uptime 7772,97 seconds, Memory 43,92 MB, PID 18488, Processes 2
2026-03-28 11:16:50 [INFO] Local server started and backend requirements installation complete
2026-03-28 11:16:50 [INFO] Loading Data...
2026-03-28 11:16:50 [INFO] Application started with 0 listed medias and 0 playable medias | deleted 0 medias
2026-03-28 11:16:50 [INFO] Application started with 0 playlists
2026-03-28 11:17:01 [INFO] Search successful for query: "Greeen", found 6 results
2026-03-28 11:17:19 [INFO] Server received request and sent message: Request received for download, you can view progress under /download/progress/48c067eb-37e4-442a-8f0c-e2d69399b2ab
2026-03-28 11:17:21 [INFO] Download progress for ID: "48c067eb-37e4-442a-8f0c-e2d69399b2ab": error, 0%, 0 MB/s
2026-03-28 11:17:21 [ERROR] [Errno 22] Invalid argument
2026-03-28 11:17:25 [INFO] Saving Data...
2026-03-28 11:17:25 [INFO] Shutting down local server...
2026-03-28 11:17:25 [INFO] Local server is shutdown
2026-03-28 11:29:53 [INFO] Application initializing...
2026-03-28 11:29:53 [INFO] Installing frontend requirements
2026-03-28 11:29:55 [INFO] Frontend requirements installation completed
2026-03-28 11:29:55 [INFO] Starting local server and installing requirements for backend
2026-03-28 11:29:57 [INFO] Server health check successful: Uptime 8559,38 seconds, Memory 54,89 MB, PID 18488, Processes 2
2026-03-28 11:29:57 [INFO] Local server started and backend requirements installation complete
2026-03-28 11:29:57 [INFO] Loading Data...
2026-03-28 11:29:57 [INFO] Application started with 0 listed medias and 0 playable medias | deleted 0 medias
2026-03-28 11:29:57 [INFO] Application started with 0 playlists
2026-03-28 11:30:17 [INFO] Search successful for query: "Greeen", found 5 results
2026-03-28 11:30:36 [INFO] Search successful for query: "Greeen", found 5 results
2026-03-28 11:30:53 [INFO] Server received request and sent message: Request received for download, you can view progress under /download/progress/253caffc-9547-4d4f-a1c5-da18fa2251b5
2026-03-28 11:30:55 [INFO] Download progress for ID: "253caffc-9547-4d4f-a1c5-da18fa2251b5": error, 0%, 0 MB/s
2026-03-28 11:30:55 [ERROR] [Errno 22] Invalid argument
2026-03-28 11:31:02 [INFO] Server health check successful: Uptime 8625,08 seconds, Memory 55,78 MB, PID 18488, Processes 2
2026-03-28 11:31:50 [INFO] Search successful for query: "Gehlektek kaunst da denga", found 1 results
2026-03-28 11:31:59 [INFO] Server received request and sent message: Request received for download, you can view progress under /download/progress/f23331eb-731c-444b-b4cd-61e9c11d6926
2026-03-28 11:32:01 [INFO] Download progress for ID: "f23331eb-731c-444b-b4cd-61e9c11d6926": queued, 0%, 0 MB/s
2026-03-28 11:32:02 [INFO] Download progress for ID: "f23331eb-731c-444b-b4cd-61e9c11d6926": queued, 0%, 0 MB/s
2026-03-28 11:32:03 [INFO] Download progress for ID: "f23331eb-731c-444b-b4cd-61e9c11d6926": queued, 0%, 0 MB/s
2026-03-28 11:32:04 [INFO] Download progress for ID: "f23331eb-731c-444b-b4cd-61e9c11d6926": downloading..., 3,617115%, 0,6 MB/s
2026-03-28 11:32:05 [INFO] Download progress for ID: "f23331eb-731c-444b-b4cd-61e9c11d6926": downloading..., 5,5208597%, 0,35 MB/s
2026-03-28 11:32:06 [INFO] Download progress for ID: "f23331eb-731c-444b-b4cd-61e9c11d6926": downloading..., 7,043855%, 0,24 MB/s
2026-03-28 11:32:07 [INFO] Download progress for ID: "f23331eb-731c-444b-b4cd-61e9c11d6926": downloading..., 8,9476%, 0,21 MB/s
2026-03-28 11:32:08 [INFO] Download progress for ID: "f23331eb-731c-444b-b4cd-61e9c11d6926": downloading..., 10,185034%, 0,2 MB/s
2026-03-28 11:32:09 [INFO] Download progress for ID: "f23331eb-731c-444b-b4cd-61e9c11d6926": downloading..., 10,5657835%, 0,16 MB/s
2026-03-28 11:32:10 [INFO] Download progress for ID: "f23331eb-731c-444b-b4cd-61e9c11d6926": downloading..., 11,898404%, 0,15 MB/s
2026-03-28 11:32:11 [INFO] Download progress for ID: "f23331eb-731c-444b-b4cd-61e9c11d6926": downloading..., 13,231026%, 0,15 MB/s
2026-03-28 11:32:12 [INFO] Download progress for ID: "f23331eb-731c-444b-b4cd-61e9c11d6926": downloading..., 14,182898%, 0,14 MB/s
2026-03-28 11:32:13 [INFO] Download progress for ID: "f23331eb-731c-444b-b4cd-61e9c11d6926": downloading..., 16,086643%, 0,14 MB/s
2026-03-28 11:32:14 [INFO] Download progress for ID: "f23331eb-731c-444b-b4cd-61e9c11d6926": downloading..., 16,84814%, 0,13 MB/s
2026-03-28 11:32:15 [INFO] Download progress for ID: "f23331eb-731c-444b-b4cd-61e9c11d6926": downloading..., 17,609638%, 0,13 MB/s
2026-03-28 11:32:16 [INFO] Download progress for ID: "f23331eb-731c-444b-b4cd-61e9c11d6926": downloading..., 18,180761%, 0,12 MB/s
2026-03-28 11:32:17 [INFO] Download progress for ID: "f23331eb-731c-444b-b4cd-61e9c11d6926": downloading..., 18,56151%, 0,11 MB/s
2026-03-28 11:32:19 [INFO] Download progress for ID: "f23331eb-731c-444b-b4cd-61e9c11d6926": downloading..., 19,513384%, 0,11 MB/s
2026-03-28 11:32:20 [INFO] Download progress for ID: "f23331eb-731c-444b-b4cd-61e9c11d6926": downloading..., 20,65563%, 0,11 MB/s
2026-03-28 11:32:21 [INFO] Download progress for ID: "f23331eb-731c-444b-b4cd-61e9c11d6926": downloading..., 22,178625%, 0,11 MB/s
2026-03-28 11:32:22 [INFO] Download progress for ID: "f23331eb-731c-444b-b4cd-61e9c11d6926": downloading..., 23,891996%, 0,11 MB/s
2026-03-28 11:32:23 [INFO] Download progress for ID: "f23331eb-731c-444b-b4cd-61e9c11d6926": downloading..., 24,843868%, 0,11 MB/s
2026-03-28 11:32:24 [INFO] Download progress for ID: "f23331eb-731c-444b-b4cd-61e9c11d6926": downloading..., 25,986115%, 0,11 MB/s
2026-03-28 11:32:25 [INFO] Download progress for ID: "f23331eb-731c-444b-b4cd-61e9c11d6926": downloading..., 26,747614%, 0,11 MB/s
2026-03-28 11:32:26 [INFO] Download progress for ID: "f23331eb-731c-444b-b4cd-61e9c11d6926": downloading..., 28,270609%, 0,11 MB/s
2026-03-28 11:32:27 [INFO] Download progress for ID: "f23331eb-731c-444b-b4cd-61e9c11d6926": downloading..., 28,841732%, 0,11 MB/s
2026-03-28 11:32:28 [INFO] Download progress for ID: "f23331eb-731c-444b-b4cd-61e9c11d6926": downloading..., 29,983978%, 0,1 MB/s
2026-03-28 11:32:29 [INFO] Download progress for ID: "f23331eb-731c-444b-b4cd-61e9c11d6926": downloading..., 30,555103%, 0,1 MB/s
2026-03-28 11:32:30 [INFO] Download progress for ID: "f23331eb-731c-444b-b4cd-61e9c11d6926": downloading..., 30,745478%, 0,1 MB/s
2026-03-28 11:32:31 [INFO] Download progress for ID: "f23331eb-731c-444b-b4cd-61e9c11d6926": downloading..., 31,126226%, 0,1 MB/s
2026-03-28 11:32:32 [INFO] Download progress for ID: "f23331eb-731c-444b-b4cd-61e9c11d6926": downloading..., 32,458847%, 0,1 MB/s
2026-03-28 11:32:33 [INFO] Download progress for ID: "f23331eb-731c-444b-b4cd-61e9c11d6926": downloading..., 33,220345%, 0,1 MB/s
2026-03-28 11:32:34 [INFO] Download progress for ID: "f23331eb-731c-444b-b4cd-61e9c11d6926": downloading..., 34,17222%, 0,1 MB/s
2026-03-28 11:32:35 [INFO] Download progress for ID: "f23331eb-731c-444b-b4cd-61e9c11d6926": downloading..., 35,12409%, 0,09 MB/s
2026-03-28 11:32:36 [INFO] Download progress for ID: "f23331eb-731c-444b-b4cd-61e9c11d6926": downloading..., 35,695213%, 0,09 MB/s
2026-03-28 11:32:37 [INFO] Download progress for ID: "f23331eb-731c-444b-b4cd-61e9c11d6926": downloading..., 36,83746%, 0,09 MB/s
2026-03-28 11:32:38 [INFO] Download progress for ID: "f23331eb-731c-444b-b4cd-61e9c11d6926": downloading..., 39,121952%, 0,1 MB/s
2026-03-28 11:32:39 [INFO] Download progress for ID: "f23331eb-731c-444b-b4cd-61e9c11d6926": downloading..., 39,693077%, 0,09 MB/s
2026-03-28 11:32:40 [INFO] Download progress for ID: "f23331eb-731c-444b-b4cd-61e9c11d6926": downloading..., 40,454575%, 0,09 MB/s
2026-03-28 11:32:41 [INFO] Download progress for ID: "f23331eb-731c-444b-b4cd-61e9c11d6926": downloading..., 41,0257%, 0,09 MB/s
2026-03-28 11:32:42 [INFO] Download progress for ID: "f23331eb-731c-444b-b4cd-61e9c11d6926": downloading..., 41,97757%, 0,09 MB/s
2026-03-28 11:32:43 [INFO] Download progress for ID: "f23331eb-731c-444b-b4cd-61e9c11d6926": downloading..., 42,739067%, 0,09 MB/s
2026-03-28 11:32:44 [INFO] Download progress for ID: "f23331eb-731c-444b-b4cd-61e9c11d6926": downloading..., 43,310192%, 0,09 MB/s
2026-03-28 11:32:45 [INFO] Download progress for ID: "f23331eb-731c-444b-b4cd-61e9c11d6926": downloading..., 43,881317%, 0,09 MB/s
2026-03-28 11:32:46 [INFO] Download progress for ID: "f23331eb-731c-444b-b4cd-61e9c11d6926": downloading..., 44,45244%, 0,09 MB/s
2026-03-28 11:32:47 [INFO] Download progress for ID: "f23331eb-731c-444b-b4cd-61e9c11d6926": downloading..., 45,213936%, 0,09 MB/s
2026-03-28 11:32:48 [INFO] Download progress for ID: "f23331eb-731c-444b-b4cd-61e9c11d6926": downloading..., 46,16581%, 0,09 MB/s
2026-03-28 11:32:49 [INFO] Download progress for ID: "f23331eb-731c-444b-b4cd-61e9c11d6926": downloading..., 46,927307%, 0,09 MB/s
2026-03-28 11:32:50 [INFO] Download progress for ID: "f23331eb-731c-444b-b4cd-61e9c11d6926": downloading..., 47,11768%, 0,09 MB/s
2026-03-28 11:32:51 [INFO] Download progress for ID: "f23331eb-731c-444b-b4cd-61e9c11d6926": downloading..., 47,49843%, 0,08 MB/s
2026-03-28 11:32:52 [INFO] Download progress for ID: "f23331eb-731c-444b-b4cd-61e9c11d6926": downloading..., 49,59255%, 0,09 MB/s
2026-03-28 11:32:53 [INFO] Download progress for ID: "f23331eb-731c-444b-b4cd-61e9c11d6926": downloading..., 50,544422%, 0,09 MB/s
2026-03-28 11:32:54 [INFO] Download progress for ID: "f23331eb-731c-444b-b4cd-61e9c11d6926": downloading..., 51,30592%, 0,09 MB/s
2026-03-28 11:32:55 [INFO] Download progress for ID: "f23331eb-731c-444b-b4cd-61e9c11d6926": downloading..., 51,68667%, 0,08 MB/s
2026-03-28 11:32:56 [INFO] Download progress for ID: "f23331eb-731c-444b-b4cd-61e9c11d6926": downloading..., 52,448166%, 0,08 MB/s
2026-03-28 11:32:57 [INFO] Download progress for ID: "f23331eb-731c-444b-b4cd-61e9c11d6926": downloading..., 53,78079%, 0,08 MB/s
2026-03-28 11:32:58 [INFO] Download progress for ID: "f23331eb-731c-444b-b4cd-61e9c11d6926": downloading..., 54,542286%, 0,08 MB/s
2026-03-28 11:32:59 [INFO] Download progress for ID: "f23331eb-731c-444b-b4cd-61e9c11d6926": downloading..., 56,06528%, 0,08 MB/s
2026-03-28 11:33:00 [INFO] Download progress for ID: "f23331eb-731c-444b-b4cd-61e9c11d6926": downloading..., 56,44603%, 0,08 MB/s
2026-03-28 11:33:01 [INFO] Download progress for ID: "f23331eb-731c-444b-b4cd-61e9c11d6926": downloading..., 57,397903%, 0,08 MB/s
2026-03-28 11:33:02 [INFO] Download progress for ID: "f23331eb-731c-444b-b4cd-61e9c11d6926": downloading..., 57,778652%, 0,08 MB/s
2026-03-28 11:33:03 [INFO] Download progress for ID: "f23331eb-731c-444b-b4cd-61e9c11d6926": downloading..., 58,730522%, 0,08 MB/s
2026-03-28 11:33:04 [INFO] Download progress for ID: "f23331eb-731c-444b-b4cd-61e9c11d6926": downloading..., 58,9209%, 0,08 MB/s
2026-03-28 11:33:05 [INFO] Download progress for ID: "f23331eb-731c-444b-b4cd-61e9c11d6926": downloading..., 59,872772%, 0,08 MB/s
2026-03-28 11:33:06 [INFO] Download progress for ID: "f23331eb-731c-444b-b4cd-61e9c11d6926": downloading..., 60,63427%, 0,08 MB/s
2026-03-28 11:33:07 [INFO] Download progress for ID: "f23331eb-731c-444b-b4cd-61e9c11d6926": downloading..., 61,20539%, 0,08 MB/s
2026-03-28 11:33:08 [INFO] Download progress for ID: "f23331eb-731c-444b-b4cd-61e9c11d6926": downloading..., 62,347637%, 0,08 MB/s
2026-03-28 11:33:09 [INFO] Download progress for ID: "f23331eb-731c-444b-b4cd-61e9c11d6926": downloading..., 63,68026%, 0,08 MB/s
2026-03-28 11:33:10 [INFO] Download progress for ID: "f23331eb-731c-444b-b4cd-61e9c11d6926": downloading..., 64,63213%, 0,08 MB/s
2026-03-28 11:33:11 [INFO] Download progress for ID: "f23331eb-731c-444b-b4cd-61e9c11d6926": downloading..., 65,39363%, 0,08 MB/s
2026-03-28 11:33:12 [INFO] Download progress for ID: "f23331eb-731c-444b-b4cd-61e9c11d6926": downloading..., 66,15513%, 0,08 MB/s
2026-03-28 11:33:13 [INFO] Download progress for ID: "f23331eb-731c-444b-b4cd-61e9c11d6926": downloading..., 67,107%, 0,08 MB/s
2026-03-28 11:33:14 [INFO] Download progress for ID: "f23331eb-731c-444b-b4cd-61e9c11d6926": downloading..., 68,63%, 0,08 MB/s
2026-03-28 11:33:15 [INFO] Download progress for ID: "f23331eb-731c-444b-b4cd-61e9c11d6926": downloading..., 69,20112%, 0,08 MB/s
2026-03-28 11:33:16 [INFO] Download progress for ID: "f23331eb-731c-444b-b4cd-61e9c11d6926": downloading..., 69,962616%, 0,08 MB/s
2026-03-28 11:33:17 [INFO] Download progress for ID: "f23331eb-731c-444b-b4cd-61e9c11d6926": downloading..., 71,48561%, 0,08 MB/s
2026-03-28 11:33:18 [INFO] Download progress for ID: "f23331eb-731c-444b-b4cd-61e9c11d6926": downloading..., 72,62786%, 0,08 MB/s
2026-03-28 11:33:19 [INFO] Download progress for ID: "f23331eb-731c-444b-b4cd-61e9c11d6926": downloading..., 73,38936%, 0,08 MB/s
2026-03-28 11:33:20 [INFO] Download progress for ID: "f23331eb-731c-444b-b4cd-61e9c11d6926": downloading..., 73,7701%, 0,08 MB/s
2026-03-28 11:33:21 [INFO] Download progress for ID: "f23331eb-731c-444b-b4cd-61e9c11d6926": downloading..., 74,72198%, 0,08 MB/s
2026-03-28 11:33:22 [INFO] Download progress for ID: "f23331eb-731c-444b-b4cd-61e9c11d6926": downloading..., 75,483475%, 0,08 MB/s
2026-03-28 11:33:23 [INFO] Download progress for ID: "f23331eb-731c-444b-b4cd-61e9c11d6926": downloading..., 76,0546%, 0,08 MB/s
2026-03-28 11:33:24 [INFO] Download progress for ID: "f23331eb-731c-444b-b4cd-61e9c11d6926": downloading..., 76,625725%, 0,08 MB/s
2026-03-28 11:33:25 [INFO] Download progress for ID: "f23331eb-731c-444b-b4cd-61e9c11d6926": downloading..., 77,5776%, 0,08 MB/s
2026-03-28 11:33:26 [INFO] Download progress for ID: "f23331eb-731c-444b-b4cd-61e9c11d6926": downloading..., 77,95834%, 0,08 MB/s
2026-03-28 11:33:27 [INFO] Download progress for ID: "f23331eb-731c-444b-b4cd-61e9c11d6926": downloading..., 78,71984%, 0,08 MB/s
2026-03-28 11:33:28 [INFO] Download progress for ID: "f23331eb-731c-444b-b4cd-61e9c11d6926": downloading..., 79,671715%, 0,08 MB/s
2026-03-28 11:33:29 [INFO] Download progress for ID: "f23331eb-731c-444b-b4cd-61e9c11d6926": downloading..., 80,813965%, 0,08 MB/s
2026-03-28 11:33:30 [INFO] Download progress for ID: "f23331eb-731c-444b-b4cd-61e9c11d6926": downloading..., 81,57546%, 0,08 MB/s
2026-03-28 11:33:31 [INFO] Download progress for ID: "f23331eb-731c-444b-b4cd-61e9c11d6926": downloading..., 82,33696%, 0,08 MB/s
2026-03-28 11:33:32 [INFO] Download progress for ID: "f23331eb-731c-444b-b4cd-61e9c11d6926": downloading..., 82,90808%, 0,08 MB/s
2026-03-28 11:33:33 [INFO] Download progress for ID: "f23331eb-731c-444b-b4cd-61e9c11d6926": downloading..., 83,859955%, 0,08 MB/s
2026-03-28 11:33:34 [INFO] Download progress for ID: "f23331eb-731c-444b-b4cd-61e9c11d6926": downloading..., 85,38295%, 0,08 MB/s
2026-03-28 11:33:35 [INFO] Download progress for ID: "f23331eb-731c-444b-b4cd-61e9c11d6926": downloading..., 86,5252%, 0,08 MB/s
2026-03-28 11:33:36 [INFO] Download progress for ID: "f23331eb-731c-444b-b4cd-61e9c11d6926": downloading..., 87,477066%, 0,08 MB/s
2026-03-28 11:33:37 [INFO] Download progress for ID: "f23331eb-731c-444b-b4cd-61e9c11d6926": downloading..., 89,761566%, 0,08 MB/s
2026-03-28 11:33:38 [INFO] Download progress for ID: "f23331eb-731c-444b-b4cd-61e9c11d6926": downloading..., 91,28456%, 0,08 MB/s
2026-03-28 11:33:39 [INFO] Download progress for ID: "f23331eb-731c-444b-b4cd-61e9c11d6926": downloading..., 92,997925%, 0,08 MB/s
2026-03-28 11:33:40 [INFO] Download progress for ID: "f23331eb-731c-444b-b4cd-61e9c11d6926": downloading..., 94,140175%, 0,08 MB/s
2026-03-28 11:33:41 [INFO] Download progress for ID: "f23331eb-731c-444b-b4cd-61e9c11d6926": downloading..., 96,04392%, 0,08 MB/s
2026-03-28 11:33:42 [INFO] Download progress for ID: "f23331eb-731c-444b-b4cd-61e9c11d6926": downloading..., 97,37654%, 0,08 MB/s
2026-03-28 11:33:43 [INFO] Download progress for ID: "f23331eb-731c-444b-b4cd-61e9c11d6926": downloading..., 99,08991%, 0,08 MB/s
2026-03-28 11:33:44 [INFO] Download progress for ID: "f23331eb-731c-444b-b4cd-61e9c11d6926": complete, 100%, 0,08 MB/s
2026-03-28 11:34:06 [INFO] Playing file: C:\Users\brand\RiderProjects\PyScrapper\Downloads\kaunst da denga.mp3
2026-03-28 11:34:42 [INFO] Loaded playlist 'Gehlektek' with 1 playable tracks
2026-03-28 11:34:42 [INFO] Playing file: C:\Users\brand\RiderProjects\PyScrapper\Downloads\kaunst da denga.mp3
2026-03-28 11:35:00 [INFO] Saving Data...
2026-03-28 11:35:00 [INFO] Shutting down local server...
2026-03-28 11:35:00 [INFO] Local server is shutdown
2026-03-28 11:35:06 [INFO] Application initializing...
2026-03-28 11:35:06 [INFO] Installing frontend requirements
2026-03-28 11:35:08 [INFO] Frontend requirements installation completed
2026-03-28 11:35:08 [INFO] Starting local server and installing requirements for backend
2026-03-28 11:35:09 [INFO] Server health check successful: Uptime 8872,03 seconds, Memory 63,91 MB, PID 18488, Processes 2
2026-03-28 11:35:09 [INFO] Local server started and backend requirements installation complete
2026-03-28 11:35:09 [INFO] Loading Data...
2026-03-28 11:35:10 [INFO] Application started with 1 listed medias and 1 playable medias | deleted 0 medias
2026-03-28 11:35:10 [INFO] Application started with 1 playlists
2026-03-28 11:35:17 [INFO] Saving Data...
2026-03-28 11:35:17 [INFO] Shutting down local server...
2026-03-28 11:35:17 [INFO] Local server is shutdown
2026-04-02 18:25:19 [INFO] Application initializing...
2026-04-02 18:25:19 [INFO] Installing frontend requirements
2026-04-02 18:25:21 [INFO] Frontend requirements installation completed
2026-04-02 18:25:21 [INFO] Starting local server and installing requirements for backend
2026-04-02 18:25:24 [INFO] Waiting for local server to start...
2026-04-02 18:25:27 [INFO] Waiting for local server to start...
2026-04-02 18:25:30 [INFO] Server health check successful: Uptime 0,25 seconds, Memory 73,27 MB, PID 4800, Processes 2
2026-04-02 18:25:30 [INFO] Local server started and backend requirements installation complete
2026-04-02 18:25:30 [INFO] Loading Data...
2026-04-02 18:25:30 [INFO] Scanned download folder for new media, found 0 new media items
2026-04-02 18:25:30 [INFO] Application started with 1 listed medias and 1 playable medias | deleted 0 medias
2026-04-02 18:25:30 [INFO] Application started with 1 playlists
2026-04-02 18:25:42 [INFO] Added kaunst da denga to Gehlektek
2026-04-02 18:26:03 [INFO] Playing file: C:\Users\brand\RiderProjects\PyScrapper\Downloads\kaunst da denga.mp3
2026-04-02 18:26:42 [INFO] Saving Data...
2026-04-02 18:26:42 [INFO] Shutting down local server...
2026-04-02 18:26:42 [INFO] Local server is shutdown
2026-04-02 18:37:29 [INFO] Application initializing...
2026-04-02 18:37:29 [INFO] Installing frontend requirements
2026-04-02 18:37:31 [INFO] Frontend requirements installation completed
2026-04-02 18:37:31 [INFO] Starting local server and installing requirements for backend
2026-04-02 18:37:34 [INFO] Waiting for local server to start...
2026-04-02 18:37:36 [INFO] Server health check successful: Uptime 0,42 seconds, Memory 72,8 MB, PID 1144, Processes 2
2026-04-02 18:37:36 [INFO] Local server started and backend requirements installation complete
2026-04-02 18:37:36 [INFO] Loading Data...
2026-04-02 18:37:36 [INFO] Scanned download folder for new media, found 0 new media items
2026-04-02 18:37:36 [INFO] Application started with 1 listed medias and 1 playable medias | deleted 0 medias
2026-04-02 18:37:36 [INFO] Application started with 1 playlists
2026-04-02 18:37:52 [INFO] Saving Data...
2026-04-02 18:37:52 [INFO] Shutting down local server...
2026-04-02 18:37:52 [INFO] Local server is shutdown
2026-04-02 18:41:34 [INFO] Application initializing...
2026-04-02 18:41:34 [INFO] Installing frontend requirements
2026-04-02 18:41:35 [INFO] Frontend requirements installation completed
2026-04-02 18:41:35 [INFO] Starting local server and installing requirements for backend
2026-04-02 18:41:39 [INFO] Waiting for local server to start...
2026-04-02 18:41:40 [INFO] Server health check successful: Uptime 0,38 seconds, Memory 74,36 MB, PID 14016, Processes 2
2026-04-02 18:41:40 [INFO] Local server started and backend requirements installation complete
2026-04-02 18:41:41 [INFO] Loading Data...
2026-04-02 18:41:41 [INFO] Scanned download folder for new media, found 0 new media items
2026-04-02 18:41:41 [INFO] Application started with 1 listed medias and 1 playable medias | deleted 0 medias
2026-04-02 18:41:41 [INFO] Application started with 1 playlists
2026-04-02 18:41:57 [INFO] Saving Data...
2026-04-02 18:41:57 [INFO] Shutting down local server...
2026-04-02 18:41:57 [INFO] Local server is shutdown
2026-04-02 18:42:08 [INFO] Application initializing...
2026-04-02 18:42:08 [INFO] Installing frontend requirements
2026-04-02 18:42:10 [INFO] Frontend requirements installation completed
2026-04-02 18:42:10 [INFO] Starting local server and installing requirements for backend
2026-04-02 18:42:13 [INFO] Waiting for local server to start...
2026-04-02 18:42:15 [INFO] Server health check successful: Uptime 0,48 seconds, Memory 73,09 MB, PID 11852, Processes 2
2026-04-02 18:42:15 [INFO] Local server started and backend requirements installation complete
2026-04-02 18:42:15 [INFO] Loading Data...
2026-04-02 18:42:15 [INFO] Scanned download folder for new media, found 0 new media items
2026-04-02 18:42:15 [INFO] Application started with 1 listed medias and 1 playable medias | deleted 0 medias
2026-04-02 18:42:15 [INFO] Application started with 1 playlists
2026-04-02 18:42:23 [INFO] Saving Data...
2026-04-02 18:42:23 [INFO] Shutting down local server...
2026-04-02 18:42:23 [INFO] Local server is shutdown
2026-04-02 18:42:42 [INFO] Application initializing...
2026-04-02 18:42:42 [INFO] Installing frontend requirements
2026-04-02 18:42:44 [INFO] Frontend requirements installation completed
2026-04-02 18:42:44 [INFO] Starting local server and installing requirements for backend
2026-04-02 18:42:47 [INFO] Waiting for local server to start...
2026-04-02 18:42:49 [INFO] Server health check successful: Uptime 0,44 seconds, Memory 72,77 MB, PID 31904, Processes 2
2026-04-02 18:42:49 [INFO] Local server started and backend requirements installation complete
2026-04-02 18:42:49 [INFO] Loading Data...
2026-04-02 18:42:49 [INFO] Scanned download folder for new media, found 0 new media items
2026-04-02 18:42:49 [INFO] Application started with 1 listed medias and 1 playable medias | deleted 0 medias
2026-04-02 18:42:49 [INFO] Application started with 1 playlists
2026-04-02 18:43:08 [INFO] Saving Data...
2026-04-02 18:43:08 [INFO] Shutting down local server...
2026-04-02 18:43:08 [INFO] Local server is shutdown
2026-04-02 18:49:33 [INFO] Application initializing...
2026-04-02 18:49:33 [INFO] Installing frontend requirements
2026-04-02 18:49:35 [INFO] Frontend requirements installation completed
2026-04-02 18:49:35 [INFO] Starting local server and installing requirements for backend
2026-04-02 18:49:38 [INFO] Waiting for local server to start...
2026-04-02 18:49:39 [INFO] Server health check successful: Uptime 0,14 seconds, Memory 74,59 MB, PID 26656, Processes 2
2026-04-02 18:49:40 [INFO] Local server started and backend requirements installation complete
2026-04-02 18:49:40 [INFO] Loading Data...
2026-04-02 18:49:40 [INFO] Scanned download folder for new media, found 0 new media items
2026-04-02 18:49:40 [INFO] Application started with 1 listed medias and 1 playable medias | deleted 0 medias
2026-04-02 18:49:40 [INFO] Application started with 1 playlists
2026-04-02 18:50:23 [INFO] Server health check successful: Uptime 43,87 seconds, Memory 72,66 MB, PID 26656, Processes 2
2026-04-02 18:50:44 [INFO] Search successful for query: "asdasd", found 5 results
2026-04-02 18:51:06 [INFO] Saving Data...
2026-04-02 18:51:06 [INFO] Shutting down local server...
2026-04-02 18:51:06 [INFO] Local server is shutdown
2026-04-02 18:52:23 [INFO] Application initializing...
2026-04-02 18:52:23 [INFO] Installing frontend requirements
2026-04-02 18:52:25 [INFO] Frontend requirements installation completed
2026-04-02 18:52:25 [INFO] Starting local server and installing requirements for backend
2026-04-02 18:52:28 [INFO] Waiting for local server to start...
2026-04-02 18:52:30 [INFO] Server health check successful: Uptime 0,03 seconds, Memory 74,54 MB, PID 11316, Processes 2
2026-04-02 18:52:30 [INFO] Local server started and backend requirements installation complete
2026-04-02 18:52:30 [INFO] Loading Data...
2026-04-02 18:52:30 [INFO] Scanned download folder for new media, found 0 new media items
2026-04-02 18:52:30 [INFO] Application started with 1 listed medias and 1 playable medias | deleted 0 medias
2026-04-02 18:52:30 [INFO] Application started with 1 playlists
2026-04-02 18:52:37 [INFO] Server health check successful: Uptime 7,12 seconds, Memory 72,81 MB, PID 11316, Processes 2
2026-04-02 18:52:40 [INFO] Saving Data...
2026-04-02 18:52:40 [INFO] Shutting down local server...
2026-04-02 18:52:40 [INFO] Local server is shutdown
2026-04-02 18:53:12 [INFO] Application initializing...
2026-04-02 18:53:12 [INFO] Installing frontend requirements
2026-04-02 18:53:14 [INFO] Frontend requirements installation completed
2026-04-02 18:53:14 [INFO] Starting local server and installing requirements for backend
2026-04-02 18:53:17 [INFO] Waiting for local server to start...
2026-04-02 18:53:18 [INFO] Server health check successful: Uptime 0,1 seconds, Memory 74,63 MB, PID 34328, Processes 2
2026-04-02 18:53:18 [INFO] Local server started and backend requirements installation complete
2026-04-02 18:53:18 [INFO] Loading Data...
2026-04-02 18:53:18 [INFO] Scanned download folder for new media, found 0 new media items
2026-04-02 18:53:18 [INFO] Application started with 1 listed medias and 1 playable medias | deleted 0 medias
2026-04-02 18:53:18 [INFO] Application started with 1 playlists
2026-04-02 18:53:25 [INFO] Server health check successful: Uptime 6,66 seconds, Memory 72,75 MB, PID 34328, Processes 2
2026-04-02 18:53:47 [INFO] Saving Data...
2026-04-02 18:53:47 [INFO] Shutting down local server...
2026-04-02 18:53:47 [INFO] Local server is shutdown
2026-04-02 18:54:08 [INFO] Application initializing...
2026-04-02 18:54:08 [INFO] Installing frontend requirements
2026-04-02 18:54:09 [INFO] Frontend requirements installation completed
2026-04-02 18:54:09 [INFO] Starting local server and installing requirements for backend
2026-04-02 18:54:12 [INFO] Waiting for local server to start...
2026-04-02 18:54:14 [INFO] Server health check successful: Uptime 0,09 seconds, Memory 74,57 MB, PID 5724, Processes 2
2026-04-02 18:54:14 [INFO] Local server started and backend requirements installation complete
2026-04-02 18:54:14 [INFO] Loading Data...
2026-04-02 18:54:14 [INFO] Scanned download folder for new media, found 0 new media items
2026-04-02 18:54:14 [INFO] Application started with 1 listed medias and 1 playable medias | deleted 0 medias
2026-04-02 18:54:14 [INFO] Application started with 1 playlists
2026-04-02 18:54:42 [INFO] Saving Data...
2026-04-02 18:54:42 [INFO] Shutting down local server...
2026-04-02 18:54:42 [INFO] Local server is shutdown
2026-04-02 18:55:12 [INFO] Application initializing...
2026-04-02 18:55:12 [INFO] Installing frontend requirements
2026-04-02 18:55:22 [INFO] Application initializing...
2026-04-02 18:55:22 [INFO] Installing frontend requirements
2026-04-02 18:55:23 [INFO] Frontend requirements installation completed
2026-04-02 18:55:23 [INFO] Starting local server and installing requirements for backend
2026-04-02 18:55:26 [INFO] Waiting for local server to start...
2026-04-02 18:55:28 [INFO] Server health check successful: Uptime 0,49 seconds, Memory 73,23 MB, PID 28644, Processes 2
2026-04-02 18:55:28 [INFO] Local server started and backend requirements installation complete
2026-04-02 18:55:28 [INFO] Loading Data...
2026-04-02 18:55:29 [INFO] Scanned download folder for new media, found 0 new media items
2026-04-02 18:55:29 [INFO] Application started with 1 listed medias and 1 playable medias | deleted 0 medias
2026-04-02 18:55:29 [INFO] Application started with 1 playlists
2026-04-02 18:55:59 [INFO] Saving Data...
2026-04-02 18:55:59 [INFO] Shutting down local server...
2026-04-02 18:55:59 [INFO] Local server is shutdown
2026-04-02 19:15:20 [INFO] Application initializing...
2026-04-02 19:15:20 [INFO] Installing frontend requirements
2026-04-02 19:15:22 [INFO] Frontend requirements installation completed
2026-04-02 19:15:22 [INFO] Starting local server and installing requirements for backend
2026-04-02 19:15:25 [INFO] Waiting for local server to start...
2026-04-02 19:15:28 [INFO] Waiting for local server to start...
2026-04-02 19:15:31 [INFO] Waiting for local server to start...
2026-04-02 19:15:33 [INFO] Server health check successful: Uptime 0,09 seconds, Memory 73,59 MB, PID 33308, Processes 2
2026-04-02 19:15:33 [INFO] Local server started and backend requirements installation complete
2026-04-02 19:15:33 [INFO] Loading Data...
2026-04-02 19:15:33 [INFO] Scanned download folder for new media, found 0 new media items
2026-04-02 19:15:33 [INFO] Application started with 1 listed medias and 1 playable medias | deleted 0 medias
2026-04-02 19:15:33 [INFO] Application started with 1 playlists
2026-04-02 19:16:11 [INFO] Search successful for query: "Greeen  könig der lügner", found 9 results
2026-04-02 19:16:18 [INFO] Server received request and sent message: Request received for download, you can view progress under /download/progress/b251db23-ec93-4c60-acff-88f2b8ed184c
2026-04-02 19:16:20 [INFO] Download progress for ID: "b251db23-ec93-4c60-acff-88f2b8ed184c": downloading..., 0%, 0 MB/s
2026-04-02 19:16:21 [INFO] Download progress for ID: "b251db23-ec93-4c60-acff-88f2b8ed184c": downloading, 36%, 3,6 MB/s
2026-04-02 19:16:22 [INFO] Download progress for ID: "b251db23-ec93-4c60-acff-88f2b8ed184c": complete, 100%, 3,99 MB/s
2026-04-02 19:17:04 [INFO] Playing file: C:\Users\brand\RiderProjects\PyScrapper\Downloads\kaunst da denga.mp3
2026-04-02 19:17:34 [INFO] Saving Data...
2026-04-02 19:17:34 [INFO] Shutting down local server...
2026-04-02 19:17:34 [INFO] Local server is shutdown
2026-04-02 19:27:16 [INFO] Application initializing...
2026-04-02 19:27:16 [INFO] Installing frontend requirements
2026-04-02 19:27:18 [INFO] Frontend requirements installation completed
2026-04-02 19:27:18 [INFO] Starting local server and installing requirements for backend
2026-04-02 19:27:21 [INFO] Waiting for local server to start...
2026-04-02 19:27:23 [INFO] Server health check successful: Uptime 0,5 seconds, Memory 73,04 MB, PID 3448, Processes 2
2026-04-02 19:27:23 [INFO] Local server started and backend requirements installation complete
2026-04-02 19:27:23 [INFO] Loading Data...
2026-04-02 19:27:23 [INFO] Scanned download folder for new media, found 0 new media items
2026-04-02 19:27:23 [INFO] Application started with 2 listed medias and 2 playable medias | deleted 0 medias
2026-04-02 19:27:23 [INFO] Application started with 1 playlists
2026-04-02 19:27:27 [ERROR] An error occurred while trying to play the media: Could not find file 'C:\Users\brand\RiderProjects\PyScrapper\PyScrapperDesktopApp\volume.png'.
2026-04-02 19:27:32 [INFO] Saving Data...
2026-04-02 19:27:32 [INFO] Shutting down local server...
2026-04-02 19:27:32 [INFO] Local server is shutdown
2026-04-02 19:28:13 [INFO] Application initializing...
2026-04-02 19:28:13 [INFO] Installing frontend requirements
2026-04-02 19:28:15 [INFO] Frontend requirements installation completed
2026-04-02 19:28:15 [INFO] Starting local server and installing requirements for backend
2026-04-02 19:28:18 [INFO] Waiting for local server to start...
2026-04-02 19:28:19 [INFO] Server health check successful: Uptime 0,07 seconds, Memory 74,42 MB, PID 6012, Processes 2
2026-04-02 19:28:19 [INFO] Local server started and backend requirements installation complete
2026-04-02 19:28:19 [INFO] Loading Data...
2026-04-02 19:28:19 [INFO] Scanned download folder for new media, found 0 new media items
2026-04-02 19:28:19 [INFO] Application started with 2 listed medias and 2 playable medias | deleted 0 medias
2026-04-02 19:28:19 [INFO] Application started with 1 playlists
2026-04-02 19:28:22 [INFO] Playing file: C:\Users\brand\RiderProjects\PyScrapper\Downloads\kaunst da denga.mp3
2026-04-02 19:28:30 [INFO] Saving Data...
2026-04-02 19:28:30 [INFO] Shutting down local server...
2026-04-02 19:28:30 [INFO] Local server is shutdown
2026-04-02 19:30:07 [INFO] Application initializing...
2026-04-02 19:30:07 [INFO] Installing frontend requirements
2026-04-02 19:30:08 [INFO] Frontend requirements installation completed
2026-04-02 19:30:08 [INFO] Starting local server and installing requirements for backend
2026-04-02 19:30:12 [INFO] Waiting for local server to start...
2026-04-02 19:30:13 [INFO] Server health check successful: Uptime 0,51 seconds, Memory 72,96 MB, PID 12412, Processes 2
2026-04-02 19:30:13 [INFO] Local server started and backend requirements installation complete
2026-04-02 19:30:14 [INFO] Loading Data...
2026-04-02 19:30:14 [INFO] Scanned download folder for new media, found 0 new media items
2026-04-02 19:30:14 [INFO] Application started with 2 listed medias and 2 playable medias | deleted 0 medias
2026-04-02 19:30:14 [INFO] Application started with 1 playlists
2026-04-02 19:30:18 [INFO] Playing file: C:\Users\brand\RiderProjects\PyScrapper\Downloads\kaunst da denga.mp3
2026-04-02 19:30:22 [INFO] Saving Data...
2026-04-02 19:30:22 [INFO] Shutting down local server...
2026-04-02 19:30:22 [INFO] Local server is shutdown
2026-04-02 19:30:44 [INFO] Application initializing...
2026-04-02 19:30:44 [INFO] Installing frontend requirements
2026-04-02 19:30:45 [INFO] Frontend requirements installation completed
2026-04-02 19:30:45 [INFO] Starting local server and installing requirements for backend
2026-04-02 19:31:06 [INFO] Application initializing...
2026-04-02 19:31:06 [INFO] Installing frontend requirements
2026-04-02 19:31:08 [INFO] Frontend requirements installation completed
2026-04-02 19:31:08 [INFO] Starting local server and installing requirements for backend
2026-04-02 19:31:11 [INFO] Waiting for local server to start...
2026-04-02 19:31:13 [INFO] Server health check successful: Uptime 0,51 seconds, Memory 73,07 MB, PID 19684, Processes 2
2026-04-02 19:31:13 [INFO] Local server started and backend requirements installation complete
2026-04-02 19:31:13 [INFO] Loading Data...
2026-04-02 19:31:13 [INFO] Scanned download folder for new media, found 0 new media items
2026-04-02 19:31:13 [INFO] Application started with 2 listed medias and 2 playable medias | deleted 0 medias
2026-04-02 19:31:13 [INFO] Application started with 1 playlists
2026-04-02 19:31:15 [INFO] Playing file: C:\Users\brand\RiderProjects\PyScrapper\Downloads\kaunst da denga.mp3
2026-04-02 19:31:28 [INFO] Search successful for query: "1 minute video", found 5 results
2026-04-02 19:31:36 [INFO] Server received request and sent message: Request received for download, you can view progress under /download/progress/950323c9-6748-4ce8-8172-e5fad604c88b
2026-04-02 19:31:38 [INFO] Download progress for ID: "950323c9-6748-4ce8-8172-e5fad604c88b": downloading..., 0%, 0 MB/s
2026-04-02 19:31:39 [INFO] Download progress for ID: "950323c9-6748-4ce8-8172-e5fad604c88b": downloading, 40%, 12,53 MB/s
2026-04-02 19:31:40 [INFO] Download progress for ID: "950323c9-6748-4ce8-8172-e5fad604c88b": downloading, 13%, 2,23 MB/s
2026-04-02 19:31:41 [INFO] Download progress for ID: "950323c9-6748-4ce8-8172-e5fad604c88b": complete, 100%, 5,74 MB/s
2026-04-02 19:31:47 [INFO] Playing file: C:\Users\brand\RiderProjects\PyScrapper\Downloads\Doggie.mp4
2026-04-02 19:32:20 [INFO] Playing file: C:\Users\brand\RiderProjects\PyScrapper\Downloads\kaunst da denga.mp3
2026-04-02 19:32:31 [INFO] Added kdl to Gehlektek
2026-04-02 19:32:31 [INFO] Added kdl to Gehlektek
2026-04-02 19:32:38 [INFO] Loaded playlist 'Gehlektek' with 2 playable tracks
2026-04-02 19:32:38 [INFO] Playing file: C:\Users\brand\RiderProjects\PyScrapper\Downloads\kdl.mp3
2026-04-02 19:32:45 [INFO] Playing file: C:\Users\brand\RiderProjects\PyScrapper\Downloads\kaunst da denga.mp3
2026-04-02 19:32:47 [INFO] Playing file: C:\Users\brand\RiderProjects\PyScrapper\Downloads\kdl.mp3
2026-04-02 19:32:48 [INFO] Playing file: C:\Users\brand\RiderProjects\PyScrapper\Downloads\kaunst da denga.mp3
2026-04-02 19:32:49 [INFO] Playing file: C:\Users\brand\RiderProjects\PyScrapper\Downloads\kdl.mp3
2026-04-02 19:32:49 [INFO] Playing file: C:\Users\brand\RiderProjects\PyScrapper\Downloads\kaunst da denga.mp3
2026-04-02 19:32:50 [INFO] Playing file: C:\Users\brand\RiderProjects\PyScrapper\Downloads\kdl.mp3
2026-04-02 19:32:51 [INFO] Playing file: C:\Users\brand\RiderProjects\PyScrapper\Downloads\kaunst da denga.mp3
2026-04-02 19:32:58 [INFO] Playing file: C:\Users\brand\RiderProjects\PyScrapper\Downloads\kdl.mp3
2026-04-02 19:33:07 [INFO] Playing file: C:\Users\brand\RiderProjects\PyScrapper\Downloads\kaunst da denga.mp3
2026-04-02 19:33:08 [INFO] Playing file: C:\Users\brand\RiderProjects\PyScrapper\Downloads\kdl.mp3
2026-04-02 19:33:08 [INFO] Playing file: C:\Users\brand\RiderProjects\PyScrapper\Downloads\kaunst da denga.mp3
2026-04-02 19:33:09 [INFO] Playing file: C:\Users\brand\RiderProjects\PyScrapper\Downloads\kdl.mp3
2026-04-02 19:33:10 [INFO] Playing file: C:\Users\brand\RiderProjects\PyScrapper\Downloads\kaunst da denga.mp3
2026-04-02 19:33:59 [INFO] Saving Data...
2026-04-02 19:33:59 [INFO] Shutting down local server...
2026-04-02 19:33:59 [INFO] Local server is shutdown
2026-04-02 19:43:36 [INFO] Application initializing...
2026-04-02 19:43:36 [INFO] Installing frontend requirements
2026-04-02 19:43:37 [INFO] Frontend requirements installation completed
2026-04-02 19:43:37 [INFO] Starting local server and installing requirements for backend
2026-04-02 19:43:40 [INFO] Waiting for local server to start...
2026-04-02 19:43:42 [INFO] Server health check successful: Uptime 0,43 seconds, Memory 72,69 MB, PID 14908, Processes 2
2026-04-02 19:43:42 [INFO] Local server started and backend requirements installation complete
2026-04-02 19:43:42 [INFO] Loading Data...
2026-04-02 19:43:43 [INFO] Scanned download folder for new media, found 0 new media items
2026-04-02 19:43:43 [INFO] Application started with 3 listed medias and 3 playable medias | deleted 0 medias
2026-04-02 19:43:43 [INFO] Application started with 1 playlists
2026-04-02 19:43:45 [INFO] Playing file: C:\Users\brand\RiderProjects\PyScrapper\Downloads\kdl.mp3
2026-04-02 19:43:56 [INFO] Saving Data...
2026-04-02 19:43:56 [INFO] Shutting down local server...
2026-04-02 19:43:56 [INFO] Local server is shutdown
2026-04-02 19:46:53 [INFO] Application initializing...
2026-04-02 19:46:53 [INFO] Installing frontend requirements
2026-04-02 19:46:54 [INFO] Frontend requirements installation completed
2026-04-02 19:46:54 [INFO] Starting local server and installing requirements for backend
2026-04-02 19:46:58 [INFO] Waiting for local server to start...
2026-04-02 19:46:59 [INFO] Server health check successful: Uptime 0,42 seconds, Memory 72,88 MB, PID 3996, Processes 2
2026-04-02 19:46:59 [INFO] Local server started and backend requirements installation complete
2026-04-02 19:47:00 [INFO] Loading Data...
2026-04-02 19:47:00 [INFO] Scanned download folder for new media, found 0 new media items
2026-04-02 19:47:00 [INFO] Application started with 3 listed medias and 3 playable medias | deleted 0 medias
2026-04-02 19:47:00 [INFO] Application started with 1 playlists
2026-04-02 19:47:03 [INFO] Playing file: C:\Users\brand\RiderProjects\PyScrapper\Downloads\kdl.mp3
2026-04-02 19:47:14 [INFO] Saving Data...
2026-04-02 19:47:14 [INFO] Shutting down local server...
2026-04-02 19:47:14 [INFO] Local server is shutdown
2026-04-02 19:49:36 [INFO] Application initializing...
2026-04-02 19:49:36 [INFO] Installing frontend requirements
2026-04-02 19:50:32 [INFO] Application initializing...
2026-04-02 19:50:32 [INFO] Installing frontend requirements
2026-04-02 19:50:33 [INFO] Frontend requirements installation completed
2026-04-02 19:50:33 [INFO] Starting local server and installing requirements for backend
2026-04-02 19:50:36 [INFO] Waiting for local server to start...
2026-04-02 19:50:38 [INFO] Server health check successful: Uptime 0,46 seconds, Memory 72,75 MB, PID 3720, Processes 2
2026-04-02 19:50:38 [INFO] Local server started and backend requirements installation complete
2026-04-02 19:50:39 [INFO] Loading Data...
2026-04-02 19:50:39 [INFO] Scanned download folder for new media, found 0 new media items
2026-04-02 19:50:39 [INFO] Application started with 3 listed medias and 3 playable medias | deleted 0 medias
2026-04-02 19:50:39 [INFO] Application started with 1 playlists
2026-04-02 19:50:41 [INFO] Playing file: C:\Users\brand\RiderProjects\PyScrapper\Downloads\kdl.mp3
2026-04-02 19:51:03 [INFO] Added kdl to Gehlektek
2026-04-02 19:51:03 [INFO] Added kdl to Gehlektek
2026-04-02 19:51:09 [INFO] Loaded playlist 'Gehlektek' with 2 playable tracks
2026-04-02 19:51:09 [INFO] Playing file: C:\Users\brand\RiderProjects\PyScrapper\Downloads\kdl.mp3
2026-04-02 19:51:12 [INFO] Saving Data...
2026-04-02 19:51:12 [INFO] Shutting down local server...
2026-04-02 19:51:12 [INFO] Local server is shutdown
2026-04-02 19:51:50 [INFO] Application initializing...
2026-04-02 19:51:50 [INFO] Installing frontend requirements
2026-04-02 19:51:52 [INFO] Frontend requirements installation completed
2026-04-02 19:51:52 [INFO] Starting local server and installing requirements for backend
2026-04-02 19:51:55 [INFO] Waiting for local server to start...
2026-04-02 19:51:56 [INFO] Server health check successful: Uptime 0,03 seconds, Memory 74,54 MB, PID 6512, Processes 2
2026-04-02 19:51:56 [INFO] Local server started and backend requirements installation complete
2026-04-02 19:51:56 [INFO] Loading Data...
2026-04-02 19:51:56 [INFO] Scanned download folder for new media, found 0 new media items
2026-04-02 19:51:56 [INFO] Application started with 3 listed medias and 3 playable medias | deleted 0 medias
2026-04-02 19:51:56 [INFO] Application started with 1 playlists
2026-04-02 19:52:02 [INFO] Loaded playlist 'Gehlektek' with 2 playable tracks
2026-04-02 19:52:02 [INFO] Playing file: C:\Users\brand\RiderProjects\PyScrapper\Downloads\kdl.mp3
2026-04-02 19:52:08 [INFO] Saving Data...
2026-04-02 19:52:08 [INFO] Shutting down local server...
2026-04-02 19:52:08 [INFO] Local server is shutdown
2026-04-02 19:52:20 [INFO] Application initializing...
2026-04-02 19:52:20 [INFO] Installing frontend requirements
2026-04-02 19:52:22 [INFO] Frontend requirements installation completed
2026-04-02 19:52:22 [INFO] Starting local server and installing requirements for backend
2026-04-02 19:52:25 [INFO] Waiting for local server to start...
2026-04-02 19:52:26 [INFO] Server health check successful: Uptime 0,04 seconds, Memory 74,54 MB, PID 27996, Processes 2
2026-04-02 19:52:26 [INFO] Local server started and backend requirements installation complete
2026-04-02 19:52:27 [INFO] Loading Data...
2026-04-02 19:52:27 [INFO] Scanned download folder for new media, found 0 new media items
2026-04-02 19:52:27 [INFO] Application started with 3 listed medias and 3 playable medias | deleted 0 medias
2026-04-02 19:52:27 [INFO] Application started with 1 playlists
2026-04-02 19:52:31 [INFO] Loaded playlist 'Gehlektek' with 2 playable tracks
2026-04-02 19:52:31 [INFO] Playing file: C:\Users\brand\RiderProjects\PyScrapper\Downloads\kdl.mp3
2026-04-02 19:53:01 [INFO] Saving Data...
2026-04-02 19:53:01 [INFO] Shutting down local server...
2026-04-02 19:53:01 [INFO] Local server is shutdown
2026-04-02 19:53:24 [INFO] Application initializing...
2026-04-02 19:53:24 [INFO] Installing frontend requirements
2026-04-02 19:53:25 [INFO] Frontend requirements installation completed
2026-04-02 19:53:25 [INFO] Starting local server and installing requirements for backend
2026-04-02 19:53:28 [INFO] Waiting for local server to start...
2026-04-02 19:53:30 [INFO] Server health check successful: Uptime 0,11 seconds, Memory 74,6 MB, PID 34704, Processes 2
2026-04-02 19:53:30 [INFO] Local server started and backend requirements installation complete
2026-04-02 19:53:30 [INFO] Loading Data...
2026-04-02 19:53:30 [INFO] Scanned download folder for new media, found 0 new media items
2026-04-02 19:53:30 [INFO] Application started with 3 listed medias and 3 playable medias | deleted 0 medias
2026-04-02 19:53:30 [INFO] Application started with 1 playlists
2026-04-02 19:53:34 [INFO] Loaded playlist 'Gehlektek' with 2 playable tracks
2026-04-02 19:53:34 [INFO] Playing file: C:\Users\brand\RiderProjects\PyScrapper\Downloads\kdl.mp3
2026-04-02 19:53:43 [INFO] Saving Data...
2026-04-02 19:53:44 [INFO] Shutting down local server...
2026-04-02 19:53:44 [INFO] Local server is shutdown
2026-04-03 22:02:41 [INFO] Application initializing...
2026-04-03 22:02:41 [INFO] Installing frontend requirements
2026-04-03 22:02:43 [INFO] Frontend requirements installation completed
2026-04-03 22:02:43 [INFO] Starting local server and installing requirements for backend
2026-04-03 22:02:46 [INFO] Waiting for local server to start...
2026-04-03 22:02:49 [INFO] Waiting for local server to start...
2026-04-03 22:02:52 [INFO] Waiting for local server to start...
2026-04-03 22:02:55 [INFO] Server health check successful: Uptime 0,15 seconds, Memory 73,31 MB, PID 18640, Processes 2
2026-04-03 22:02:55 [INFO] Local server started and backend requirements installation complete
2026-04-03 22:02:55 [INFO] Loading Data...
2026-04-03 22:02:55 [INFO] Scanned download folder for new media, found 0 new media items
2026-04-03 22:02:55 [INFO] Application started with 3 listed medias and 3 playable medias | deleted 0 medias
2026-04-03 22:02:55 [INFO] Application started with 1 playlists
2026-04-03 22:03:08 [INFO] Saving Data...
2026-04-03 22:03:08 [INFO] Shutting down local server...
2026-04-03 22:03:08 [INFO] Local server is shutdown
2026-04-03 22:07:22 [INFO] Application initializing...
2026-04-03 22:07:22 [INFO] Installing frontend requirements
2026-04-03 22:07:24 [INFO] Frontend requirements installation completed
2026-04-03 22:07:24 [INFO] Starting local server and installing requirements for backend
2026-04-03 22:07:27 [INFO] Waiting for local server to start...
2026-04-03 22:07:29 [INFO] Server health check successful: Uptime 0,42 seconds, Memory 74,56 MB, PID 2372, Processes 2
2026-04-03 22:07:29 [INFO] Local server started and backend requirements installation complete
2026-04-03 22:07:29 [INFO] Loading Data...
2026-04-03 22:07:29 [INFO] Scanned download folder for new media, found 0 new media items
2026-04-03 22:07:29 [INFO] Application started with 3 listed medias and 3 playable medias | deleted 0 medias
2026-04-03 22:07:29 [INFO] Application started with 1 playlists
2026-04-03 22:07:36 [INFO] Saving Data...
2026-04-03 22:07:36 [INFO] Shutting down local server...
2026-04-03 22:07:36 [INFO] Local server is shutdown
2026-04-03 22:08:54 [INFO] Application initializing...
2026-04-03 22:08:54 [INFO] Installing frontend requirements
2026-04-03 22:08:55 [INFO] Frontend requirements installation completed
2026-04-03 22:08:55 [INFO] Starting local server and installing requirements for backend
2026-04-03 22:08:59 [INFO] Waiting for local server to start...
2026-04-03 22:09:00 [INFO] Server health check successful: Uptime 0,04 seconds, Memory 74,56 MB, PID 15508, Processes 2
2026-04-03 22:09:00 [INFO] Local server started and backend requirements installation complete
2026-04-03 22:09:00 [INFO] Loading Data...
2026-04-03 22:09:00 [INFO] Scanned download folder for new media, found 0 new media items
2026-04-03 22:09:00 [INFO] Application started with 3 listed medias and 3 playable medias | deleted 0 medias
2026-04-03 22:09:00 [INFO] Application started with 1 playlists
2026-04-03 22:09:39 [INFO] Saving Data...
2026-04-03 22:09:39 [INFO] Shutting down local server...
2026-04-03 22:09:39 [INFO] Local server is shutdown
2026-04-03 22:10:17 [INFO] Application initializing...
2026-04-03 22:10:17 [INFO] Installing frontend requirements
2026-04-03 22:10:19 [INFO] Frontend requirements installation completed
2026-04-03 22:10:19 [INFO] Starting local server and installing requirements for backend
2026-04-03 22:10:22 [INFO] Waiting for local server to start...
2026-04-03 22:10:23 [INFO] Server health check successful: Uptime 0,16 seconds, Memory 74,52 MB, PID 12100, Processes 2
2026-04-03 22:10:23 [INFO] Local server started and backend requirements installation complete
2026-04-03 22:10:23 [INFO] Loading Data...
2026-04-03 22:10:23 [INFO] Scanned download folder for new media, found 0 new media items
2026-04-03 22:10:23 [INFO] Application started with 3 listed medias and 3 playable medias | deleted 0 medias
2026-04-03 22:10:23 [INFO] Application started with 1 playlists
2026-04-03 22:10:39 [INFO] Playing file: C:\Users\brand\RiderProjects\PyScrapper\Downloads\kdl.mp3
2026-04-03 22:11:40 [INFO] Saving Data...
2026-04-03 22:11:40 [INFO] Shutting down local server...
2026-04-03 22:11:40 [INFO] Local server is shutdown
2026-04-03 22:13:11 [INFO] Application initializing...
2026-04-03 22:13:11 [INFO] Installing frontend requirements
2026-04-03 22:13:13 [INFO] Frontend requirements installation completed
2026-04-03 22:13:13 [INFO] Starting local server and installing requirements for backend
2026-04-03 22:13:16 [INFO] Waiting for local server to start...
2026-04-03 22:13:17 [INFO] Server health check successful: Uptime 0,1 seconds, Memory 74,62 MB, PID 9512, Processes 2
2026-04-03 22:13:17 [INFO] Local server started and backend requirements installation complete
2026-04-03 22:13:17 [INFO] Loading Data...
2026-04-03 22:13:17 [INFO] Scanned download folder for new media, found 0 new media items
2026-04-03 22:13:17 [INFO] Application started with 3 listed medias and 3 playable medias | deleted 0 medias
2026-04-03 22:13:17 [INFO] Application started with 1 playlists
2026-04-03 22:13:38 [INFO] Saving Data...
2026-04-03 22:13:38 [INFO] Shutting down local server...
2026-04-03 22:13:38 [INFO] Local server is shutdown
2026-04-03 22:13:48 [INFO] Application initializing...
2026-04-03 22:13:48 [INFO] Installing frontend requirements
2026-04-03 22:13:50 [INFO] Frontend requirements installation completed
2026-04-03 22:13:50 [INFO] Starting local server and installing requirements for backend
2026-04-03 22:13:53 [INFO] Waiting for local server to start...
2026-04-03 22:13:54 [INFO] Server health check successful: Uptime 0,16 seconds, Memory 74,75 MB, PID 19808, Processes 2
2026-04-03 22:13:54 [INFO] Local server started and backend requirements installation complete
2026-04-03 22:13:54 [INFO] Loading Data...
2026-04-03 22:13:54 [INFO] Scanned download folder for new media, found 0 new media items
2026-04-03 22:13:54 [INFO] Application started with 3 listed medias and 3 playable medias | deleted 0 medias
2026-04-03 22:13:54 [INFO] Application started with 1 playlists
2026-04-03 22:13:57 [INFO] Saving Data...
2026-04-03 22:13:57 [INFO] Shutting down local server...
2026-04-03 22:13:57 [INFO] Local server is shutdown
2026-04-03 22:14:11 [INFO] Application initializing...
2026-04-03 22:14:11 [INFO] Installing frontend requirements
2026-04-03 22:14:12 [INFO] Frontend requirements installation completed
2026-04-03 22:14:12 [INFO] Starting local server and installing requirements for backend
2026-04-03 22:14:15 [INFO] Waiting for local server to start...
2026-04-03 22:14:18 [INFO] Server health check successful: Uptime 0,21 seconds, Memory 74,5 MB, PID 34276, Processes 2
2026-04-03 22:14:18 [INFO] Local server started and backend requirements installation complete
2026-04-03 22:14:18 [INFO] Loading Data...
2026-04-03 22:14:18 [INFO] Scanned download folder for new media, found 0 new media items
2026-04-03 22:14:18 [INFO] Application started with 3 listed medias and 3 playable medias | deleted 0 medias
2026-04-03 22:14:18 [INFO] Application started with 1 playlists
2026-04-03 22:14:56 [INFO] Playing file: C:\Users\brand\RiderProjects\PyScrapper\Downloads\kdl.mp3
2026-04-03 22:15:21 [INFO] Saving Data...
2026-04-03 22:15:21 [INFO] Shutting down local server...
2026-04-03 22:15:21 [INFO] Local server is shutdown
2026-04-03 22:16:06 [INFO] Application initializing...
2026-04-03 22:16:06 [INFO] Installing frontend requirements
2026-04-03 22:16:08 [INFO] Frontend requirements installation completed
2026-04-03 22:16:08 [INFO] Starting local server and installing requirements for backend
2026-04-03 22:16:11 [INFO] Waiting for local server to start...
2026-04-03 22:16:12 [INFO] Server health check successful: Uptime 0,16 seconds, Memory 74,44 MB, PID 21412, Processes 2
2026-04-03 22:16:12 [INFO] Local server started and backend requirements installation complete
2026-04-03 22:16:12 [INFO] Loading Data...
2026-04-03 22:16:12 [INFO] Scanned download folder for new media, found 0 new media items
2026-04-03 22:16:12 [INFO] Application started with 3 listed medias and 3 playable medias | deleted 0 medias
2026-04-03 22:16:12 [INFO] Application started with 1 playlists
2026-04-03 22:16:17 [INFO] Playing file: C:\Users\brand\RiderProjects\PyScrapper\Downloads\kdl.mp3
2026-04-03 22:16:39 [INFO] Server health check successful: Uptime 27,56 seconds, Memory 72,57 MB, PID 21412, Processes 2
2026-04-03 22:17:06 [INFO] Server health check successful: Uptime 54,11 seconds, Memory 72,79 MB, PID 21412, Processes 2
2026-04-03 22:17:25 [ERROR] An error occurred while trying to delete the file: File not found
2026-04-03 22:17:32 [INFO] Server health check successful: Uptime 80,64 seconds, Memory 73,15 MB, PID 21412, Processes 2
2026-04-03 22:17:34 [INFO] File deleted successfully: C:\Users\brand\RiderProjects\PyScrapper\Downloads\Doggie.mp4
2026-04-03 22:17:39 [INFO] Media removed from the list: https://www.youtube.com/watch?v=YLslsZuEaNE
2026-04-03 22:17:59 [INFO] Server health check successful: Uptime 107,17 seconds, Memory 72,6 MB, PID 21412, Processes 2
2026-04-03 22:18:23 [INFO] Playing file: C:\Users\brand\RiderProjects\PyScrapper\Downloads\kdl.mp3
2026-04-03 22:18:26 [INFO] Server health check successful: Uptime 133,7 seconds, Memory 72,89 MB, PID 21412, Processes 2
2026-04-03 22:18:52 [INFO] Server health check successful: Uptime 160,24 seconds, Memory 73,28 MB, PID 21412, Processes 2
2026-04-03 22:19:00 [INFO] Saving Data...
2026-04-03 22:19:00 [INFO] Shutting down local server...
2026-04-03 22:19:00 [INFO] Local server is shutdown
2026-04-03 22:19:06 [INFO] Application initializing...
2026-04-03 22:19:06 [INFO] Installing frontend requirements
2026-04-03 22:19:08 [INFO] Frontend requirements installation completed
2026-04-03 22:19:08 [INFO] Starting local server and installing requirements for backend
2026-04-03 22:19:11 [INFO] Waiting for local server to start...
2026-04-03 22:19:12 [INFO] Server health check successful: Uptime 0,15 seconds, Memory 74,68 MB, PID 19496, Processes 2
2026-04-03 22:19:12 [INFO] Local server started and backend requirements installation complete
2026-04-03 22:19:12 [INFO] Loading Data...
2026-04-03 22:19:12 [INFO] Scanned download folder for new media, found 0 new media items
2026-04-03 22:19:12 [INFO] Application started with 2 listed medias and 2 playable medias | deleted 0 medias
2026-04-03 22:19:12 [INFO] Application started with 1 playlists
2026-04-03 22:19:58 [INFO] Search successful for query: "Greeen vanilla sky", found 5 results
2026-04-03 22:20:14 [INFO] Server received request and sent message: Request received for download, you can view progress under /download/progress/7bd17416-763f-47e6-af1c-bfc93e3306b7
2026-04-03 22:20:16 [INFO] Download progress for ID: "7bd17416-763f-47e6-af1c-bfc93e3306b7": downloading..., 0%, 0 MB/s
2026-04-03 22:20:17 [INFO] Download progress for ID: "7bd17416-763f-47e6-af1c-bfc93e3306b7": complete, 100%, 14,72 MB/s
2026-04-03 22:20:22 [INFO] Playing file: C:\Users\brand\RiderProjects\PyScrapper\Downloads\VanillaSky.mp3
2026-04-03 22:22:05 [INFO] Saving Data...
2026-04-03 22:22:05 [INFO] Shutting down local server...
2026-04-03 22:22:05 [INFO] Local server is shutdown
2026-04-03 22:23:11 [INFO] Application initializing...
2026-04-03 22:23:11 [INFO] Installing frontend requirements
2026-04-03 22:23:12 [INFO] Frontend requirements installation completed
2026-04-03 22:23:12 [INFO] Starting local server and installing requirements for backend
2026-04-03 22:23:15 [INFO] Waiting for local server to start...
2026-04-03 22:23:17 [INFO] Server health check successful: Uptime 0,16 seconds, Memory 74,7 MB, PID 26540, Processes 2
2026-04-03 22:23:17 [INFO] Local server started and backend requirements installation complete
2026-04-03 22:23:17 [INFO] Loading Data...
2026-04-03 22:23:17 [INFO] Scanned download folder for new media, found 0 new media items
2026-04-03 22:23:17 [INFO] Application started with 3 listed medias and 3 playable medias | deleted 0 medias
2026-04-03 22:23:17 [INFO] Application started with 1 playlists
2026-04-03 22:23:19 [INFO] Playing file: C:\Users\brand\RiderProjects\PyScrapper\Downloads\VanillaSky.mp3
2026-04-03 22:24:30 [INFO] Saving Data...
2026-04-03 22:24:30 [INFO] Shutting down local server...
2026-04-03 22:24:30 [INFO] Local server is shutdown
2026-04-03 22:25:37 [INFO] Application initializing...
2026-04-03 22:25:37 [INFO] Installing frontend requirements
2026-04-03 22:25:39 [INFO] Frontend requirements installation completed
2026-04-03 22:25:39 [INFO] Starting local server and installing requirements for backend
2026-04-03 22:25:42 [INFO] Waiting for local server to start...
2026-04-03 22:25:43 [INFO] Server health check successful: Uptime 0,06 seconds, Memory 74,72 MB, PID 28196, Processes 2
2026-04-03 22:25:43 [INFO] Local server started and backend requirements installation complete
2026-04-03 22:25:43 [INFO] Loading Data...
2026-04-03 22:25:43 [INFO] Scanned download folder for new media, found 0 new media items
2026-04-03 22:25:43 [INFO] Application started with 3 listed medias and 3 playable medias | deleted 0 medias
2026-04-03 22:25:43 [INFO] Application started with 1 playlists
2026-04-03 22:25:55 [INFO] Saving Data...
2026-04-03 22:25:55 [INFO] Shutting down local server...
2026-04-03 22:25:55 [INFO] Local server is shutdown
2026-04-03 22:31:51 [INFO] Application initializing...
2026-04-03 22:31:51 [INFO] Installing frontend requirements
2026-04-03 22:31:52 [INFO] Frontend requirements installation completed
2026-04-03 22:31:52 [INFO] Starting local server and installing requirements for backend
2026-04-03 22:31:56 [INFO] Waiting for local server to start...
2026-04-03 22:31:57 [INFO] Server health check successful: Uptime 0,52 seconds, Memory 72,99 MB, PID 21580, Processes 2
2026-04-03 22:31:57 [INFO] Local server started and backend requirements installation complete
2026-04-03 22:31:57 [INFO] Loading Data...
2026-04-03 22:31:57 [INFO] Scanned download folder for new media, found 0 new media items
2026-04-03 22:31:57 [INFO] Application started with 3 listed medias and 3 playable medias | deleted 0 medias
2026-04-03 22:31:57 [INFO] Application started with 1 playlists
2026-04-03 22:32:13 [INFO] Saving Data...
2026-04-03 22:32:13 [INFO] Shutting down local server...
2026-04-03 22:32:13 [INFO] Local server is shutdown
2026-04-03 22:32:52 [INFO] Application initializing...
2026-04-03 22:32:52 [INFO] Installing frontend requirements
2026-04-03 22:32:54 [INFO] Frontend requirements installation completed
2026-04-03 22:32:54 [INFO] Starting local server and installing requirements for backend
2026-04-03 22:32:57 [INFO] Waiting for local server to start...
2026-04-03 22:32:58 [INFO] Server health check successful: Uptime 0,12 seconds, Memory 74,63 MB, PID 10420, Processes 2
2026-04-03 22:32:58 [INFO] Local server started and backend requirements installation complete
2026-04-03 22:32:58 [INFO] Loading Data...
2026-04-03 22:32:58 [INFO] Scanned download folder for new media, found 0 new media items
2026-04-03 22:32:58 [INFO] Application started with 3 listed medias and 3 playable medias | deleted 0 medias
2026-04-03 22:32:58 [INFO] Application started with 1 playlists
2026-04-03 22:33:30 [INFO] Saving Data...
2026-04-03 22:33:30 [INFO] Shutting down local server...
2026-04-03 22:33:30 [INFO] Local server is shutdown
2026-04-03 22:34:23 [INFO] Application initializing...
2026-04-03 22:34:23 [INFO] Installing frontend requirements
2026-04-03 22:34:24 [INFO] Frontend requirements installation completed
2026-04-03 22:34:24 [INFO] Starting local server and installing requirements for backend
2026-04-03 22:34:27 [INFO] Waiting for local server to start...
2026-04-03 22:34:29 [INFO] Server health check successful: Uptime 0,12 seconds, Memory 74,5 MB, PID 2416, Processes 2
2026-04-03 22:34:29 [INFO] Local server started and backend requirements installation complete
2026-04-03 22:34:29 [INFO] Loading Data...
2026-04-03 22:34:29 [INFO] Scanned download folder for new media, found 0 new media items
2026-04-03 22:34:29 [INFO] Application started with 3 listed medias and 3 playable medias | deleted 0 medias
2026-04-03 22:34:29 [INFO] Application started with 1 playlists
2026-04-03 22:34:49 [INFO] Saving Data...
2026-04-03 22:34:49 [INFO] Shutting down local server...
2026-04-03 22:34:49 [INFO] Local server is shutdown
2026-04-03 22:37:29 [INFO] Application initializing...
2026-04-03 22:37:29 [INFO] Installing frontend requirements
2026-04-03 22:37:31 [INFO] Frontend requirements installation completed
2026-04-03 22:37:31 [INFO] Starting local server and installing requirements for backend
2026-04-03 22:37:34 [INFO] Waiting for local server to start...
2026-04-03 22:37:35 [INFO] Server health check successful: Uptime 0,05 seconds, Memory 74,51 MB, PID 31712, Processes 2
2026-04-03 22:37:35 [INFO] Local server started and backend requirements installation complete
2026-04-03 22:37:35 [INFO] Loading Data...
2026-04-03 22:37:35 [INFO] Scanned download folder for new media, found 0 new media items
2026-04-03 22:37:35 [INFO] Application started with 3 listed medias and 3 playable medias | deleted 0 medias
2026-04-03 22:37:35 [INFO] Application started with 1 playlists
2026-04-03 22:37:47 [INFO] Saving Data...
2026-04-03 22:37:47 [INFO] Shutting down local server...
2026-04-03 22:37:47 [INFO] Local server is shutdown
2026-04-03 22:39:19 [INFO] Application initializing...
2026-04-03 22:39:19 [INFO] Installing frontend requirements
2026-04-03 22:39:20 [INFO] Frontend requirements installation completed
2026-04-03 22:39:20 [INFO] Starting local server and installing requirements for backend
2026-04-03 22:39:23 [INFO] Waiting for local server to start...
2026-04-03 22:39:25 [INFO] Server health check successful: Uptime 0,05 seconds, Memory 74,62 MB, PID 6052, Processes 2
2026-04-03 22:39:25 [INFO] Local server started and backend requirements installation complete
2026-04-03 22:39:25 [INFO] Loading Data...
2026-04-03 22:39:25 [INFO] Scanned download folder for new media, found 0 new media items
2026-04-03 22:39:25 [INFO] Application started with 3 listed medias and 3 playable medias | deleted 0 medias
2026-04-03 22:39:25 [INFO] Application started with 1 playlists
2026-04-03 22:39:36 [INFO] Saving Data...
2026-04-03 22:39:36 [INFO] Shutting down local server...
2026-04-03 22:39:36 [INFO] Local server is shutdown
2026-04-03 22:39:50 [INFO] Application initializing...
2026-04-03 22:39:50 [INFO] Installing frontend requirements
2026-04-03 22:39:52 [INFO] Frontend requirements installation completed
2026-04-03 22:39:52 [INFO] Starting local server and installing requirements for backend
2026-04-03 22:39:55 [INFO] Waiting for local server to start...
2026-04-03 22:39:56 [INFO] Server health check successful: Uptime 0,11 seconds, Memory 74,46 MB, PID 2188, Processes 2
2026-04-03 22:39:56 [INFO] Local server started and backend requirements installation complete
2026-04-03 22:39:56 [INFO] Loading Data...
2026-04-03 22:39:56 [INFO] Scanned download folder for new media, found 0 new media items
2026-04-03 22:39:56 [INFO] Application started with 3 listed medias and 3 playable medias | deleted 0 medias
2026-04-03 22:39:56 [INFO] Application started with 1 playlists
2026-04-03 22:40:08 [INFO] Saving Data...
2026-04-03 22:40:08 [INFO] Shutting down local server...
2026-04-03 22:40:08 [INFO] Local server is shutdown
2026-04-03 22:40:19 [INFO] Application initializing...
2026-04-03 22:40:20 [INFO] Installing frontend requirements
2026-04-03 22:40:21 [INFO] Frontend requirements installation completed
2026-04-03 22:40:21 [INFO] Starting local server and installing requirements for backend
2026-04-03 22:40:24 [INFO] Waiting for local server to start...
2026-04-03 22:40:26 [INFO] Server health check successful: Uptime 0,12 seconds, Memory 74,59 MB, PID 10540, Processes 2
2026-04-03 22:40:26 [INFO] Local server started and backend requirements installation complete
2026-04-03 22:40:26 [INFO] Loading Data...
2026-04-03 22:40:26 [INFO] Scanned download folder for new media, found 0 new media items
2026-04-03 22:40:26 [INFO] Application started with 3 listed medias and 3 playable medias | deleted 0 medias
2026-04-03 22:40:26 [INFO] Application started with 1 playlists
2026-04-03 22:41:14 [INFO] Saving Data...
2026-04-03 22:41:14 [INFO] Shutting down local server...
2026-04-03 22:41:14 [INFO] Local server is shutdown
2026-04-03 22:42:19 [INFO] Application initializing...
2026-04-03 22:42:19 [INFO] Installing frontend requirements
2026-04-03 22:42:20 [INFO] Frontend requirements installation completed
2026-04-03 22:42:20 [INFO] Starting local server and installing requirements for backend
2026-04-03 22:42:23 [INFO] Waiting for local server to start...
2026-04-03 22:42:25 [INFO] Server health check successful: Uptime 0,43 seconds, Memory 72,93 MB, PID 10360, Processes 2
2026-04-03 22:42:25 [INFO] Local server started and backend requirements installation complete
2026-04-03 22:42:25 [INFO] Loading Data...
2026-04-03 22:42:25 [INFO] Scanned download folder for new media, found 0 new media items
2026-04-03 22:42:25 [INFO] Application started with 3 listed medias and 3 playable medias | deleted 0 medias
2026-04-03 22:42:25 [INFO] Application started with 1 playlists
2026-04-03 22:42:53 [INFO] Application initializing...
2026-04-03 22:42:53 [INFO] Installing frontend requirements
2026-04-03 22:42:55 [INFO] Frontend requirements installation completed
2026-04-03 22:42:55 [INFO] Starting local server and installing requirements for backend
2026-04-03 22:42:56 [INFO] Server health check successful: Uptime 31,27 seconds, Memory 72,71 MB, PID 10360, Processes 2
2026-04-03 22:42:56 [INFO] Local server started and backend requirements installation complete
2026-04-03 22:42:56 [INFO] Loading Data...
2026-04-03 22:42:56 [INFO] Scanned download folder for new media, found 0 new media items
2026-04-03 22:42:56 [INFO] Application started with 3 listed medias and 3 playable medias | deleted 0 medias
2026-04-03 22:42:56 [INFO] Application started with 1 playlists
2026-04-03 22:43:12 [INFO] Saving Data...
2026-04-03 22:43:12 [INFO] Shutting down local server...
2026-04-03 22:43:12 [INFO] Local server is shutdown
2026-04-03 22:43:26 [INFO] Application initializing...
2026-04-03 22:43:26 [INFO] Installing frontend requirements
2026-04-03 22:43:28 [INFO] Frontend requirements installation completed
2026-04-03 22:43:28 [INFO] Starting local server and installing requirements for backend
2026-04-03 22:43:31 [INFO] Waiting for local server to start...
2026-04-03 22:43:32 [INFO] Server health check successful: Uptime 0,13 seconds, Memory 74,84 MB, PID 16944, Processes 2
2026-04-03 22:43:32 [INFO] Local server started and backend requirements installation complete
2026-04-03 22:43:32 [INFO] Loading Data...
2026-04-03 22:43:32 [INFO] Scanned download folder for new media, found 0 new media items
2026-04-03 22:43:32 [INFO] Application started with 3 listed medias and 3 playable medias | deleted 0 medias
2026-04-03 22:43:32 [INFO] Application started with 1 playlists
2026-04-03 22:43:40 [INFO] Saving Data...
2026-04-03 22:43:40 [INFO] Shutting down local server...
2026-04-03 22:43:40 [INFO] Local server is shutdown
2026-04-03 22:44:15 [INFO] Application initializing...
2026-04-03 22:44:15 [INFO] Installing frontend requirements
2026-04-03 22:44:17 [INFO] Frontend requirements installation completed
2026-04-03 22:44:17 [INFO] Starting local server and installing requirements for backend
2026-04-03 22:44:20 [INFO] Waiting for local server to start...
2026-04-03 22:44:21 [INFO] Server health check successful: Uptime 0,12 seconds, Memory 74,8 MB, PID 26040, Processes 2
2026-04-03 22:44:21 [INFO] Local server started and backend requirements installation complete
2026-04-03 22:44:21 [INFO] Loading Data...
2026-04-03 22:44:21 [INFO] Scanned download folder for new media, found 0 new media items
2026-04-03 22:44:21 [INFO] Application started with 3 listed medias and 3 playable medias | deleted 0 medias
2026-04-03 22:44:21 [INFO] Application started with 1 playlists
2026-04-03 22:44:30 [INFO] Saving Data...
2026-04-03 22:44:30 [INFO] Shutting down local server...
2026-04-03 22:44:30 [INFO] Local server is shutdown
2026-04-03 22:45:03 [INFO] Application initializing...
2026-04-03 22:45:03 [INFO] Installing frontend requirements
2026-04-03 22:45:05 [INFO] Frontend requirements installation completed
2026-04-03 22:45:05 [INFO] Starting local server and installing requirements for backend
2026-04-03 22:45:08 [INFO] Waiting for local server to start...
2026-04-03 22:45:09 [INFO] Server health check successful: Uptime 0,15 seconds, Memory 74,5 MB, PID 19700, Processes 2
2026-04-03 22:45:09 [INFO] Local server started and backend requirements installation complete
2026-04-03 22:45:09 [INFO] Loading Data...
2026-04-03 22:45:09 [INFO] Scanned download folder for new media, found 0 new media items
2026-04-03 22:45:09 [INFO] Application started with 3 listed medias and 3 playable medias | deleted 0 medias
2026-04-03 22:45:09 [INFO] Application started with 1 playlists
2026-04-03 22:46:20 [INFO] Playing file: C:\Users\brand\RiderProjects\PyScrapper\Downloads\kdl.mp3
2026-04-03 22:47:19 [INFO] Playing file: C:\Users\brand\RiderProjects\PyScrapper\Downloads\kdl.mp3
2026-04-03 22:47:41 [INFO] Saving Data...
2026-04-03 22:47:41 [INFO] Shutting down local server...
2026-04-03 22:47:41 [INFO] Local server is shutdown
2026-04-03 22:57:06 [INFO] Application initializing...
2026-04-03 22:57:06 [INFO] Installing frontend requirements
2026-04-03 22:57:08 [INFO] Frontend requirements installation completed
2026-04-03 22:57:08 [INFO] Starting local server and installing requirements for backend
2026-04-03 22:57:11 [INFO] Waiting for local server to start...
2026-04-03 22:57:12 [INFO] Server health check successful: Uptime 0,11 seconds, Memory 74,38 MB, PID 13528, Processes 2
2026-04-03 22:57:12 [INFO] Local server started and backend requirements installation complete
2026-04-03 22:57:12 [INFO] Loading Data...
2026-04-03 22:57:12 [INFO] Scanned download folder for new media, found 0 new media items
2026-04-03 22:57:12 [INFO] Application started with 3 listed medias and 3 playable medias | deleted 0 medias
2026-04-03 22:57:12 [INFO] Application started with 1 playlists
2026-04-03 22:57:44 [INFO] Loaded playlist 'Greeeen' with 2 playable tracks
2026-04-03 22:57:44 [INFO] Playing file: C:\Users\brand\RiderProjects\PyScrapper\Downloads\kdl.mp3
2026-04-03 22:57:52 [INFO] Server health check successful: Uptime 40,24 seconds, Memory 72,57 MB, PID 13528, Processes 2
2026-04-03 22:58:10 [INFO] Server health check successful: Uptime 58,25 seconds, Memory 72,83 MB, PID 13528, Processes 2
2026-04-03 22:58:19 [INFO] Server health check successful: Uptime 66,73 seconds, Memory 72,94 MB, PID 13528, Processes 2
2026-04-03 22:58:28 [INFO] Playing file: C:\Users\brand\RiderProjects\PyScrapper\Downloads\VanillaSky.mp3
2026-04-03 22:58:29 [INFO] Playing file: C:\Users\brand\RiderProjects\PyScrapper\Downloads\kdl.mp3
2026-04-03 22:58:31 [INFO] Playlist shuffled
2026-04-03 22:58:32 [INFO] Playing file: C:\Users\brand\RiderProjects\PyScrapper\Downloads\VanillaSky.mp3
2026-04-03 22:58:33 [INFO] Playing file: C:\Users\brand\RiderProjects\PyScrapper\Downloads\kdl.mp3
2026-04-03 22:58:34 [INFO] Playing file: C:\Users\brand\RiderProjects\PyScrapper\Downloads\VanillaSky.mp3
2026-04-03 22:58:35 [INFO] Playing file: C:\Users\brand\RiderProjects\PyScrapper\Downloads\kdl.mp3
2026-04-03 22:58:38 [INFO] Playing file: C:\Users\brand\RiderProjects\PyScrapper\Downloads\VanillaSky.mp3
2026-04-03 22:58:40 [INFO] Playing file: C:\Users\brand\RiderProjects\PyScrapper\Downloads\kdl.mp3
2026-04-03 22:58:40 [INFO] Playing file: C:\Users\brand\RiderProjects\PyScrapper\Downloads\VanillaSky.mp3
2026-04-03 22:58:41 [INFO] Playing file: C:\Users\brand\RiderProjects\PyScrapper\Downloads\kdl.mp3
2026-04-03 22:58:45 [INFO] Server health check successful: Uptime 93,26 seconds, Memory 73,31 MB, PID 13528, Processes 2
2026-04-03 22:59:12 [INFO] Server health check successful: Uptime 119,78 seconds, Memory 72,77 MB, PID 13528, Processes 2
2026-04-03 22:59:38 [INFO] Server health check successful: Uptime 146,32 seconds, Memory 73,07 MB, PID 13528, Processes 2
2026-04-03 23:00:05 [INFO] Server health check successful: Uptime 172,83 seconds, Memory 73,44 MB, PID 13528, Processes 2
2026-04-03 23:00:31 [INFO] Server health check successful: Uptime 199,38 seconds, Memory 73,8 MB, PID 13528, Processes 2
2026-04-03 23:00:58 [INFO] Server health check successful: Uptime 225,92 seconds, Memory 72,91 MB, PID 13528, Processes 2
2026-04-03 23:01:24 [INFO] Server health check successful: Uptime 252,43 seconds, Memory 73,23 MB, PID 13528, Processes 2
2026-04-03 23:01:37 [INFO] Playing file: C:\Users\brand\RiderProjects\PyScrapper\Downloads\VanillaSky.mp3
2026-04-03 23:01:51 [INFO] Server health check successful: Uptime 278,95 seconds, Memory 73,51 MB, PID 13528, Processes 2
2026-04-03 23:02:18 [INFO] Server health check successful: Uptime 305,49 seconds, Memory 74,24 MB, PID 13528, Processes 2
2026-04-03 23:02:44 [INFO] Server health check successful: Uptime 332,03 seconds, Memory 74,61 MB, PID 13528, Processes 2
2026-04-03 23:03:11 [INFO] Server health check successful: Uptime 358,66 seconds, Memory 73,48 MB, PID 13528, Processes 2
2026-04-03 23:03:37 [INFO] Server health check successful: Uptime 385,2 seconds, Memory 73,82 MB, PID 13528, Processes 2
2026-04-03 23:04:04 [INFO] Server health check successful: Uptime 411,7 seconds, Memory 74,18 MB, PID 13528, Processes 2
2026-04-03 23:04:30 [INFO] Server health check successful: Uptime 438,21 seconds, Memory 74,46 MB, PID 13528, Processes 2
2026-04-03 23:04:57 [INFO] Server health check successful: Uptime 464,75 seconds, Memory 74,8 MB, PID 13528, Processes 2
2026-04-03 23:05:23 [INFO] Server health check successful: Uptime 491,25 seconds, Memory 73,58 MB, PID 13528, Processes 2
2026-04-03 23:05:23 [INFO] Playing file: C:\Users\brand\RiderProjects\PyScrapper\Downloads\kdl.mp3
2026-04-03 23:05:50 [INFO] Server health check successful: Uptime 517,81 seconds, Memory 73,9 MB, PID 13528, Processes 2
2026-04-03 23:06:17 [INFO] Server health check successful: Uptime 544,58 seconds, Memory 74,25 MB, PID 13528, Processes 2
2026-04-03 23:06:45 [INFO] Saving Data...
2026-04-03 23:06:45 [INFO] Shutting down local server...
2026-04-03 23:06:45 [INFO] Local server is shutdown
2026-04-06 12:48:39 [INFO] Application initializing...
2026-04-06 12:48:40 [INFO] Checking if server is already running...
2026-04-06 12:48:42 [INFO] Creating Python virtual environment...
2026-04-06 12:48:46 [INFO] Upgrading pip...
2026-04-06 12:48:50 [INFO] Installing Python requirements...
2026-04-06 12:49:09 [INFO] Installing Playwright browsers...
2026-04-06 12:49:13 [INFO] Restoring .NET packages...
2026-04-06 12:49:14 [INFO] Starting local server...
2026-04-06 12:49:14 [INFO] Waiting for server to respond...
2026-04-06 12:49:15 [INFO] Server started successfully
2026-04-06 12:49:15 [INFO] Launcher completed successfully, loading application data...
2026-04-06 12:49:15 [INFO] Loading Data...
2026-04-06 12:49:16 [INFO] Scanned download folder for new media, found 0 new media items
2026-04-06 12:49:16 [INFO] Application started with 3 listed medias and 3 playable medias | deleted 0 medias
2026-04-06 12:49:16 [INFO] Application started with 2 playlists
2026-04-06 12:49:20 [INFO] Saving Data...
2026-04-06 12:49:20 [INFO] Shutting down local server...
2026-04-06 12:49:20 [INFO] Local server is shutdown
2026-04-06 12:50:11 [INFO] Application initializing...
2026-04-06 12:50:11 [INFO] Checking if server is already running...
2026-04-06 12:50:13 [INFO] Restoring .NET packages...
2026-04-06 12:50:14 [INFO] Starting local server...
2026-04-06 12:50:14 [INFO] Waiting for server to respond...
2026-04-06 12:50:15 [INFO] Launcher was cancelled by the user
2026-04-06 12:51:07 [INFO] Application initializing...
2026-04-06 12:51:07 [INFO] Checking if server is already running...
2026-04-06 12:51:08 [INFO] Server is already running, skipping startup sequence
2026-04-06 12:51:08 [INFO] Launcher completed successfully, loading application data...
2026-04-06 12:51:08 [INFO] Loading Data...
2026-04-06 12:51:08 [INFO] Scanned download folder for new media, found 0 new media items
2026-04-06 12:51:08 [INFO] Application started with 3 listed medias and 3 playable medias | deleted 0 medias
2026-04-06 12:51:08 [INFO] Application started with 2 playlists
2026-04-06 12:51:12 [INFO] Saving Data...
2026-04-06 12:51:12 [INFO] Shutting down local server...
2026-04-06 12:51:12 [INFO] Local server is shutdown
2026-04-06 12:53:43 [INFO] Application initializing...
2026-04-06 12:53:43 [INFO] Checking if server is already running...
2026-04-06 12:53:45 [INFO] Restoring .NET packages...
2026-04-06 12:53:46 [INFO] Starting local server...
2026-04-06 12:53:46 [INFO] Waiting for server to respond...
2026-04-06 12:53:47 [INFO] Server started successfully
2026-04-06 12:53:48 [INFO] Launcher completed successfully, loading application data...
2026-04-06 12:53:48 [INFO] Loading Data...
2026-04-06 12:53:48 [INFO] Scanned download folder for new media, found 0 new media items
2026-04-06 12:53:48 [INFO] Application started with 3 listed medias and 3 playable medias | deleted 0 medias
2026-04-06 12:53:48 [INFO] Application started with 2 playlists
2026-04-06 12:54:09 [INFO] Saving Data...
2026-04-06 12:54:09 [INFO] Shutting down local server...
2026-04-06 12:54:09 [INFO] Local server is shutdown
